target,model,samples_total,samples_train,samples_test,accuracy,f1,precision,recall,log_loss,brier,roc_auc
q3,logreg,1603,1282,321,0.691589,0.733154,0.743169,0.723404,0.584916,0.194337,0.769677
q3,rf,1603,1282,321,0.685358,0.74813,0.704225,0.797872,0.619194,0.214442,0.709486
q3,gb,1603,1282,321,0.707165,0.763819,0.72381,0.808511,0.584773,0.199029,0.744121
q3,ensemble_avg_prob,1603,1282,321,0.71028,0.760925,0.736318,0.787234,0.572071,0.192822,0.764238
