target,model,samples_total,samples_train,samples_test,accuracy,f1,precision,recall,log_loss,brier,roc_auc
q3,logreg,4220,3376,844,0.71564,0.749478,0.715139,0.787281,0.554448,0.189001,0.789971
q3,rf,4220,3376,844,0.659953,0.717241,0.651163,0.798246,0.611427,0.211491,0.727652
q3,gb,4220,3376,844,0.704976,0.746694,0.696395,0.804825,0.572496,0.194041,0.771834
q3,ensemble_avg_prob,4220,3376,844,0.71327,0.753564,0.703422,0.811404,0.562597,0.190655,0.78121
