target,model,samples_total,samples_train,samples_test,accuracy,f1,precision,recall,log_loss,brier,roc_auc
q3,logreg,4474,3579,895,0.718436,0.749503,0.705993,0.798729,0.544039,0.185748,0.799074
q3,rf,4474,3579,895,0.669274,0.722846,0.647651,0.817797,0.607316,0.209547,0.74133
q3,gb,4474,3579,895,0.705028,0.74269,0.687726,0.807203,0.561342,0.189785,0.786783
q3,ensemble_avg_prob,4474,3579,895,0.724022,0.759494,0.702703,0.826271,0.555337,0.187623,0.79383
