target,model,samples_total,samples_train,samples_test,accuracy,f1,precision,recall,log_loss,brier,roc_auc
q4,logreg,4453,3562,891,0.766554,0.792829,0.778865,0.807302,0.468988,0.156348,0.85261
q4,rf,4453,3562,891,0.73064,0.770115,0.729583,0.815416,0.566211,0.19077,0.806268
q4,gb,4453,3562,891,0.756453,0.785361,0.766409,0.805274,0.495917,0.163594,0.83837
q4,ensemble_avg_prob,4453,3562,891,0.76431,0.794922,0.766478,0.825558,0.488447,0.159648,0.852911
