target,model,samples_total,samples_train,samples_test,accuracy,f1,precision,recall,log_loss,brier,roc_auc
q4,logreg,1586,1268,318,0.748428,0.798995,0.729358,0.883333,0.52017,0.17407,0.82194
q4,rf,1586,1268,318,0.641509,0.717822,0.647321,0.805556,0.638569,0.224111,0.67339
q4,gb,1586,1268,318,0.688679,0.745501,0.69378,0.805556,0.591882,0.202052,0.747665
q4,ensemble_avg_prob,1586,1268,318,0.713836,0.773067,0.701357,0.861111,0.550573,0.185883,0.786232
