target,model,samples_total,samples_train,samples_test,accuracy,f1,precision,recall,log_loss,brier,roc_auc
q4,logreg,4205,3364,841,0.756243,0.78489,0.766393,0.804301,0.478021,0.15961,0.84698
q4,rf,4205,3364,841,0.724138,0.767068,0.719397,0.821505,0.567615,0.191403,0.806377
q4,gb,4205,3364,841,0.751486,0.7852,0.751969,0.821505,0.501424,0.165402,0.83617
q4,ensemble_avg_prob,4205,3364,841,0.757432,0.790984,0.755382,0.830108,0.49268,0.161288,0.852082
