target,model,samples_total,samples_train,samples_test,accuracy,f1,precision,recall,log_loss,brier,roc_auc
q3,logreg,4609,3687,922,0.706074,0.738669,0.693841,0.789691,0.531116,0.180778,0.805714
q3,gb,4609,3687,922,0.706074,0.736638,0.696691,0.781443,0.563203,0.191568,0.781306
q3,ensemble_avg_prob,4609,3687,922,0.710412,0.74153,0.698905,0.789691,0.541513,0.183856,0.798924
q3,ensemble_weighted,4609,3687,922,0.713666,0.745174,0.700544,0.795876,0.54676,0.185683,0.794857
