target,model,samples_total,samples_train,samples_test,accuracy,f1,precision,recall,log_loss,brier,roc_auc
q4,logreg,4596,3676,920,0.761957,0.786758,0.775432,0.798419,0.456993,0.152386,0.858567
q4,gb,4596,3676,920,0.741304,0.776735,0.739286,0.818182,0.512293,0.171574,0.819795
q4,ensemble_avg_prob,4596,3676,920,0.756522,0.785441,0.762082,0.810277,0.473096,0.15762,0.847425
q4,ensemble_weighted,4596,3676,920,0.756522,0.785441,0.762082,0.810277,0.473096,0.15762,0.847425
