{
  "q3_total": {
    "n": 16400,
    "mean": 79.60646341463415,
    "median": 79.0,
    "min": 0,
    "max": 171,
    "p33": 72.0,
    "p66": 85.0
  },
  "q4_total": {
    "n": 16394,
    "mean": 118.9859094790777,
    "median": 117.0,
    "min": 0,
    "max": 240,
    "p33": 108.0,
    "p66": 126.0
  },
  "by_gender": {
    "men": {
      "q3": {
        "n": 13064,
        "mean": 82.651638089406,
        "p33": 75.0,
        "p66": 88.0
      },
      "q4": {
        "n": 13059,
        "mean": 123.35316639865228,
        "p33": 113.0,
        "p66": 130.0
      }
    },
    "women": {
      "q3": {
        "n": 3336,
        "mean": 67.68135491606715,
        "p33": 62.0,
        "p66": 73.0
      },
      "q4": {
        "n": 3335,
        "mean": 101.8848575712144,
        "p33": 94.0,
        "p66": 109.0
      }
    }
  }
}