target,model,samples_total,samples_train,samples_test,accuracy,f1,precision,recall,log_loss,brier,roc_auc
q3,xgb,17830,14264,3566,0.711441,0.738101,0.718177,0.759162,0.547822,0.185502,0.791508
q3,hist_gb,17830,14264,3566,0.712563,0.738053,0.720919,0.756021,0.549784,0.186404,0.789093
q3,mlp,17830,14264,3566,0.672182,0.698789,0.687976,0.709948,1.166737,0.25912,0.718807
q3,ensemble_avg_prob,17830,14264,3566,0.696018,0.721193,0.708797,0.734031,0.558378,0.190533,0.783671
