target,model,samples_total,samples_train,samples_test,accuracy,f1,precision,recall,log_loss,brier,roc_auc
q3,xgb,4609,3687,922,0.698482,0.73166,0.68784,0.781443,0.574206,0.195615,0.775965
q3,hist_gb,4609,3687,922,0.698482,0.733205,0.685817,0.787629,0.586132,0.198973,0.771818
q3,mlp,4609,3687,922,0.660521,0.691017,0.662879,0.721649,1.168952,0.277168,0.716011
q3,ensemble_avg_prob,4609,3687,922,0.699566,0.729756,0.692593,0.771134,0.593498,0.202248,0.768468
