target,model,samples_total,samples_train,samples_test,accuracy,f1,precision,recall,log_loss,brier,roc_auc
q3,xgb,6384,5107,1277,0.706343,0.730797,0.688769,0.778287,0.55957,0.190182,0.787393
q3,hist_gb,6384,5107,1277,0.708692,0.729651,0.695291,0.767584,0.568224,0.193474,0.784045
q3,mlp,6384,5107,1277,0.663273,0.683824,0.65864,0.711009,1.000202,0.263096,0.72333
q3,ensemble_avg_prob,6384,5107,1277,0.689898,0.712627,0.678177,0.750765,0.5806,0.198291,0.775571
