target,model,samples_total,samples_train,samples_test,accuracy,f1,precision,recall,log_loss,brier,roc_auc
q4,xgb,17846,14276,3570,0.756303,0.769475,0.759017,0.780226,0.491324,0.163636,0.839732
q4,hist_gb,17846,14276,3570,0.746218,0.762205,0.744997,0.780226,0.495224,0.165273,0.836139
q4,mlp,17846,14276,3570,0.752661,0.766464,0.754687,0.778614,0.633102,0.184064,0.825815
q4,ensemble_avg_prob,17846,14276,3570,0.763025,0.775358,0.766404,0.784524,0.477951,0.159148,0.848507
