target,model,samples_total,samples_train,samples_test,accuracy,f1,precision,recall,log_loss,brier,roc_auc
q4,xgb,4596,3676,920,0.745652,0.779661,0.744604,0.818182,0.512054,0.1715,0.821948
q4,hist_gb,4596,3676,920,0.754348,0.786792,0.752708,0.824111,0.506158,0.168258,0.830273
q4,mlp,4596,3676,920,0.691304,0.691304,0.768116,0.628458,0.752787,0.226689,0.782232
q4,ensemble_avg_prob,4596,3676,920,0.75,0.770916,0.777108,0.764822,0.497163,0.167561,0.830689
