target,model,samples_total,samples_train,samples_test,accuracy,f1,precision,recall,log_loss,brier,roc_auc
q4,xgb,6393,5114,1279,0.741986,0.76361,0.750704,0.776968,0.499627,0.166691,0.831951
q4,hist_gb,6393,5114,1279,0.752932,0.772334,0.763533,0.781341,0.511117,0.169109,0.829343
q4,mlp,6393,5114,1279,0.70993,0.747447,0.701149,0.800292,0.777889,0.217405,0.795363
q4,ensemble_avg_prob,6393,5114,1279,0.74355,0.77095,0.739946,0.804665,0.501982,0.167097,0.833224
