match_id,league,qmin,y_true,m27_pred,m27_correct,m27_prob,m30_pred,m30_correct,m30_prob,pbp_q1,pbp_q2,pbp_q3,pbp_total,gp_upto,score_total,score_diff_mag,pbp_density,pts_per_pbp,last5_gp,lead_changes,home_prior_wr,away_prior_wr,prior_wr_diff_mag,_bin
14967103,China CBA,10,0,0,1,0.3394,0,1,0.4125,27,32,31,100,27,151,9,3.7,1.51,6,0,0.5,0.5,0.0,3
15180644,Indonesian Basketball League,10,1,1,1,0.5832,1,1,0.6427,23,26,28,97,27,111,9,3.59,1.14,6,0,0.5,0.5,0.0,2
15346635,"NBL1, West",10,0,1,0,0.5785,1,0,0.5865,35,30,31,100,27,134,2,3.7,1.34,6,0,0.5,0.5,0.0,2
15927487,"FSHB Superliga, K.K.M 2025-26",10,0,1,0,0.5194,1,0,0.5698,28,28,19,87,27,127,5,3.22,1.46,6,0,0.5,0.5,0.0,2
15927488,"FSHB Superliga, K.K.M 2025-26",10,1,1,1,0.6831,1,1,0.7289,25,27,28,90,27,125,35,3.33,1.39,6,0,0.5,0.5,0.0,2
15941349,"Azerbaijan Basketball League, PLAY-IN",10,1,1,1,0.5865,1,1,0.6321,36,32,37,119,27,155,19,4.41,1.3,6,0,0.5,0.5,0.0,3
15945955,"EYBL U16, CHALLENGE CUP",10,0,1,0,0.56,1,0,0.62,28,19,27,82,27,99,7,3.04,1.21,6,0,0.5,0.5,0.0,1
14195109,"SLB, Women",10,1,1,1,0.6051,0,0,0.2561,29,19,24,81,27,108,38,3.0,1.33,6,0,0.5,0.5,0.0,2
14500903,Turkish Basketball Super League,10,1,1,1,0.6124,1,1,0.5453,24,26,21,78,27,111,9,2.89,1.42,6,0,0.5,0.5,0.0,2
15305925,Superleague,10,1,1,1,0.6808,1,1,0.6288,25,25,29,92,27,120,40,3.41,1.3,6,0,0.5,0.5,0.0,2
15909340,"FBU Superleague, Playoffs",10,1,1,1,0.7089,1,1,0.5739,25,23,18,75,27,99,3,2.78,1.32,6,0,0.5,0.5,0.0,1
15915584,"Austrian Women's Basketball Bundesliga, Playoffs",10,1,1,1,0.7128,1,1,0.6611,22,25,17,73,27,105,13,2.7,1.44,6,0,0.5,0.5,0.0,2
15937003,"Rwanda Basketball League Women, Regular Season",10,0,0,1,0.3534,0,1,0.478,28,29,30,97,27,114,4,3.59,1.18,6,0,0.5,0.5,0.0,2
14630278,Meridianbet KLS,10,1,0,0,0.4981,1,1,0.6211,27,22,28,88,27,111,3,3.26,1.26,6,0,0.5,0.5,0.0,2
14758614,Stoiximan GBL,10,0,1,0,0.5273,1,0,0.5633,28,24,24,86,27,113,9,3.19,1.31,6,0,0.5,0.5,0.0,2
14758615,Stoiximan GBL,10,0,1,0,0.5752,1,0,0.5214,27,28,27,90,27,114,22,3.33,1.27,6,0,0.5,0.5,0.0,2
14758617,Stoiximan GBL,10,0,0,1,0.489,1,0,0.5369,32,28,28,99,27,122,12,3.67,1.23,6,0,0.5,0.5,0.0,2
15402634,"NBL, Championship Round",10,0,1,0,0.6475,1,0,0.5108,27,28,31,96,27,110,6,3.56,1.15,6,0,0.5,0.5,0.0,2
15857132,"NKL, Playoffs",10,0,0,1,0.4684,0,1,0.4158,26,27,29,118,27,112,6,4.37,0.95,6,0,0.5,0.5,0.0,2
15897716,"Africa League, Group Kalahari",10,1,1,1,0.7131,1,1,0.6203,21,30,32,96,27,120,8,3.56,1.25,6,0,0.5,0.5,0.0,2
15909338,"FBU Superleague, Playoffs",10,1,0,0,0.4566,1,1,0.5174,27,31,28,93,27,115,13,3.44,1.24,6,0,0.5,0.5,0.0,2
15924779,"EYBL U15, CHALLENGE CUP",10,0,0,1,0.3091,1,0,0.5267,22,24,24,83,27,102,0,3.07,1.23,6,0,0.5,0.5,0.0,2
15936400,"EGBL U19, Superfinal",10,0,0,1,0.4833,0,1,0.454,11,21,13,49,27,67,1,1.81,1.37,6,0,0.5,0.5,0.0,1
15943716,"EYBL U17, SUPERFINAL - 02./05.04.2026 - Warsaw, Poland",10,0,1,0,0.6783,1,0,0.5489,26,27,32,94,27,111,1,3.48,1.18,6,0,0.5,0.5,0.0,2
15660960,"Campeonato Nacional da 1ª Divisao Feminina, 2ª Fase - Grupo Manutenção Sul",10,0,0,1,0.4791,1,0,0.547,20,26,16,73,27,100,14,2.7,1.37,6,0,0.5,0.5,0.0,1
14128958,Polish Basketball League,10,1,1,1,0.6029,1,1,0.5548,31,24,26,87,27,114,22,3.22,1.31,6,0,0.5,0.5,0.0,2
14428865,Betsafe-LKL,10,0,0,1,0.3332,0,1,0.431,26,29,27,90,27,121,9,3.33,1.34,6,0,0.5,0.5,0.0,2
14554289,U21 Espoirs Elite,10,1,0,0,0.3216,0,0,0.4243,15,34,31,87,27,96,4,3.22,1.1,6,0,0.5,0.5,0.0,1
14602697,Portugal LBP,10,0,1,0,0.5696,0,1,0.3592,28,41,23,104,27,165,23,3.85,1.59,6,0,0.5,0.5,0.0,3
14624153,Meridianbet KLS,10,0,0,1,0.4854,1,0,0.6448,27,29,33,115,27,123,3,4.26,1.07,6,0,0.5,0.5,0.0,2
15203001,Brazil NBB,10,0,1,0,0.5412,1,0,0.5941,33,32,29,106,27,143,17,3.93,1.35,6,0,0.5,0.5,0.0,2
15366289,"Portugal Proliga, Relegation Round",10,1,1,1,0.6033,1,1,0.6455,27,29,18,86,27,109,1,3.19,1.27,6,0,0.5,0.5,0.0,2
15660962,"Campeonato Nacional da 1ª Divisao Feminina, 2ª Fase - Grupo Promoção",10,0,0,1,0.4837,1,0,0.5784,25,13,18,70,27,82,14,2.59,1.17,6,0,0.5,0.5,0.0,1
15859258,"Cup, Women",10,0,1,0,0.6123,1,0,0.6313,25,19,24,74,27,87,13,2.74,1.18,6,0,0.5,0.5,0.0,1
15899094,"1. SKL, Women, Playoffs",10,1,1,1,0.6157,1,1,0.6612,17,22,26,73,27,91,1,2.7,1.25,6,0,0.5,0.5,0.0,1
15908401,"Premier League, Women, Playoffs",10,0,0,1,0.2864,1,0,0.5174,20,23,23,75,27,95,5,2.78,1.27,6,0,0.5,0.5,0.0,1
15909339,"FBU Superleague, Playoffs",10,0,1,0,0.5249,1,0,0.6344,24,26,23,81,27,102,6,3.0,1.26,6,0,0.5,0.5,0.0,2
15917640,"Korisliiga, Playoffs",10,1,1,1,0.6609,1,1,0.5149,19,31,23,85,27,105,1,3.15,1.24,6,0,0.5,0.5,0.0,2
15927486,"FSHB Superliga, K.K.M 2025-26",10,1,1,1,0.6574,1,1,0.5439,28,38,28,113,27,142,0,4.19,1.26,6,0,0.5,0.5,0.0,2
15934429,"1. Division B, Playoffs",10,0,0,1,0.2465,1,0,0.5268,28,29,29,97,27,134,22,3.59,1.38,6,0,0.5,0.5,0.0,2
15935779,"1. Division B, Playoffs",10,0,0,1,0.4824,1,0,0.5179,26,29,31,92,27,122,18,3.41,1.33,6,0,0.5,0.5,0.0,2
15945952,"EYBL U16, CHALLENGE CUP",10,0,0,1,0.3997,1,0,0.5425,21,19,22,76,27,87,7,2.81,1.14,6,0,0.5,0.5,0.0,1
14220536,Liga Femenina,10,1,0,0,0.3826,0,0,0.3118,18,24,20,69,27,98,6,2.56,1.42,6,0,0.5,0.5,0.0,1
15265294,Argentina Liga Nacional,10,0,1,0,0.6924,1,0,0.5197,33,27,24,95,27,117,5,3.52,1.23,6,0,0.5,0.5,0.0,2
15665854,Bulgaria NBL,10,1,0,0,0.3994,1,1,0.5436,23,36,26,99,27,135,3,3.67,1.36,6,0,0.5,0.5,0.0,2
15936401,"EGBL U19, Superfinal",10,1,1,1,0.6122,1,1,0.6301,19,25,24,80,27,94,6,2.96,1.18,6,0,0.5,0.5,0.0,1
14195110,"SLB, Women",10,1,0,0,0.4446,0,0,0.4602,22,23,17,79,27,101,11,2.93,1.28,6,0,0.5,0.5,0.0,2
14374303,Hungary NB 1.A,10,1,1,1,0.584,1,1,0.5068,33,26,23,91,27,121,1,3.37,1.33,6,0,0.5,0.5,0.0,2
14500899,Turkish Basketball Super League,10,0,0,1,0.1716,0,1,0.4217,26,23,26,83,27,105,19,3.07,1.27,6,0,0.5,0.5,0.0,2
14554285,U21 Espoirs Elite,10,0,1,0,0.6493,1,0,0.601,26,24,26,84,27,103,19,3.11,1.23,6,0,0.5,0.5,0.0,2
14602699,Portugal LBP,10,1,0,0,0.3956,0,0,0.3962,22,25,18,76,27,97,13,2.81,1.28,6,0,0.5,0.5,0.0,1
14624155,Meridianbet KLS,10,1,1,1,0.5495,1,1,0.6408,32,30,29,107,27,134,6,3.96,1.25,6,0,0.5,0.5,0.0,2
14624158,Meridianbet KLS,10,0,0,1,0.4613,1,0,0.6217,34,36,28,113,27,124,8,4.19,1.1,6,0,0.5,0.5,0.0,2
14706479,1st Division,10,0,1,0,0.5276,0,1,0.3918,24,17,22,70,27,96,4,2.59,1.37,6,0,0.5,0.5,0.0,1
14821252,Princ Caffe Superliga,10,0,0,1,0.2903,1,0,0.549,23,27,28,91,27,120,4,3.37,1.32,6,0,0.5,0.5,0.0,2
14902184,I A MCKL,10,0,0,1,0.4174,0,1,0.4684,29,22,24,83,27,108,22,3.07,1.3,6,0,0.5,0.5,0.0,2
14902188,I A MCKL,10,1,1,1,0.7254,1,1,0.5616,24,20,20,75,27,95,23,2.78,1.27,6,0,0.5,0.5,0.0,1
14902196,I A MCKL,10,1,1,1,0.5553,1,1,0.6211,25,28,28,109,27,123,5,4.04,1.13,6,0,0.5,0.5,0.0,2
15663080,Sparkasse Prva Liga Zeni,10,1,1,1,0.7072,1,1,0.5131,29,18,24,81,27,98,22,3.0,1.21,6,0,0.5,0.5,0.0,1
15665853,Bulgaria NBL,10,1,0,0,0.4361,0,0,0.4705,28,23,27,85,27,109,9,3.15,1.28,6,0,0.5,0.5,0.0,2
15857133,"NKL, Playoffs",10,1,1,1,0.8033,1,1,0.6172,28,36,30,106,27,123,3,3.93,1.16,6,0,0.5,0.5,0.0,2
15865993,"Portugal LFB Women, Playoffs",10,0,1,0,0.5514,1,0,0.5576,26,21,22,84,27,89,5,3.11,1.06,6,0,0.5,0.5,0.0,1
15921109,"LNB, Women, Playoffs",10,0,0,1,0.3265,1,0,0.6241,29,18,22,75,27,89,7,2.78,1.19,6,0,0.5,0.5,0.0,1
15922589,"EYBL U15, CHALLENGE CUP",10,0,1,0,0.5216,0,1,0.4751,21,20,18,69,27,80,22,2.56,1.16,6,0,0.5,0.5,0.0,1
15944259,"EYBL U17, SUPERFINAL - 02./05.04.2026 - Warsaw, Poland",10,1,1,1,0.6821,1,1,0.5643,20,18,24,75,27,76,8,2.78,1.01,6,0,0.5,0.5,0.0,1
14758616,Stoiximan GBL,10,1,1,1,0.69,1,1,0.5359,28,27,28,97,27,122,10,3.59,1.26,6,0,0.5,0.5,0.0,2
14758619,Stoiximan GBL,10,1,0,0,0.3317,0,0,0.2672,21,26,22,79,27,103,43,2.93,1.3,6,0,0.5,0.5,0.0,2
14128962,Polish Basketball League,10,0,0,1,0.4782,1,0,0.5102,28,25,36,100,27,103,17,3.7,1.03,6,0,0.5,0.5,0.0,2
14531096,Switzerland LNA,10,1,0,0,0.3983,1,1,0.5383,33,32,36,112,27,137,13,4.15,1.22,6,0,0.5,0.5,0.0,2
14531097,Switzerland LNA,10,0,1,0,0.7254,1,0,0.5528,27,30,32,95,27,114,14,3.52,1.2,6,0,0.5,0.5,0.0,2
14531098,Switzerland LNA,10,0,0,1,0.3614,1,0,0.5232,18,29,29,86,27,109,3,3.19,1.27,6,0,0.5,0.5,0.0,2
15366230,"Portugal Proliga, Championship Round",10,0,0,1,0.3664,1,0,0.6223,33,20,28,93,27,107,15,3.44,1.15,6,0,0.5,0.5,0.0,2
15366240,"Portugal Proliga, Championship Round",10,0,1,0,0.5472,1,0,0.5949,25,31,24,89,27,109,31,3.3,1.22,6,0,0.5,0.5,0.0,2
15402640,"NBL, Championship Round",10,1,0,0,0.2954,0,0,0.3076,32,28,29,96,27,121,27,3.56,1.26,6,0,0.5,0.5,0.0,2
15526951,"Austrian Basketball Superliga, Qualifying Round",10,1,1,1,0.5902,1,1,0.6351,33,32,25,103,27,136,6,3.81,1.32,6,0,0.5,0.5,0.0,2
15566033,1. A SKL,10,0,0,1,0.35,0,1,0.4421,21,24,20,70,27,86,4,2.59,1.23,6,0,0.5,0.5,0.0,1
15663078,"Campeonato Nacional da 1ª Divisao Feminina, 2ª Fase - Grupo Manutenção Sul",10,1,0,0,0.2459,0,0,0.4523,29,28,27,95,27,117,1,3.52,1.23,6,0,0.5,0.5,0.0,2
15663079,Sparkasse Prva Liga Zeni,10,1,0,0,0.4116,1,1,0.5122,19,16,29,80,27,73,13,2.96,0.91,6,0,0.5,0.5,0.0,1
15706631,SuperSport Premijer Liga,10,1,0,0,0.3968,0,0,0.3547,11,25,18,65,27,107,9,2.41,1.65,6,0,0.5,0.5,0.0,2
15881944,"LF Challenge, Regular Season",10,1,1,1,0.5166,1,1,0.6263,26,20,22,82,27,123,23,3.04,1.5,6,0,0.5,0.5,0.0,2
14055422,Tipos SBL,10,0,0,1,0.3699,1,0,0.5217,28,26,28,91,27,111,19,3.37,1.22,6,0,0.5,0.5,0.0,2
14055423,Tipos SBL,10,1,1,1,0.7266,1,1,0.6138,30,32,13,85,27,131,21,3.15,1.54,6,0,0.5,0.5,0.0,2
14055424,Tipos SBL,10,0,1,0,0.5184,0,1,0.4762,22,26,17,78,27,94,4,2.89,1.21,6,0,0.5,0.5,0.0,1
14055426,Tipos SBL,10,1,0,0,0.3931,0,0,0.4295,26,22,28,82,27,98,2,3.04,1.2,6,0,0.5,0.5,0.0,1
14055427,Tipos SBL,10,1,0,0,0.3896,0,0,0.4433,18,30,20,80,27,102,2,2.96,1.27,6,0,0.5,0.5,0.0,2
14195111,"SLB, Women",10,0,1,0,0.5381,0,1,0.3782,17,23,23,70,27,89,5,2.59,1.27,6,0,0.5,0.5,0.0,1
14220532,Liga Femenina,10,1,1,1,0.5309,0,0,0.4123,19,25,22,75,27,91,11,2.78,1.21,6,0,0.5,0.5,0.0,1
14270291,France Pro A,10,1,1,1,0.5696,0,0,0.457,22,30,25,90,27,110,4,3.33,1.22,6,0,0.5,0.5,0.0,2
14374298,Hungary NB 1.A,10,0,0,1,0.2612,0,1,0.4633,22,27,24,79,27,118,24,2.93,1.49,6,0,0.5,0.5,0.0,2
14374299,Hungary NB 1.A,10,0,0,1,0.4894,1,0,0.5058,20,22,20,74,27,103,5,2.74,1.39,6,0,0.5,0.5,0.0,2
14374300,Hungary NB 1.A,10,0,1,0,0.588,0,1,0.4109,21,26,20,78,27,115,1,2.89,1.47,6,0,0.5,0.5,0.0,2
14374301,Hungary NB 1.A,10,0,1,0,0.6747,1,0,0.5875,47,33,22,113,27,138,10,4.19,1.22,6,0,0.5,0.5,0.0,2
14374304,Hungary NB 1.A,10,1,0,0,0.4226,0,0,0.3769,29,18,16,74,27,95,1,2.74,1.28,6,0,0.5,0.5,0.0,1
14456426,Poland 1st Division Basketball,10,1,1,1,0.6995,1,1,0.6032,22,26,30,87,27,105,9,3.22,1.21,6,0,0.5,0.5,0.0,2
14491599,Liga ACB,10,1,0,0,0.3595,0,0,0.4366,32,30,25,92,27,119,3,3.41,1.29,6,0,0.5,0.5,0.0,2
14531099,Switzerland LNA,10,1,0,0,0.4829,0,0,0.4099,26,16,25,75,27,88,18,2.78,1.17,6,0,0.5,0.5,0.0,1
14602700,Portugal LBP,10,0,0,1,0.4344,0,1,0.4881,23,28,29,109,27,101,1,4.04,0.93,6,0,0.5,0.5,0.0,2
14902189,I A MCKL,10,0,1,0,0.5282,1,0,0.5457,32,30,31,116,27,133,3,4.3,1.15,6,0,0.5,0.5,0.0,2
15299699,"Top Division Women, Regular Season",10,0,0,1,0.3524,0,1,0.3322,25,25,13,69,27,98,34,2.56,1.42,6,0,0.5,0.5,0.0,1
15403296,"NBL, Qualifying Round",10,1,0,0,0.461,0,0,0.4486,28,24,21,81,27,124,10,3.0,1.53,6,0,0.5,0.5,0.0,2
15403298,"NBL, Qualifying Round",10,0,1,0,0.7002,1,0,0.6156,28,23,31,97,27,119,1,3.59,1.23,6,0,0.5,0.5,0.0,2
15485280,"ABA Liga, Championship Round",10,0,0,1,0.4732,1,0,0.5534,26,26,32,94,27,116,12,3.48,1.23,6,0,0.5,0.5,0.0,2
15485313,"ABA Liga, Relegation Round",10,1,1,1,0.6413,1,1,0.5045,30,18,23,79,27,100,4,2.93,1.27,6,0,0.5,0.5,0.0,1
15665855,Bulgaria NBL,10,1,1,1,0.7115,1,1,0.5571,29,27,23,97,27,114,2,3.59,1.18,6,0,0.5,0.5,0.0,2
15745224,"Slovenian Second Basketball League, Četrtfinale",10,0,0,1,0.3896,0,1,0.4723,23,24,22,76,27,106,10,2.81,1.39,6,0,0.5,0.5,0.0,2
15790568,"Zain Basketball League, Playoffs",10,0,1,0,0.6106,0,1,0.499,26,22,19,74,27,105,3,2.74,1.42,6,0,0.5,0.5,0.0,2
15848291,"Cyprus Basketball Division A, Championship Round",10,1,1,1,0.5543,1,1,0.5475,24,24,31,87,27,104,14,3.22,1.2,6,0,0.5,0.5,0.0,2
15878782,"Extraliga, Women, Playoffs",10,1,1,1,0.7482,1,1,0.6385,25,23,22,80,27,100,18,2.96,1.25,6,0,0.5,0.5,0.0,1
15878783,"Extraliga, Women, Playoffs",10,0,1,0,0.6405,1,0,0.7171,19,22,20,73,27,94,4,2.7,1.29,6,0,0.5,0.5,0.0,1
15885915,"Iceland Women's Basketball Premier League, Playoffs",10,1,1,1,0.5786,1,1,0.6075,20,25,19,78,27,104,4,2.89,1.33,6,0,0.5,0.5,0.0,2
15907038,"Zweite Liga, Playoffs",10,0,0,1,0.4469,1,0,0.5768,26,16,23,76,27,94,0,2.81,1.24,6,0,0.5,0.5,0.0,1
15908684,"1st DBBL, Playoffs",10,0,1,0,0.6527,0,1,0.4564,28,31,24,92,27,112,6,3.41,1.22,6,0,0.5,0.5,0.0,2
15927485,"FSHB Superliga, K.K.M 2025-26",10,1,1,1,0.7008,1,1,0.5758,33,32,40,119,27,152,32,4.41,1.28,6,0,0.5,0.5,0.0,3
15927489,"FSHB Superliga, K.K.M 2025-26",10,1,1,1,0.706,1,1,0.6225,19,24,24,76,27,94,12,2.81,1.24,6,0,0.5,0.5,0.0,1
14428868,Betsafe-LKL,10,0,1,0,0.7549,1,0,0.5983,31,28,34,105,27,125,15,3.89,1.19,6,0,0.5,0.5,0.0,2
14343927,Lega A Basket,10,1,1,1,0.8244,1,1,0.6012,32,25,29,98,27,116,6,3.63,1.18,6,0,0.5,0.5,0.0,2
15881949,"LF Challenge, Regular Season",10,0,0,1,0.1421,0,1,0.2895,24,26,19,75,27,110,34,2.78,1.47,6,0,0.5,0.5,0.0,2
14220534,Liga Femenina,10,1,1,1,0.6255,0,0,0.4133,15,22,21,61,27,85,9,2.26,1.39,6,0,0.5,0.5,0.0,1
14270295,France Pro A,10,1,1,1,0.5489,1,1,0.5375,25,31,28,99,27,121,3,3.67,1.22,6,0,0.5,0.5,0.0,2
14374788,"Segunda FEB, Group East",10,1,1,1,0.8024,1,1,0.6419,28,19,25,83,27,140,10,3.07,1.69,6,0,0.5,0.5,0.0,2
14374796,"Segunda FEB, Group West",10,1,0,0,0.3276,0,0,0.4556,23,21,25,94,27,101,1,3.48,1.07,6,0,0.5,0.5,0.0,2
14624152,Meridianbet KLS,10,0,0,1,0.319,0,1,0.4088,39,28,20,95,27,163,13,3.52,1.72,6,0,0.5,0.5,0.0,3
14624156,Meridianbet KLS,10,0,1,0,0.5316,1,0,0.5748,27,28,32,103,27,117,3,3.81,1.14,6,0,0.5,0.5,0.0,2
14643765,"Enovos League, Regular Season",10,0,0,1,0.4389,1,0,0.5351,29,41,26,111,27,129,9,4.11,1.16,6,0,0.5,0.5,0.0,2
14698331,Germany BBL,10,0,1,0,0.6964,1,0,0.5934,25,25,25,87,27,113,9,3.22,1.3,6,0,0.5,0.5,0.0,2
15865995,"Portugal LFB Women, Playoffs",10,1,1,1,0.5399,0,0,0.3811,26,22,25,80,27,96,0,2.96,1.2,6,0,0.5,0.5,0.0,1
14195112,"SLB, Women",10,1,0,0,0.326,0,0,0.3451,25,28,26,87,27,113,37,3.22,1.3,6,0,0.5,0.5,0.0,2
14220529,Liga Femenina,10,0,0,1,0.3639,0,1,0.4404,23,22,23,74,27,96,10,2.74,1.3,6,0,0.5,0.5,0.0,1
14220533,Liga Femenina,10,1,1,1,0.6813,1,1,0.552,15,22,24,68,27,82,8,2.52,1.21,6,0,0.5,0.5,0.0,1
14220535,Liga Femenina,10,0,0,1,0.4668,0,1,0.4219,22,24,23,79,27,99,7,2.93,1.25,6,0,0.5,0.5,0.0,1
14343988,Lega A Basket,10,1,0,0,0.4385,1,1,0.5139,28,33,25,95,27,131,3,3.52,1.38,6,0,0.5,0.5,0.0,2
14373937,Primera FEB,10,1,0,0,0.2284,1,1,0.5521,19,26,36,95,27,98,6,3.52,1.03,6,0,0.5,0.5,0.0,1
14374789,"Segunda FEB, Group East",10,0,0,1,0.4987,0,1,0.4968,26,14,16,64,27,86,12,2.37,1.34,6,0,0.5,0.5,0.0,1
14374792,"Segunda FEB, Group West",10,0,1,0,0.5748,1,0,0.5969,19,16,27,70,27,82,6,2.59,1.17,6,0,0.5,0.5,0.0,1
14491594,Liga ACB,10,1,1,1,0.7402,1,1,0.6329,26,29,30,94,27,110,14,3.48,1.17,6,0,0.5,0.5,0.0,2
14538003,SLB,10,1,1,1,0.5257,0,0,0.4619,33,28,28,98,27,121,3,3.63,1.23,6,0,0.5,0.5,0.0,2
14643766,"Enovos League, Regular Season",10,0,0,1,0.4163,0,1,0.4594,22,34,31,98,27,119,1,3.63,1.21,6,0,0.5,0.5,0.0,2
14706480,1st Division,10,0,0,1,0.4265,0,1,0.4219,19,19,24,67,27,94,20,2.48,1.4,6,0,0.5,0.5,0.0,1
14731188,Princ Caffe Superliga,10,0,1,0,0.6356,1,0,0.6504,29,33,28,98,27,116,4,3.63,1.18,6,0,0.5,0.5,0.0,2
15366286,"Portugal Proliga, Relegation Round",10,1,0,0,0.2785,1,1,0.5505,25,15,19,86,27,77,15,3.19,0.9,6,0,0.5,0.5,0.0,1
15366287,"Portugal Proliga, Relegation Round",10,1,1,1,0.6315,0,0,0.4871,21,22,21,71,27,91,15,2.63,1.28,6,0,0.5,0.5,0.0,1
15521620,"ABA Liga, Championship Round",10,1,0,0,0.3011,0,0,0.388,22,27,26,84,27,101,21,3.11,1.2,6,0,0.5,0.5,0.0,2
15526937,"Austrian Basketball Superliga, Qualifying Round",10,0,0,1,0.4179,0,1,0.3814,27,31,29,96,27,131,21,3.56,1.36,6,0,0.5,0.5,0.0,2
15526965,"Austrian Basketball Superliga, Championship Round",10,1,0,0,0.4524,0,0,0.4778,31,26,25,98,27,121,7,3.63,1.23,6,0,0.5,0.5,0.0,2
15706618,SuperSport Premijer Liga,10,1,1,1,0.5,1,1,0.5724,21,23,31,91,27,95,5,3.37,1.04,6,0,0.5,0.5,0.0,1
15706624,SuperSport Premijer Liga,10,0,1,0,0.5404,1,0,0.5428,25,23,23,85,27,103,7,3.15,1.21,6,0,0.5,0.5,0.0,2
15745211,"Slovenian Second Basketball League, Liga za obstanek",10,0,1,0,0.7536,1,0,0.6257,27,24,24,89,27,120,2,3.3,1.35,6,0,0.5,0.5,0.0,2
15745212,"Slovenian Second Basketball League, Četrtfinale",10,0,0,1,0.3712,0,1,0.4257,26,23,29,85,27,97,5,3.15,1.14,6,0,0.5,0.5,0.0,1
15745215,"Slovenian Second Basketball League, Četrtfinale",10,1,1,1,0.5577,1,1,0.5052,23,22,23,76,27,92,20,2.81,1.21,6,0,0.5,0.5,0.0,1
15843221,"1st Division Men, Úrslitakeppni",10,1,1,1,0.5763,1,1,0.602,31,26,30,99,27,128,12,3.67,1.29,6,0,0.5,0.5,0.0,2
15859259,"Cup, Women",10,0,1,0,0.5596,1,0,0.5511,17,29,24,80,27,94,8,2.96,1.18,6,0,0.5,0.5,0.0,1
15881953,"LF Challenge, Regular Season",10,1,1,1,0.6988,1,1,0.6242,28,27,24,86,27,105,13,3.19,1.22,6,0,0.5,0.5,0.0,2
15881957,"LF Challenge, Regular Season",10,0,1,0,0.5568,1,0,0.6511,19,19,23,63,27,96,12,2.33,1.52,6,0,0.5,0.5,0.0,1
15908686,"1st DBBL, Playoffs",10,1,0,0,0.4029,0,0,0.4251,28,29,23,87,27,115,9,3.22,1.32,6,0,0.5,0.5,0.0,2
15908687,"1st DBBL, Playoffs",10,0,0,1,0.3084,0,1,0.2819,18,20,14,58,27,86,24,2.15,1.48,6,0,0.5,0.5,0.0,1
15924780,"EYBL U15, CHALLENGE CUP",10,1,0,0,0.4378,0,0,0.4679,29,32,25,95,27,127,1,3.52,1.34,6,0,0.5,0.5,0.0,2
15663470,"Campeonato Nacional da 1ª Divisao Feminina, 2ª Fase - Grupo Manutenção Norte",10,1,1,1,0.5777,0,0,0.487,28,20,22,79,27,95,1,2.93,1.2,6,0,0.5,0.5,0.0,1
14024401,BNXT League,10,1,1,1,0.6847,1,1,0.5647,22,26,22,73,27,102,2,2.7,1.4,6,0,0.5,0.5,0.0,2
14024402,BNXT League,10,1,1,1,0.6507,1,1,0.6643,27,23,27,84,27,115,19,3.11,1.37,6,0,0.5,0.5,0.0,2
14343921,Lega A Basket,10,1,0,0,0.4684,0,0,0.4854,25,29,30,95,27,118,2,3.52,1.24,6,0,0.5,0.5,0.0,2
14373938,Primera FEB,10,1,1,1,0.6509,1,1,0.5951,24,24,28,88,27,106,6,3.26,1.2,6,0,0.5,0.5,0.0,2
14374793,"Segunda FEB, Group East",10,0,0,1,0.2179,0,1,0.4567,20,20,28,75,27,87,7,2.78,1.16,6,0,0.5,0.5,0.0,1
14602698,Portugal LBP,10,0,0,1,0.355,0,1,0.3992,25,30,30,98,27,126,26,3.63,1.29,6,0,0.5,0.5,0.0,2
14791989,"Segunda FEB, Group East",10,1,0,0,0.3678,0,0,0.4995,23,26,26,81,27,113,21,3.0,1.4,6,0,0.5,0.5,0.0,2
15566029,1. A SKL,10,0,0,1,0.3696,0,1,0.46,30,26,18,79,27,109,13,2.93,1.38,6,0,0.5,0.5,0.0,2
15663471,"Campeonato Nacional da 1ª Divisao Feminina, 2ª Fase - Grupo Promoção",10,0,1,0,0.5178,1,0,0.5363,23,24,21,72,27,93,11,2.67,1.29,6,0,0.5,0.5,0.0,1
15968837,"1. Division, Women, Playoffs",10,0,0,1,0.2855,1,0,0.6008,10,19,25,66,27,73,9,2.44,1.11,6,0,0.5,0.5,0.0,1
15968840,"1. Division, Women, Playoffs",10,0,0,1,0.3948,1,0,0.5598,20,25,22,80,27,88,6,2.96,1.1,6,0,0.5,0.5,0.0,1
14602702,Portugal LBP,10,1,0,0,0.3544,0,0,0.3977,30,33,26,105,27,119,3,3.89,1.13,6,0,0.5,0.5,0.0,2
14220531,Liga Femenina,10,0,0,1,0.2016,0,1,0.361,25,18,30,84,27,112,28,3.11,1.33,6,0,0.5,0.5,0.0,2
14341437,"Serie B, Group B",10,1,1,1,0.5695,0,0,0.4029,15,21,22,63,27,74,14,2.33,1.17,6,0,0.5,0.5,0.0,1
14341810,Serie A2,10,1,1,1,0.6697,1,1,0.5875,26,19,32,90,27,100,18,3.33,1.11,6,0,0.5,0.5,0.0,1
14341811,Serie A2,10,1,0,0,0.4406,0,0,0.4198,19,16,15,60,27,77,5,2.22,1.28,6,0,0.5,0.5,0.0,1
14343996,Lega A Basket,10,0,1,0,0.6915,1,0,0.5623,26,21,25,79,27,98,2,2.93,1.24,6,0,0.5,0.5,0.0,1
14374797,"Segunda FEB, Group West",10,1,0,0,0.4501,0,0,0.4802,29,21,17,82,27,106,0,3.04,1.29,6,0,0.5,0.5,0.0,2
14643759,"Enovos League, Regular Season",10,1,1,1,0.6385,1,1,0.5555,33,26,31,101,27,125,13,3.74,1.24,6,0,0.5,0.5,0.0,2
14698329,Germany BBL,10,0,1,0,0.5505,1,0,0.5128,30,30,25,104,27,128,12,3.85,1.23,6,0,0.5,0.5,0.0,2
14698332,Germany BBL,10,0,0,1,0.4252,1,0,0.541,20,30,24,85,27,95,11,3.15,1.12,6,0,0.5,0.5,0.0,1
15597844,"Nationale 1, Promotion Round",10,1,1,1,0.5759,0,0,0.4793,28,28,18,85,27,109,5,3.15,1.28,6,0,0.5,0.5,0.0,2
15663460,"France LF2, Women, Regular Season",10,1,0,0,0.4911,0,0,0.4643,17,23,20,71,27,86,8,2.63,1.21,6,0,0.5,0.5,0.0,1
15663461,"France LF2, Women, Regular Season",10,1,0,0,0.2921,0,0,0.4171,19,16,26,71,27,79,1,2.63,1.11,6,0,0.5,0.5,0.0,1
15663462,"France LF2, Women, Regular Season",10,1,1,1,0.5302,1,1,0.5367,25,30,18,82,27,97,7,3.04,1.18,6,0,0.5,0.5,0.0,1
15663465,"France LF2, Women, Regular Season",10,0,1,0,0.5258,1,0,0.514,20,28,17,72,27,89,7,2.67,1.24,6,0,0.5,0.5,0.0,1
15663466,"France LF2, Women, Regular Season",10,0,0,1,0.4537,0,1,0.4305,22,29,18,85,27,109,11,3.15,1.28,6,0,0.5,0.5,0.0,2
15885908,"Iceland Women's Basketball Premier League, Playoffs",10,1,0,0,0.3478,1,1,0.5049,23,31,20,88,27,117,5,3.26,1.33,6,0,0.5,0.5,0.0,2
15904335,"France LFB Women, Relegation Round",10,0,0,1,0.3516,1,0,0.6768,20,23,17,66,27,93,27,2.44,1.41,6,0,0.5,0.5,0.0,1
15904336,"France LFB Women, Relegation Round",10,0,0,1,0.4092,1,0,0.556,22,31,21,84,27,101,17,3.11,1.2,6,0,0.5,0.5,0.0,2
14374798,"Segunda FEB, Group East",10,1,1,1,0.7152,0,0,0.4883,28,29,23,88,27,153,3,3.26,1.74,6,0,0.5,0.5,0.0,3
14643768,"Enovos League, Regular Season",10,1,1,1,0.6174,0,0,0.4227,28,21,23,82,27,111,11,3.04,1.35,6,0,0.5,0.5,0.0,2
15526970,"Austrian Basketball Superliga, Championship Round",10,0,0,1,0.4226,0,1,0.4402,30,15,24,87,27,102,10,3.22,1.17,6,0,0.5,0.5,0.0,2
14024404,BNXT League,10,0,1,0,0.6985,1,0,0.5205,28,24,20,82,27,113,5,3.04,1.38,6,0,0.5,0.5,0.0,2
14024406,BNXT League,10,0,0,1,0.3608,0,1,0.4186,25,27,27,89,27,123,5,3.3,1.38,6,0,0.5,0.5,0.0,2
14024407,BNXT League,10,0,0,1,0.2008,0,1,0.4404,28,25,25,90,27,111,23,3.33,1.23,6,0,0.5,0.5,0.0,2
14149306,Belgian Basketball 2nd Division,10,1,1,1,0.7075,1,1,0.6058,29,19,19,78,27,104,24,2.89,1.33,6,0,0.5,0.5,0.0,2
14149308,Belgian Basketball 2nd Division,10,0,0,1,0.2998,0,1,0.4594,24,32,21,86,27,117,11,3.19,1.36,6,0,0.5,0.5,0.0,2
14341088,"Serie B, Group A",10,0,1,0,0.5683,1,0,0.6295,28,20,21,78,27,101,21,2.89,1.29,6,0,0.5,0.5,0.0,2
14341090,"Serie B, Group A",10,1,1,1,0.6658,1,1,0.5466,25,18,22,77,27,99,1,2.85,1.29,6,0,0.5,0.5,0.0,1
14341093,"Serie B, Group A",10,0,0,1,0.3739,1,0,0.5269,22,18,32,89,27,105,9,3.3,1.18,6,0,0.5,0.5,0.0,2
14341094,"Serie B, Group A",10,0,0,1,0.4945,1,0,0.6603,29,22,29,82,27,114,2,3.04,1.39,6,0,0.5,0.5,0.0,2
14341095,"Serie B, Group A",10,1,0,0,0.4207,1,1,0.5392,26,25,27,88,27,137,7,3.26,1.56,6,0,0.5,0.5,0.0,2
14341430,"Serie B, Group B",10,0,1,0,0.6203,1,0,0.6035,22,18,24,73,27,94,12,2.7,1.29,6,0,0.5,0.5,0.0,1
14341432,"Serie B, Group B",10,1,0,0,0.4006,0,0,0.4004,19,26,17,71,27,103,13,2.63,1.45,6,0,0.5,0.5,0.0,2
14341433,"Serie B, Group B",10,0,1,0,0.5939,0,1,0.387,16,25,24,72,27,94,10,2.67,1.31,6,0,0.5,0.5,0.0,1
14341434,"Serie B, Group B",10,0,1,0,0.5802,1,0,0.6264,27,18,24,76,27,97,13,2.81,1.28,6,0,0.5,0.5,0.0,1
14341436,"Serie B, Group B",10,1,1,1,0.6393,1,1,0.5021,23,24,27,89,27,85,9,3.3,0.96,6,0,0.5,0.5,0.0,1
14341438,"Serie B, Group B",10,0,1,0,0.6504,1,0,0.6443,21,23,27,81,27,106,2,3.0,1.31,6,0,0.5,0.5,0.0,2
14341439,"Serie B, Group B",10,1,1,1,0.544,1,1,0.5306,28,22,34,94,27,110,10,3.48,1.17,6,0,0.5,0.5,0.0,2
14341809,Serie A2,10,1,1,1,0.5779,1,1,0.5314,19,24,21,75,27,99,1,2.78,1.32,6,0,0.5,0.5,0.0,1
14341812,Serie A2,10,1,1,1,0.5888,1,1,0.6457,20,25,32,83,27,98,4,3.07,1.18,6,0,0.5,0.5,0.0,1
14341814,Serie A2,10,1,0,0,0.3368,1,1,0.5021,17,29,23,76,27,96,6,2.81,1.26,6,0,0.5,0.5,0.0,1
14341815,Serie A2,10,1,0,0,0.3903,0,0,0.3991,30,23,25,93,27,108,20,3.44,1.16,6,0,0.5,0.5,0.0,2
14341819,Serie A2,10,1,1,1,0.7431,1,1,0.6371,30,28,25,90,27,117,1,3.33,1.3,6,0,0.5,0.5,0.0,2
14343924,Lega A Basket,10,1,1,1,0.5552,1,1,0.6083,30,26,24,88,27,112,2,3.26,1.27,6,0,0.5,0.5,0.0,2
14643764,"Enovos League, Regular Season",10,1,1,1,0.6722,1,1,0.5809,20,22,22,70,27,87,11,2.59,1.24,6,0,0.5,0.5,0.0,1
15299695,"Top Division Women, Regular Season",10,0,1,0,0.5877,0,1,0.3999,26,15,18,70,27,91,13,2.59,1.3,6,0,0.5,0.5,0.0,1
15597851,"Nationale 1, Promotion Round",10,0,0,1,0.2459,0,1,0.4928,31,28,22,93,27,117,9,3.44,1.26,6,0,0.5,0.5,0.0,2
15881960,"LF Challenge, Regular Season",10,1,0,0,0.3795,1,1,0.5544,20,21,23,74,27,82,6,2.74,1.11,6,0,0.5,0.5,0.0,1
14149309,Belgian Basketball 2nd Division,10,0,1,0,0.5716,1,0,0.6211,24,32,24,92,27,117,9,3.41,1.27,6,0,0.5,0.5,0.0,2
14373935,Primera FEB,10,1,0,0,0.4065,1,1,0.5013,26,24,28,89,27,105,7,3.3,1.18,6,0,0.5,0.5,0.0,2
15299697,"Top Division Women, Regular Season",10,0,0,1,0.2943,0,1,0.3959,25,23,27,83,27,103,7,3.07,1.24,6,0,0.5,0.5,0.0,2
14270290,France Pro A,10,1,1,1,0.5381,1,1,0.5526,32,38,31,110,27,131,1,4.07,1.19,6,0,0.5,0.5,0.0,2
14341091,"Serie B, Group A",10,1,1,1,0.6685,1,1,0.5798,34,32,27,106,27,123,5,3.93,1.16,6,0,0.5,0.5,0.0,2
14441804,NBA,12,0,1,0,0.683,1,0,0.5224,36,38,37,149,27,157,25,5.52,1.05,6,0,0.5,0.5,0.0,3
14442406,NBA,12,1,0,0,0.3615,0,0,0.4904,38,35,23,140,27,151,3,5.19,1.08,6,0,0.5,0.5,0.0,3
14491597,Liga ACB,10,0,1,0,0.6871,1,0,0.5498,17,27,31,83,27,97,17,3.07,1.17,6,0,0.5,0.5,0.0,1
15203000,Brazil NBB,10,1,0,0,0.4735,1,1,0.5046,24,25,22,81,27,111,7,3.0,1.37,6,0,0.5,0.5,0.0,2
15203002,Brazil NBB,10,0,0,1,0.2737,0,1,0.4816,24,28,33,95,27,126,8,3.52,1.33,6,0,0.5,0.5,0.0,2
15664379,"Liga Ouro, Classificação",10,0,1,0,0.6971,1,0,0.6446,25,33,24,89,27,120,22,3.3,1.35,6,0,0.5,0.5,0.0,2
15843231,"1st Division Men, Úrslitakeppni",10,1,1,1,0.528,1,1,0.6613,28,22,25,84,27,110,0,3.11,1.31,6,0,0.5,0.5,0.0,2
15865994,"Portugal LFB Women, Playoffs",10,0,0,1,0.2076,0,1,0.4087,27,18,28,83,27,107,17,3.07,1.29,6,0,0.5,0.5,0.0,2
15909293,LNB 2,10,0,1,0,0.7525,1,0,0.6221,24,25,12,67,27,97,5,2.48,1.45,6,0,0.5,0.5,0.0,1
15942353,LNB 2,10,1,1,1,0.6486,1,1,0.6255,26,30,25,87,27,117,15,3.22,1.34,6,0,0.5,0.5,0.0,2
15478488,"LBF, Women",10,1,1,1,0.5986,1,1,0.7312,27,23,20,75,27,94,24,2.78,1.25,6,0,0.5,0.5,0.0,1
15909294,LNB 2,10,1,1,1,0.5599,0,0,0.4185,28,38,22,100,27,141,9,3.7,1.41,6,0,0.5,0.5,0.0,2
15909292,LNB 2,10,0,1,0,0.7345,1,0,0.6583,25,26,22,89,27,115,13,3.3,1.29,6,0,0.5,0.5,0.0,2
15909296,LNB 2,10,1,1,1,0.7481,1,1,0.6035,25,28,26,88,27,115,21,3.26,1.31,6,0,0.5,0.5,0.0,2
15909297,LNB 2,10,0,1,0,0.5764,1,0,0.6765,22,30,17,81,27,97,7,3.0,1.2,6,0,0.5,0.5,0.0,1
15587293,Mexico LNBP Women,10,0,1,0,0.8398,1,0,0.6665,20,24,37,89,27,98,32,3.3,1.1,6,0,0.5,0.5,0.0,1
15881399,Chile LNB,10,1,1,1,0.5649,0,0,0.4221,17,19,27,73,27,88,6,2.7,1.21,6,0,0.5,0.5,0.0,1
14442474,NBA,12,0,1,0,0.5827,1,0,0.5744,43,27,25,112,27,144,10,4.15,1.29,6,0,0.5,0.5,0.0,2
15597800,LNB 2,10,1,1,1,0.6764,1,1,0.5388,25,28,13,73,27,101,15,2.7,1.38,6,0,0.5,0.5,0.0,2
15845449,Superliga,10,1,1,1,0.6765,1,1,0.6118,24,29,23,82,27,107,11,3.04,1.3,6,0,0.5,0.5,0.0,2
15845451,Superliga,10,1,0,0,0.3926,0,0,0.4325,26,24,28,82,27,99,11,3.04,1.21,6,0,0.5,0.5,0.0,1
15881397,Chile LNB,10,0,0,1,0.3477,0,1,0.389,19,21,26,72,27,85,7,2.67,1.18,6,0,0.5,0.5,0.0,1
15909295,LNB 2,10,0,0,1,0.43,1,0,0.6419,20,22,22,73,27,94,6,2.7,1.29,6,0,0.5,0.5,0.0,1
15911664,"Liga Femenina, Women, Clausura, Playoffs",10,1,1,1,0.6312,1,1,0.657,30,11,26,77,27,86,4,2.85,1.12,6,0,0.5,0.5,0.0,1
15881393,Chile LNB,10,1,0,0,0.3276,1,1,0.5976,27,28,22,86,27,124,32,3.19,1.44,6,0,0.5,0.5,0.0,2
15905763,"Liga Argentina, Playoffs",10,1,1,1,0.6058,1,1,0.6222,35,25,22,88,27,146,12,3.26,1.66,6,0,0.5,0.5,0.0,2
15265260,Argentina Liga Nacional,10,0,1,0,0.5219,1,0,0.598,18,30,30,105,27,95,1,3.89,0.9,6,0,0.5,0.5,0.0,1
15840829,Puerto Rico BSN,10,0,0,1,0.3969,1,0,0.509,22,29,33,92,27,112,0,3.41,1.22,6,0,0.5,0.5,0.0,2
15840831,Puerto Rico BSN,10,0,0,1,0.2913,0,1,0.4535,27,30,28,98,27,128,14,3.63,1.31,6,0,0.5,0.5,0.0,2
15840836,Puerto Rico BSN,10,0,1,0,0.7548,1,0,0.5433,29,30,33,103,27,130,16,3.81,1.26,6,0,0.5,0.5,0.0,2
15840839,Puerto Rico BSN,10,1,1,1,0.6058,1,1,0.5153,32,22,25,100,27,126,6,3.7,1.26,6,0,0.5,0.5,0.0,2
15905761,"Liga Argentina, Playoffs",10,0,1,0,0.5112,1,0,0.6409,28,26,41,106,27,117,11,3.93,1.1,6,0,0.5,0.5,0.0,2
15905762,"Liga Argentina, Playoffs",10,0,1,0,0.5991,1,0,0.588,24,25,25,79,27,103,7,2.93,1.3,6,0,0.5,0.5,0.0,2
15930437,"Liga Femenina, Women, Clausura, Playoffs",10,0,0,1,0.1789,0,1,0.3606,13,21,22,64,27,76,4,2.37,1.19,6,0,0.5,0.5,0.0,1
15905760,"Liga Argentina, Playoffs",10,1,1,1,0.6384,1,1,0.6144,19,27,25,83,27,95,9,3.07,1.14,6,0,0.5,0.5,0.0,1
15880681,"CIBACOPA , Segunda Vuelta",10,0,0,1,0.4026,0,1,0.4237,32,32,42,157,27,129,11,5.81,0.82,6,0,0.5,0.5,0.0,2
14620677,B2 League,10,0,0,1,0.388,0,1,0.4819,21,22,24,78,27,143,1,2.89,1.83,6,0,0.5,0.5,0.0,2
14620682,B2 League,10,1,1,1,0.6092,1,1,0.5426,25,22,24,84,27,94,2,3.11,1.12,6,0,0.5,0.5,0.0,1
15925947,"NBL, Playoffs",10,1,1,1,0.8056,1,1,0.6293,36,30,22,116,27,135,1,4.3,1.16,6,0,0.5,0.5,0.0,2
14620676,B2 League,10,1,1,1,0.6321,1,1,0.6858,25,30,23,86,27,102,4,3.19,1.19,6,0,0.5,0.5,0.0,2
14194610,Korean Basketball League,10,0,1,0,0.655,1,0,0.6339,21,23,16,67,27,101,7,2.48,1.51,6,0,0.5,0.5,0.0,2
14194611,Korean Basketball League,10,1,1,1,0.5557,1,1,0.5331,20,23,20,73,27,91,9,2.7,1.25,6,0,0.5,0.5,0.0,1
14620844,B1 League,10,1,1,1,0.7112,1,1,0.5718,31,21,29,93,27,109,5,3.44,1.17,6,0,0.5,0.5,0.0,2
14620671,B2 League,10,1,1,1,0.7667,1,1,0.6245,23,22,29,83,27,104,16,3.07,1.25,6,0,0.5,0.5,0.0,2
14620673,B2 League,10,0,0,1,0.3259,0,1,0.4766,26,25,22,82,27,112,8,3.04,1.37,6,0,0.5,0.5,0.0,2
14620679,B2 League,10,1,0,0,0.4126,1,1,0.5311,29,25,28,93,27,117,15,3.44,1.26,6,0,0.5,0.5,0.0,2
14620840,B1 League,10,1,1,1,0.5253,1,1,0.5301,25,24,24,97,27,117,9,3.59,1.21,6,0,0.5,0.5,0.0,2
14620845,B1 League,10,1,1,1,0.7065,1,1,0.5414,30,23,14,75,27,115,3,2.78,1.53,6,0,0.5,0.5,0.0,2
14620846,B1 League,10,1,1,1,0.7514,1,1,0.5525,19,26,15,79,27,83,9,2.93,1.05,6,0,0.5,0.5,0.0,1
14620848,B1 League,10,0,0,1,0.2602,0,1,0.4291,27,20,25,81,27,98,8,3.0,1.21,6,0,0.5,0.5,0.0,1
14620849,B1 League,10,1,0,0,0.4563,0,0,0.4464,29,25,25,97,27,114,8,3.59,1.18,6,0,0.5,0.5,0.0,2
15922590,"EYBL U15, CHALLENGE CUP",10,0,1,0,0.5246,1,0,0.6058,20,21,22,67,27,121,9,2.48,1.81,6,0,0.5,0.5,0.0,2
15950077,"EYBL U16, CHALLENGE CUP",10,0,1,0,0.6423,0,1,0.4838,24,27,27,88,27,113,17,3.26,1.28,6,0,0.5,0.5,0.0,2
14620678,B2 League,10,0,0,1,0.4403,0,1,0.4261,28,24,25,89,27,110,0,3.3,1.24,6,0,0.5,0.5,0.0,2
14620837,B1 League,10,1,0,0,0.3963,0,0,0.4779,26,22,21,84,27,108,6,3.11,1.29,6,0,0.5,0.5,0.0,2
14620839,B1 League,10,1,1,1,0.8672,1,1,0.6948,18,22,30,77,27,89,27,2.85,1.16,6,0,0.5,0.5,0.0,1
14620841,B1 League,10,0,0,1,0.3448,0,1,0.4126,22,21,28,86,27,97,11,3.19,1.13,6,0,0.5,0.5,0.0,1
14620842,B1 League,10,0,0,1,0.3232,0,1,0.3814,30,30,22,89,27,124,4,3.3,1.39,6,0,0.5,0.5,0.0,2
14620847,B1 League,10,1,1,1,0.6075,1,1,0.6316,27,20,26,81,27,116,6,3.0,1.43,6,0,0.5,0.5,0.0,2
15950069,"EYBL U17, SUPERFINAL - 02./05.04.2026 - Warsaw, Poland",10,0,0,1,0.3266,0,1,0.4812,28,23,26,86,27,107,15,3.19,1.24,6,0,0.5,0.5,0.0,2
15950068,"EYBL U17, SUPERFINAL - 02./05.04.2026 - Warsaw, Poland",10,0,0,1,0.4642,1,0,0.5425,23,23,31,98,27,106,2,3.63,1.08,6,0,0.5,0.5,0.0,2
15950079,"EGBL U19, Superfinal",10,0,1,0,0.552,1,0,0.6035,21,15,17,58,27,84,12,2.15,1.45,6,0,0.5,0.5,0.0,1
14194612,Korean Basketball League,10,1,0,0,0.4247,1,1,0.5302,25,24,19,73,27,100,6,2.7,1.37,6,0,0.5,0.5,0.0,1
15664362," Liga 1 Masculin, Faza II",10,1,1,1,0.6594,0,0,0.3912,19,20,24,70,27,90,0,2.59,1.29,6,0,0.5,0.5,0.0,1
15922591,"EYBL U15, CHALLENGE CUP",10,0,1,0,0.5899,1,0,0.6669,23,18,26,76,27,94,4,2.81,1.24,6,0,0.5,0.5,0.0,1
15950076,"EYBL U16, CHALLENGE CUP",10,0,0,1,0.3064,0,1,0.285,24,26,17,77,27,98,26,2.85,1.27,6,0,0.5,0.5,0.0,1
14620843,B1 League,10,1,1,1,0.7166,1,1,0.6816,29,28,30,96,27,115,13,3.56,1.2,6,0,0.5,0.5,0.0,2
15950071,"EYBL U17, SUPERFINAL - 02./05.04.2026 - Warsaw, Poland",10,0,1,0,0.5654,1,0,0.592,32,25,22,86,27,111,1,3.19,1.29,6,0,0.5,0.5,0.0,2
16012634,"Women's National Basketball League, Regular Season",10,0,1,0,0.5131,1,0,0.5213,21,18,14,59,27,82,10,2.19,1.39,6,0,0.5,0.5,0.0,1
14441750,United League,10,0,0,1,0.3182,0,1,0.4463,24,20,28,83,27,94,8,3.07,1.13,6,0,0.5,0.5,0.0,1
15881972,"LF Challenge, Regular Season",10,1,1,1,0.7212,1,1,0.5873,20,17,21,65,27,89,31,2.41,1.37,6,0,0.5,0.5,0.0,1
15950070,"EYBL U17, SUPERFINAL - 02./05.04.2026 - Warsaw, Poland",10,1,0,0,0.4777,1,1,0.5951,20,20,22,73,27,96,16,2.7,1.32,6,0,0.5,0.5,0.0,1
15950080,"EGBL U19, Superfinal",10,0,1,0,0.6122,1,0,0.6127,21,32,25,82,27,96,6,3.04,1.17,6,0,0.5,0.5,0.0,1
15656663,PBA Commissioner's Cup,12,1,1,1,0.5833,1,1,0.5216,30,22,29,111,27,108,12,4.11,0.97,6,0,0.5,0.5,0.0,2
14373940,Primera FEB,10,0,0,1,0.4009,1,0,0.5409,24,27,32,92,27,120,12,3.41,1.3,6,0,0.5,0.5,0.0,2
14341087,"Serie B, Group A",10,1,1,1,0.5645,1,1,0.6234,34,37,37,121,27,133,13,4.48,1.1,6,0,0.5,0.5,0.0,2
14374791,"Segunda FEB, Group West",10,0,0,1,0.2969,0,1,0.4134,26,22,23,79,27,99,9,2.93,1.25,6,0,0.5,0.5,0.0,1
14500898,Turkish Basketball Super League,10,0,0,1,0.4384,0,1,0.4095,28,22,23,78,27,100,24,2.89,1.28,6,0,0.5,0.5,0.0,1
15180645,Indonesian Basketball League,10,0,1,0,0.5916,1,0,0.6373,28,28,29,104,27,114,6,3.85,1.1,6,0,0.5,0.5,0.0,2
15665851,Bulgaria NBL,10,1,1,1,0.7097,1,1,0.5089,36,25,29,99,27,137,11,3.67,1.38,6,0,0.5,0.5,0.0,2
15667184,"Campeonato Nacional da 1ª Divisao Feminina, 2ª Fase - Grupo Manutenção Sul",10,0,0,1,0.2875,0,1,0.4339,20,18,18,66,27,78,4,2.44,1.18,6,0,0.5,0.5,0.0,1
15924781,"EYBL U15, CHALLENGE CUP",10,1,1,1,0.7715,1,1,0.6021,27,28,27,108,27,123,1,4.0,1.14,6,0,0.5,0.5,0.0,2
15950073,"EYBL U17, SUPERFINAL - 02./05.04.2026 - Warsaw, Poland",10,1,1,1,0.5766,1,1,0.662,28,31,18,89,27,148,0,3.3,1.66,6,0,0.5,0.5,0.0,2
15950078,"EYBL U16, CHALLENGE CUP",10,1,0,0,0.479,1,1,0.5791,29,24,20,82,27,104,18,3.04,1.27,6,0,0.5,0.5,0.0,2
14491591,Liga ACB,10,0,0,1,0.4007,0,1,0.454,32,28,26,104,27,113,9,3.85,1.09,6,0,0.5,0.5,0.0,2
16012633,"Women's National Basketball League, Regular Season",10,1,0,0,0.4873,1,1,0.6137,11,16,12,41,27,80,20,1.52,1.95,6,0,0.5,0.5,0.0,1
14374795,"Segunda FEB, Group West",10,0,1,0,0.7013,1,0,0.5972,23,32,27,98,27,116,6,3.63,1.18,6,0,0.5,0.5,0.0,2
14374799,"Segunda FEB, Group West",10,1,1,1,0.5696,1,1,0.6216,24,21,32,84,27,102,6,3.11,1.21,6,0,0.5,0.5,0.0,2
14491596,Liga ACB,10,1,1,1,0.5993,0,0,0.3941,30,31,40,118,27,124,8,4.37,1.05,6,0,0.5,0.5,0.0,2
15881975,"LF Challenge, Regular Season",10,0,0,1,0.3923,1,0,0.5422,18,19,21,66,27,112,10,2.44,1.7,6,0,0.5,0.5,0.0,2
15663082,Sparkasse Prva Liga Zeni,10,1,0,0,0.2651,0,0,0.3898,13,26,11,56,27,82,16,2.07,1.46,6,0,0.5,0.5,0.0,1
15950072,"EYBL U17, SUPERFINAL - 02./05.04.2026 - Warsaw, Poland",10,1,0,0,0.4552,1,1,0.5793,25,32,27,93,27,111,9,3.44,1.19,6,0,0.5,0.5,0.0,2
15656664,PBA Commissioner's Cup,12,0,1,0,0.5696,1,0,0.5356,19,16,28,86,27,82,6,3.19,0.95,6,0,0.5,0.5,0.0,1
15664364," Liga 1 Masculin, Faza II",10,0,0,1,0.366,0,1,0.4577,21,27,24,79,27,103,11,2.93,1.3,6,0,0.5,0.5,0.0,2
14967104,China CBA,10,0,1,0,0.5613,1,0,0.5093,30,32,34,102,27,129,13,3.78,1.26,6,0,0.5,0.5,0.0,2
14967105,China CBA,10,1,1,1,0.7001,1,1,0.6393,26,23,27,86,27,106,20,3.19,1.23,6,0,0.5,0.5,0.0,2
15950075,"EYBL U17, SUPERFINAL - 02./05.04.2026 - Warsaw, Poland",10,0,0,1,0.3165,1,0,0.513,21,15,25,69,27,78,12,2.56,1.13,6,0,0.5,0.5,0.0,1
14441749,United League,10,0,0,1,0.4853,0,1,0.4636,24,27,26,88,27,108,16,3.26,1.23,6,0,0.5,0.5,0.0,2
15180646,Indonesian Basketball League,10,1,1,1,0.7279,1,1,0.5979,21,22,25,80,27,97,7,2.96,1.21,6,0,0.5,0.5,0.0,1
15848295,"Cyprus Basketball Division A, Championship Round",10,0,0,1,0.315,0,1,0.4464,24,27,22,79,27,117,1,2.93,1.48,6,0,0.5,0.5,0.0,2
14149310,Belgian Basketball 2nd Division,10,1,1,1,0.6077,0,0,0.4124,26,23,28,85,27,115,17,3.15,1.35,6,0,0.5,0.5,0.0,2
14500904,Turkish Basketball Super League,10,1,1,1,0.6543,1,1,0.6285,29,26,26,87,27,111,9,3.22,1.28,6,0,0.5,0.5,0.0,2
15937005,"Rwanda Basketball League Women, Regular Season",10,0,1,0,0.5786,1,0,0.5369,25,22,13,71,27,91,15,2.63,1.28,6,0,0.5,0.5,0.0,1
14024400,BNXT League,10,0,1,0,0.7029,1,0,0.5265,29,26,27,97,27,123,27,3.59,1.27,6,0,0.5,0.5,0.0,2
14698333,Germany BBL,10,0,1,0,0.6023,1,0,0.6416,21,31,27,87,27,110,0,3.22,1.26,6,0,0.5,0.5,0.0,2
14698335,Germany BBL,10,0,0,1,0.4833,1,0,0.5213,31,24,26,87,27,117,33,3.22,1.34,6,0,0.5,0.5,0.0,2
15820440,I B MCKL,10,0,0,1,0.3869,0,1,0.4788,21,20,23,71,27,92,18,2.63,1.3,6,0,0.5,0.5,0.0,1
15848731,"Cyprus Basketball Division A, Championship Round",10,1,1,1,0.5704,1,1,0.6035,20,27,26,89,27,98,8,3.3,1.1,6,0,0.5,0.5,0.0,1
15898439,"Africa League, Group Kalahari",10,0,1,0,0.5413,0,1,0.394,34,31,27,102,27,146,18,3.78,1.43,6,0,0.5,0.5,0.0,2
15950074,"EYBL U17, SUPERFINAL - 02./05.04.2026 - Warsaw, Poland",10,0,0,1,0.4937,1,0,0.5192,33,28,18,86,27,111,11,3.19,1.29,6,0,0.5,0.5,0.0,2
16012616,"Women's National Basketball League, Regular Season",10,0,1,0,0.5293,1,0,0.5243,15,17,15,53,27,77,3,1.96,1.45,6,0,0.5,0.5,0.0,1
15904505,"France LFB Women, Playoffs",10,1,0,0,0.4182,1,1,0.5789,26,22,26,80,27,97,21,2.96,1.21,6,0,0.5,0.5,0.0,1
15305929,Superleague,10,1,1,1,0.602,1,1,0.5479,23,28,37,106,27,108,4,3.93,1.02,6,0,0.5,0.5,0.0,2
15915984,"Israeli Women Basketball Premier League, Playoffs",10,0,0,1,0.2518,0,1,0.4746,33,28,26,98,27,136,22,3.63,1.39,6,0,0.5,0.5,0.0,2
15916135,"Israeli Women Basketball Premier League, Playoffs",10,1,1,1,0.9356,1,1,0.8325,20,22,20,73,27,105,47,2.7,1.44,6,0,0.5,0.5,0.0,2
15916136,"Israeli Women Basketball Premier League, Playoffs",10,1,1,1,0.6649,1,1,0.6284,22,21,14,62,27,83,33,2.3,1.34,6,0,0.5,0.5,0.0,1
15916137,"Israeli Women Basketball Premier League, Playoffs",10,1,0,0,0.4144,1,1,0.6338,21,29,27,82,27,103,35,3.04,1.26,6,0,0.5,0.5,0.0,2
15949982,"Cup, Women",10,0,0,1,0.4535,0,1,0.4404,29,36,24,95,27,133,9,3.52,1.4,6,0,0.5,0.5,0.0,2
14538004,SLB,10,0,0,1,0.3746,1,0,0.5645,24,22,29,85,27,108,26,3.15,1.27,6,0,0.5,0.5,0.0,2
15478485,"LBF, Women",10,1,1,1,0.5904,0,0,0.4633,23,30,22,79,27,99,7,2.93,1.25,6,0,0.5,0.5,0.0,1
15908400,"Premier League, Women, Playoffs",10,1,1,1,0.616,1,1,0.6237,23,22,22,75,27,97,13,2.78,1.29,6,0,0.5,0.5,0.0,1
15915124,"Finland Division 1A Women, Playoffs",10,0,0,1,0.3566,0,1,0.3524,24,26,23,76,27,100,28,2.81,1.32,6,0,0.5,0.5,0.0,1
15917646,"Korisliiga, Playoffs",10,1,1,1,0.5575,1,1,0.6392,20,22,17,79,27,102,6,2.93,1.29,6,0,0.5,0.5,0.0,2
15926591,"Korisliiga, Women, Playoffs",10,0,1,0,0.6968,1,0,0.5456,17,29,25,81,27,94,0,3.0,1.16,6,0,0.5,0.5,0.0,1
15926592,"Korisliiga, Women, Playoffs",10,1,1,1,0.5305,1,1,0.506,17,27,21,78,27,95,7,2.89,1.22,6,0,0.5,0.5,0.0,1
14270289,France Pro A,10,0,1,0,0.6017,1,0,0.6282,27,28,37,103,27,130,14,3.81,1.26,6,0,0.5,0.5,0.0,2
14698336,Germany BBL,10,1,1,1,0.7511,1,1,0.6073,25,28,28,94,27,112,8,3.48,1.19,6,0,0.5,0.5,0.0,2
15265261,Argentina Liga Nacional,10,0,0,1,0.3,1,0,0.5048,23,18,30,82,27,86,16,3.04,1.05,6,0,0.5,0.5,0.0,1
14343999,Lega A Basket,10,0,1,0,0.5301,1,0,0.5419,23,25,27,84,27,100,4,3.11,1.19,6,0,0.5,0.5,0.0,1
14491598,Liga ACB,10,0,1,0,0.5148,1,0,0.602,30,22,30,98,27,117,5,3.63,1.19,6,0,0.5,0.5,0.0,2
14538005,SLB,10,0,0,1,0.3351,1,0,0.5579,22,20,26,85,27,95,9,3.15,1.12,6,0,0.5,0.5,0.0,1
15402644,"NBL, Championship Round",10,0,1,0,0.5251,1,0,0.523,22,30,29,89,27,103,15,3.3,1.16,6,0,0.5,0.5,0.0,2
15664358," Liga 1 Masculin, Faza II",10,1,0,0,0.2465,1,1,0.5111,24,19,21,74,27,92,8,2.74,1.24,6,0,0.5,0.5,0.0,1
15664359," Liga 1 Masculin, Faza II",10,0,0,1,0.2495,0,1,0.4548,32,25,35,108,27,121,1,4.0,1.12,6,0,0.5,0.5,0.0,2
15664365," Liga 1 Masculin, Faza II",10,0,1,0,0.7243,1,0,0.5564,22,27,31,103,27,103,9,3.81,1.0,6,0,0.5,0.5,0.0,2
15894236,"European North Basketball League, Playoffs",10,0,1,0,0.5804,1,0,0.5787,25,29,33,92,27,112,8,3.41,1.22,6,0,0.5,0.5,0.0,2
15945608,"ZBL, Playoffs",10,0,0,1,0.3206,1,0,0.558,20,36,23,88,27,119,11,3.26,1.35,6,0,0.5,0.5,0.0,2
15945704,"Premier League, Playoffs",10,0,1,0,0.5272,1,0,0.5428,32,22,27,99,27,118,4,3.67,1.19,6,0,0.5,0.5,0.0,2
15945956,Superliga e Femrave ,10,0,1,0,0.5909,0,1,0.4815,22,22,17,72,27,87,15,2.67,1.21,6,0,0.5,0.5,0.0,1
15904504,"France LFB Women, Playoffs",10,1,1,1,0.6654,0,0,0.4404,28,28,30,96,27,106,4,3.56,1.1,6,0,0.5,0.5,0.0,2
14341817,Serie A2,10,0,1,0,0.6544,1,0,0.5027,24,30,27,90,27,114,8,3.33,1.27,6,0,0.5,0.5,0.0,2
14373939,Primera FEB,10,0,1,0,0.6726,1,0,0.5628,20,21,22,78,27,75,13,2.89,0.96,6,0,0.5,0.5,0.0,1
14373942,Primera FEB,10,1,0,0,0.4246,0,0,0.4654,21,17,23,64,27,84,18,2.37,1.31,6,0,0.5,0.5,0.0,1
14374800,"Segunda FEB, Group East",10,1,0,0,0.4163,0,0,0.4397,23,22,21,74,27,101,1,2.74,1.36,6,0,0.5,0.5,0.0,2
14491601,Liga ACB,10,1,0,0,0.4145,0,0,0.4377,29,29,33,99,27,137,9,3.67,1.38,6,0,0.5,0.5,0.0,2
14733905,Super League,10,1,0,0,0.4268,1,1,0.5059,24,25,22,79,27,109,5,2.93,1.38,6,0,0.5,0.5,0.0,2
14733906,Super League,10,0,1,0,0.6358,1,0,0.5565,24,31,28,95,27,116,32,3.52,1.22,6,0,0.5,0.5,0.0,2
14733907,Super League,10,0,1,0,0.5874,1,0,0.6017,34,28,29,102,27,124,26,3.78,1.22,6,0,0.5,0.5,0.0,2
14733909,Super League,10,1,1,1,0.7513,1,1,0.6163,30,21,19,89,27,111,19,3.3,1.25,6,0,0.5,0.5,0.0,2
14733910,Super League,10,1,1,1,0.682,1,1,0.5615,20,21,23,76,27,99,3,2.81,1.3,6,0,0.5,0.5,0.0,1
14733912,Super League,10,1,1,1,0.6187,1,1,0.5028,22,19,19,72,27,96,6,2.67,1.33,6,0,0.5,0.5,0.0,1
15402637,"NBL, Championship Round",10,1,0,0,0.4808,1,1,0.6154,25,33,34,103,27,129,1,3.81,1.25,6,0,0.5,0.5,0.0,2
15485266,"ABA Liga, Championship Round",10,1,0,0,0.4672,1,1,0.5097,31,23,29,92,27,127,3,3.41,1.38,6,0,0.5,0.5,0.0,2
15656964,"Africa League, Group Kalahari",10,0,0,1,0.2918,0,1,0.3979,19,26,33,88,27,97,31,3.26,1.1,6,0,0.5,0.5,0.0,1
15908689,"1st DBBL, Playoffs",10,1,1,1,0.5422,1,1,0.5407,26,21,30,89,27,85,3,3.3,0.96,6,0,0.5,0.5,0.0,1
15927931,"Rwanda Basketball League, Regular Season",10,1,1,1,0.6069,1,1,0.6154,13,25,20,75,27,79,9,2.78,1.05,6,0,0.5,0.5,0.0,1
14373936,Primera FEB,10,1,0,0,0.3485,1,1,0.5198,13,24,22,71,27,83,29,2.63,1.17,6,0,0.5,0.5,0.0,1
14374801,"Segunda FEB, Group West",10,0,1,0,0.6299,1,0,0.5402,20,30,23,90,27,114,10,3.33,1.27,6,0,0.5,0.5,0.0,2
14538006,SLB,10,1,0,0,0.4741,1,1,0.5607,25,34,35,105,27,115,17,3.89,1.1,6,0,0.5,0.5,0.0,2
15305928,Superleague,10,0,1,0,0.5229,0,1,0.3476,28,25,40,104,27,119,23,3.85,1.14,6,0,0.5,0.5,0.0,2
15949983,"Cup, Women",10,0,0,1,0.4156,0,1,0.4275,34,18,27,88,27,101,13,3.26,1.15,6,0,0.5,0.5,0.0,2
14270287,France Pro A,10,1,1,1,0.7516,1,1,0.6363,30,24,31,105,27,109,7,3.89,1.04,6,0,0.5,0.5,0.0,2
14706482,1st Division,10,0,0,1,0.3468,0,1,0.4048,25,18,19,72,27,88,10,2.67,1.22,6,0,0.5,0.5,0.0,1
14706484,1st Division,10,0,0,1,0.4519,0,1,0.4273,22,28,22,91,27,109,3,3.37,1.2,6,0,0.5,0.5,0.0,2
14706485,1st Division,10,0,0,1,0.3579,0,1,0.3939,19,31,20,85,27,108,2,3.15,1.27,6,0,0.5,0.5,0.0,2
14731187,Princ Caffe Superliga,10,1,1,1,0.6123,0,0,0.4874,24,23,31,95,27,118,6,3.52,1.24,6,0,0.5,0.5,0.0,2
15944262,A1 Liga,10,1,1,1,0.6806,1,1,0.5599,30,30,17,87,27,120,2,3.22,1.38,6,0,0.5,0.5,0.0,2
15944263,A1 Liga,10,1,0,0,0.3114,0,0,0.4942,24,24,30,86,27,112,20,3.19,1.3,6,0,0.5,0.5,0.0,2
15485264,"ABA Liga, Championship Round",10,0,0,1,0.4984,1,0,0.6182,25,26,36,100,27,115,9,3.7,1.15,6,0,0.5,0.5,0.0,2
15945702,"Premier League, Playoffs",10,1,0,0,0.3977,1,1,0.5749,31,38,33,115,27,152,10,4.26,1.32,6,0,0.5,0.5,0.0,3
14343992,Lega A Basket,10,0,1,0,0.5203,0,1,0.4644,20,29,33,95,27,108,2,3.52,1.14,6,0,0.5,0.5,0.0,2
15916959,"Rwanda Basketball League, Regular Season",10,1,1,1,0.5973,1,1,0.6217,26,32,31,98,27,122,12,3.63,1.24,6,0,0.5,0.5,0.0,2
14439329,NBA,12,1,1,1,0.5339,1,1,0.5948,26,23,31,113,27,111,5,4.19,0.98,6,0,0.5,0.5,0.0,2
14439330,NBA,12,1,0,0,0.3737,1,1,0.5387,31,30,29,125,27,124,4,4.63,0.99,6,0,0.5,0.5,0.0,2
14441838,NBA,12,0,1,0,0.5176,1,0,0.5445,29,33,29,121,27,132,6,4.48,1.09,6,0,0.5,0.5,0.0,2
14442048,NBA,12,1,0,0,0.4785,1,1,0.583,28,30,34,125,27,132,4,4.63,1.06,6,0,0.5,0.5,0.0,2
15947051,NCAA Women's March Madness,10,0,1,0,0.6908,1,0,0.5563,23,15,27,72,27,81,21,2.67,1.12,6,0,0.5,0.5,0.0,1
15909265,LNB 2,10,0,1,0,0.5265,1,0,0.5634,16,29,19,73,27,93,13,2.7,1.27,6,0,0.5,0.5,0.0,1
15846708,Superliga,10,0,1,0,0.7649,1,0,0.5961,21,27,15,71,27,92,4,2.63,1.3,6,0,0.5,0.5,0.0,1
14442493,NBA,12,1,1,1,0.6283,1,1,0.6546,28,29,37,116,27,129,1,4.3,1.11,6,0,0.5,0.5,0.0,2
15587296,Mexico LNBP Women,10,1,1,1,0.6617,1,1,0.5487,16,28,20,74,27,116,30,2.74,1.57,6,0,0.5,0.5,0.0,2
15846705,Superliga,10,0,0,1,0.4263,0,1,0.3961,18,26,24,78,27,94,10,2.89,1.21,6,0,0.5,0.5,0.0,1
15947403,"NBA G League, Playoffs",12,0,1,0,0.6077,1,0,0.566,27,33,31,119,27,147,15,4.41,1.24,6,0,0.5,0.5,0.0,2
15587298,Mexico LNBP Women,10,0,1,0,0.6261,1,0,0.6451,25,26,23,83,27,96,16,3.07,1.16,6,0,0.5,0.5,0.0,1
14439276,NBA,12,0,0,1,0.4367,1,0,0.5166,31,34,31,128,27,124,10,4.74,0.97,6,0,0.5,0.5,0.0,2
14442270,NBA,12,1,1,1,0.7608,1,1,0.7436,29,29,29,121,27,150,32,4.48,1.24,6,0,0.5,0.5,0.0,2
14442329,NBA,12,0,1,0,0.5776,1,0,0.5205,22,35,26,114,27,131,1,4.22,1.15,6,0,0.5,0.5,0.0,2
15265258,Argentina Liga Nacional,10,0,1,0,0.6953,1,0,0.5779,29,27,27,88,27,123,27,3.26,1.4,6,0,0.5,0.5,0.0,2
15881400,Chile LNB,10,0,0,1,0.3131,1,0,0.5632,22,18,27,79,27,94,10,2.93,1.19,6,0,0.5,0.5,0.0,1
15911663,"Liga Femenina, Women, Clausura, Playoffs",10,1,0,0,0.4679,0,0,0.4473,15,21,16,63,27,67,1,2.33,1.06,6,0,0.5,0.5,0.0,1
15911665,"Liga Femenina, Women, Clausura, Playoffs",10,0,1,0,0.5199,0,1,0.3953,20,17,14,55,27,80,10,2.04,1.45,6,0,0.5,0.5,0.0,1
14442475,NBA,12,0,0,1,0.4366,0,1,0.3518,35,32,43,147,27,145,5,5.44,0.99,6,0,0.5,0.5,0.0,2
15265259,Argentina Liga Nacional,10,1,0,0,0.3916,0,0,0.4926,27,19,20,76,27,107,3,2.81,1.41,6,0,0.5,0.5,0.0,2
15265263,Argentina Liga Nacional,10,0,0,1,0.3861,0,1,0.4851,23,34,24,89,27,113,15,3.3,1.27,6,0,0.5,0.5,0.0,2
15840834,Puerto Rico BSN,10,1,1,1,0.5582,1,1,0.5439,33,26,31,106,27,135,3,3.93,1.27,6,0,0.5,0.5,0.0,2
15881401,Chile LNB,10,1,1,1,0.673,1,1,0.5705,27,26,24,90,27,109,11,3.33,1.21,6,0,0.5,0.5,0.0,2
15909300,LNB 2,10,1,1,1,0.5995,0,0,0.3566,22,21,17,68,27,91,15,2.52,1.34,6,0,0.5,0.5,0.0,1
15930439,"Liga Femenina, Women, Clausura, Playoffs",10,0,0,1,0.3335,0,1,0.4015,22,20,23,71,27,87,21,2.63,1.23,6,0,0.5,0.5,0.0,1
15881387,Chile LNB,10,1,1,1,0.7339,1,1,0.6586,24,26,28,87,27,119,17,3.22,1.37,6,0,0.5,0.5,0.0,2
15881390,Chile LNB,10,0,0,1,0.4902,1,0,0.6334,27,28,31,100,27,127,17,3.7,1.27,6,0,0.5,0.5,0.0,2
14439280,NBA,12,0,1,0,0.6063,1,0,0.5529,34,29,28,124,27,145,17,4.59,1.17,6,0,0.5,0.5,0.0,2
15947402,"NBA G League, Playoffs",12,0,1,0,0.6405,1,0,0.5278,24,25,20,92,27,115,1,3.41,1.25,6,0,0.5,0.5,0.0,2
14439278,NBA,12,1,0,0,0.4059,1,1,0.5271,26,27,37,120,27,128,8,4.44,1.07,6,0,0.5,0.5,0.0,2
15558941,"LF Challenge, Regular Season",10,1,1,1,0.6063,1,1,0.6319,23,16,19,67,27,79,5,2.48,1.18,6,0,0.5,0.5,0.0,1
15915125,"Finland Division 1A Women, Playoffs",10,0,0,1,0.4148,0,1,0.4231,17,14,23,64,27,77,3,2.37,1.2,6,0,0.5,0.5,0.0,1
15958401,"Azerbaijan Basketball League, PLAY-IN",10,0,1,0,0.6671,1,0,0.5996,28,28,30,99,27,121,43,3.67,1.22,6,0,0.5,0.5,0.0,2
15915126,"1. Division, Women, Relegation Playoffs",10,1,1,1,0.6535,1,1,0.6828,17,22,28,71,27,93,21,2.63,1.31,6,0,0.5,0.5,0.0,1
14967135,China CBA,10,1,0,0,0.2617,0,0,0.4388,28,34,29,94,27,127,5,3.48,1.35,6,0,0.5,0.5,0.0,2
14967136,China CBA,10,0,0,1,0.4036,1,0,0.5429,31,28,27,93,27,133,3,3.44,1.43,6,0,0.5,0.5,0.0,2
14967137,China CBA,10,1,1,1,0.7791,0,0,0.3908,34,29,34,108,27,160,4,4.0,1.48,6,0,0.5,0.5,0.0,3
14967139,China CBA,10,1,0,0,0.3711,0,0,0.4051,25,32,36,108,27,125,9,4.0,1.16,6,0,0.5,0.5,0.0,2
14967140,China CBA,10,1,0,0,0.4871,1,1,0.6459,32,28,32,107,27,138,8,3.96,1.29,6,0,0.5,0.5,0.0,2
14024408,BNXT League,10,1,1,1,0.8033,1,1,0.6467,26,32,26,90,27,168,16,3.33,1.87,6,0,0.5,0.5,0.0,3
14967141,China CBA,10,0,0,1,0.4132,0,1,0.409,27,31,37,110,27,127,5,4.07,1.15,6,0,0.5,0.5,0.0,2
15592134,"Basketligaen, Championship round",10,1,1,1,0.5861,1,1,0.6668,24,28,31,97,27,112,4,3.59,1.15,6,0,0.5,0.5,0.0,2
15656983,"Champions League Asia-East, Group B",10,0,0,1,0.3864,0,1,0.4268,26,24,29,90,27,111,11,3.33,1.23,6,0,0.5,0.5,0.0,2
15592127,"Basketligaen, Championship round",10,0,0,1,0.36,0,1,0.4901,25,20,26,74,27,89,5,2.74,1.2,6,0,0.5,0.5,0.0,1
15759708,"Premier League, Women, Placement matches 9-12",10,1,1,1,0.5793,1,1,0.5498,13,21,24,66,27,85,5,2.44,1.29,6,0,0.5,0.5,0.0,1
14128963,Polish Basketball League,10,1,1,1,0.526,0,0,0.4747,29,22,34,95,27,117,3,3.52,1.23,6,0,0.5,0.5,0.0,2
14698328,Germany BBL,10,0,1,0,0.7239,1,0,0.5423,29,20,29,89,27,107,19,3.3,1.2,6,0,0.5,0.5,0.0,2
15526968,"Austrian Basketball Superliga, Championship Round",10,1,1,1,0.5406,1,1,0.5771,20,32,22,85,27,149,5,3.15,1.75,6,0,0.5,0.5,0.0,2
14428867,Betsafe-LKL,10,1,1,1,0.5921,1,1,0.6453,35,29,26,103,27,128,10,3.81,1.24,6,0,0.5,0.5,0.0,2
15700842,Belgian Basketball 2nd Division,10,0,1,0,0.6005,1,0,0.6489,17,17,20,65,27,89,7,2.41,1.37,6,0,0.5,0.5,0.0,1
15915127,"Finland Division 1A Women, Playoffs",10,1,0,0,0.3942,1,1,0.5158,23,23,26,79,27,101,1,2.93,1.28,6,0,0.5,0.5,0.0,2
15915128,"Finland Division 1A Women, Playoffs",10,1,1,1,0.6785,0,0,0.4466,17,23,21,67,27,93,17,2.48,1.39,6,0,0.5,0.5,0.0,1
15926594,"1. Division A, Playoffs",10,1,0,0,0.2666,1,1,0.5177,28,32,29,99,27,132,0,3.67,1.33,6,0,0.5,0.5,0.0,2
14698334,Germany BBL,10,0,1,0,0.6138,1,0,0.6187,25,24,23,81,27,103,9,3.0,1.27,6,0,0.5,0.5,0.0,2
14756778,Israeli National League Basketball,10,0,0,1,0.2607,0,1,0.4334,23,32,29,88,27,117,17,3.26,1.33,6,0,0.5,0.5,0.0,2
14756785,Israeli National League Basketball,10,1,1,1,0.7498,1,1,0.5413,32,21,31,98,27,113,13,3.63,1.15,6,0,0.5,0.5,0.0,2
15884914,"Golden Square, Golden Square",10,0,0,1,0.4434,1,0,0.5617,28,29,27,96,27,125,11,3.56,1.3,6,0,0.5,0.5,0.0,2
15485311,"ABA Liga, Relegation Round",10,1,1,1,0.5231,0,0,0.4355,11,27,19,68,27,78,8,2.52,1.15,6,0,0.5,0.5,0.0,1
15526945,"Austrian Basketball Superliga, Qualifying Round",10,0,0,1,0.4594,0,1,0.4631,30,30,25,94,27,133,21,3.48,1.41,6,0,0.5,0.5,0.0,2
15526949,"Austrian Basketball Superliga, Qualifying Round",10,1,0,0,0.3955,1,1,0.5203,30,20,27,87,27,127,5,3.22,1.46,6,0,0.5,0.5,0.0,2
15955220,"1st DBBL, Playoffs",10,1,1,1,0.6064,1,1,0.6538,20,20,22,73,27,89,1,2.7,1.22,6,0,0.5,0.5,0.0,1
14756766,Israeli National League Basketball,10,0,0,1,0.2786,0,1,0.3824,23,33,18,82,27,145,9,3.04,1.77,6,0,0.5,0.5,0.0,2
14756768,Israeli National League Basketball,10,1,1,1,0.667,1,1,0.6665,32,31,17,94,27,140,42,3.48,1.49,6,0,0.5,0.5,0.0,2
14756779,Israeli National League Basketball,10,1,1,1,0.758,1,1,0.5627,26,31,25,97,27,134,12,3.59,1.38,6,0,0.5,0.5,0.0,2
15526969,"Austrian Basketball Superliga, Championship Round",10,0,0,1,0.3309,1,0,0.5324,28,27,29,94,27,115,7,3.48,1.22,6,0,0.5,0.5,0.0,2
15526971,"Austrian Basketball Superliga, Championship Round",10,0,1,0,0.5404,1,0,0.5469,28,39,20,108,27,122,6,4.0,1.13,6,0,0.5,0.5,0.0,2
15566036,1. A SKL,10,0,0,1,0.3571,1,0,0.5099,26,28,24,102,27,117,19,3.78,1.15,6,0,0.5,0.5,0.0,2
15759716,"Premier League, Women, Placement matches 9-12",10,0,1,0,0.5258,1,0,0.5576,22,24,24,76,27,102,12,2.81,1.34,6,0,0.5,0.5,0.0,2
15926595,"1. Division A, Playoffs",10,1,1,1,0.6679,1,1,0.5146,29,26,34,103,27,118,0,3.81,1.15,6,0,0.5,0.5,0.0,2
15680841,1. A SKL,10,1,0,0,0.4267,1,1,0.5496,25,21,25,80,27,106,22,2.96,1.32,6,0,0.5,0.5,0.0,2
15911667,"1st Division Women, Úrslitakeppni",10,0,1,0,0.5621,1,0,0.5589,25,30,22,88,27,111,5,3.26,1.26,6,0,0.5,0.5,0.0,2
15919138,"A league , Playoffs",10,1,1,1,0.5397,1,1,0.5317,19,26,33,88,27,99,3,3.26,1.12,6,0,0.5,0.5,0.0,1
15958398,"Azerbaijan Basketball League, PLAY-IN",10,0,1,0,0.5791,0,1,0.4492,26,29,32,94,27,118,12,3.48,1.26,6,0,0.5,0.5,0.0,2
15665858,Bulgaria NBL,10,1,0,0,0.4355,1,1,0.5287,33,25,28,98,27,102,2,3.63,1.04,6,0,0.5,0.5,0.0,2
15485314,"ABA Liga, Relegation Round",10,0,0,1,0.4738,0,1,0.4503,23,38,25,111,27,115,1,4.11,1.04,6,0,0.5,0.5,0.0,2
14756780,Israeli National League Basketball,10,1,1,1,0.5609,1,1,0.6648,20,24,25,80,27,101,9,2.96,1.26,6,0,0.5,0.5,0.0,2
15915585,"Austrian Women's Basketball Bundesliga, Playoffs",10,1,1,1,0.5386,1,1,0.5239,32,23,12,77,27,103,7,2.85,1.34,6,0,0.5,0.5,0.0,2
15888422,"Iceland Basketball Premier League, Playoffs",10,0,1,0,0.5992,1,0,0.5725,21,34,32,89,27,120,4,3.3,1.35,6,0,0.5,0.5,0.0,2
15687318,Sparkasse Prva Liga Zeni,10,0,1,0,0.6051,1,0,0.6479,14,18,19,55,27,67,13,2.04,1.22,6,0,0.5,0.5,0.0,1
15888424,"Iceland Basketball Premier League, Playoffs",10,1,1,1,0.5771,0,0,0.4417,22,39,25,91,27,126,8,3.37,1.38,6,0,0.5,0.5,0.0,2
15203003,Brazil NBB,10,0,0,1,0.2978,0,1,0.458,20,28,27,85,27,96,12,3.15,1.13,6,0,0.5,0.5,0.0,1
15203004,Brazil NBB,10,0,0,1,0.2993,1,0,0.5175,35,24,31,97,27,119,7,3.59,1.23,6,0,0.5,0.5,0.0,2
14441776,NBA,12,0,1,0,0.6175,1,0,0.5211,31,23,25,106,27,122,4,3.93,1.15,6,0,0.5,0.5,0.0,2
14442409,NBA,12,0,0,1,0.4422,0,1,0.3308,31,38,27,126,27,135,17,4.67,1.07,6,0,0.5,0.5,0.0,2
15203006,Brazil NBB,10,0,1,0,0.6062,1,0,0.5856,28,32,31,102,27,116,12,3.78,1.14,6,0,0.5,0.5,0.0,2
15203010,Brazil NBB,10,1,1,1,0.5799,1,1,0.6618,20,21,23,77,27,101,13,2.85,1.31,6,0,0.5,0.5,0.0,2
15846699,Superliga,10,1,1,1,0.705,1,1,0.5662,26,29,27,98,27,120,2,3.63,1.22,6,0,0.5,0.5,0.0,2
15846701,Superliga,10,1,1,1,0.5136,1,1,0.565,24,26,25,95,27,104,6,3.52,1.09,6,0,0.5,0.5,0.0,2
15265262,Argentina Liga Nacional,10,0,1,0,0.5708,1,0,0.7066,14,35,29,83,27,98,8,3.07,1.18,6,0,0.5,0.5,0.0,1
15930440,"Liga Femenina, Women, Clausura, Playoffs",10,1,1,1,0.5609,1,1,0.577,17,24,23,75,27,86,22,2.78,1.15,6,0,0.5,0.5,0.0,1
14442094,NBA,12,1,1,1,0.7076,1,1,0.5036,29,33,34,118,27,136,6,4.37,1.15,6,0,0.5,0.5,0.0,2
14442235,NBA,12,0,0,1,0.4718,0,1,0.406,27,37,28,130,27,149,3,4.81,1.15,6,0,0.5,0.5,0.0,2
15840835,Puerto Rico BSN,10,1,0,0,0.2528,0,0,0.4662,35,36,37,119,27,160,2,4.41,1.34,6,0,0.5,0.5,0.0,3
15930441,"Liga Femenina, Women, Clausura, Playoffs",10,0,0,1,0.3244,0,1,0.4367,15,16,14,55,27,87,5,2.04,1.58,6,0,0.5,0.5,0.0,1
14441997,NBA,12,1,1,1,0.5376,1,1,0.5283,31,36,30,138,27,142,14,5.11,1.03,6,0,0.5,0.5,0.0,2
15948092,"LMB, Apertura",10,1,1,1,0.6276,0,0,0.3011,20,22,30,81,27,92,14,3.0,1.14,6,0,0.5,0.5,0.0,1
15948453,"LMB, Apertura",10,1,1,1,0.6239,0,0,0.4984,31,24,24,91,27,102,16,3.37,1.12,6,0,0.5,0.5,0.0,2
15347644,"NBL1 South, Women",10,0,0,1,0.3656,0,1,0.4005,19,24,30,84,27,106,0,3.11,1.26,6,0,0.5,0.5,0.0,2
15656665,PBA Commissioner's Cup,12,0,1,0,0.5833,1,0,0.6469,18,19,19,78,27,90,0,2.89,1.15,6,0,0.5,0.5,0.0,1
15347187,"NBL1, South",10,0,0,1,0.3402,0,1,0.4347,24,25,28,89,27,117,9,3.3,1.31,6,0,0.5,0.5,0.0,2
15915530,"Youth Basketball Champions League, Group A",10,0,0,1,0.3483,0,1,0.4735,20,19,18,67,27,91,15,2.48,1.36,6,0,0.5,0.5,0.0,1
15861672,"FIBA U18 Asia Cup CABA Qualifiers, Group A",10,1,1,1,0.9041,1,1,0.7055,21,22,17,63,27,96,44,2.33,1.52,6,0,0.5,0.5,0.0,1
15879419,"Georgian cup , Playoff",10,1,1,1,0.6649,1,1,0.5106,30,25,25,89,27,124,2,3.3,1.39,6,0,0.5,0.5,0.0,2
15958400,"Azerbaijan Basketball League, PLAY-IN",10,1,1,1,0.5909,0,0,0.3845,29,23,31,93,27,113,23,3.44,1.22,6,0,0.5,0.5,0.0,2
15656666,PBA Commissioner's Cup,12,0,0,1,0.4593,0,1,0.4796,30,26,34,126,27,109,13,4.67,0.87,6,0,0.5,0.5,0.0,2
14967142,China CBA,10,1,1,1,0.6586,1,1,0.6263,33,32,31,109,27,124,14,4.04,1.14,6,0,0.5,0.5,0.0,2
14967143,China CBA,10,0,0,1,0.3761,0,1,0.493,31,37,33,115,27,156,4,4.26,1.36,6,0,0.5,0.5,0.0,3
15656984,"Champions League Asia-East, Group B",10,0,1,0,0.6697,1,0,0.5221,29,27,29,100,27,117,15,3.7,1.17,6,0,0.5,0.5,0.0,2
15759718,"Premier League, Women, Placement matches 9-12",10,1,1,1,0.6464,1,1,0.5013,24,16,13,65,27,86,0,2.41,1.32,6,0,0.5,0.5,0.0,1
15861673,"FIBA U18 Asia Cup CABA Qualifiers, Group A",10,1,0,0,0.3919,1,1,0.5357,21,30,26,87,27,109,11,3.22,1.25,6,0,0.5,0.5,0.0,2
15915535,"Youth Basketball Champions League, Group C",10,0,0,1,0.486,0,1,0.463,20,29,26,83,27,108,20,3.07,1.3,6,0,0.5,0.5,0.0,2
15952743,"Super League, Playoffs",10,0,0,1,0.4018,0,1,0.4713,28,35,28,98,27,115,3,3.63,1.17,6,0,0.5,0.5,0.0,2
15879420,"Georgian cup , Playoff",10,1,0,0,0.4273,1,1,0.5162,28,24,19,84,27,122,10,3.11,1.45,6,0,0.5,0.5,0.0,2
15952744,"Super League, Playoffs",10,1,1,1,0.6161,1,1,0.6814,26,41,22,103,27,165,1,3.81,1.6,6,0,0.5,0.5,0.0,3
15889781,"ZBL, Playout",10,0,1,0,0.7315,1,0,0.6837,22,28,21,89,27,107,17,3.3,1.2,6,0,0.5,0.5,0.0,2
14775149,Liga Nationala,10,1,0,0,0.4213,1,1,0.6138,28,23,34,93,27,116,16,3.44,1.25,6,0,0.5,0.5,0.0,2
14775154,Liga Nationala,10,1,1,1,0.588,1,1,0.6128,27,29,20,87,27,143,23,3.22,1.64,6,0,0.5,0.5,0.0,2
15898891,"Superleague Women, Плей-офф",10,0,0,1,0.4739,0,1,0.478,19,27,18,70,27,84,18,2.59,1.2,6,0,0.5,0.5,0.0,1
15915129,"FBU Superleague, Playoffs",10,0,1,0,0.6047,0,1,0.4952,22,21,33,86,27,101,1,3.19,1.17,6,0,0.5,0.5,0.0,2
15929221,"NKL, Playoffs",10,1,1,1,0.7667,1,1,0.6411,23,27,27,84,27,108,6,3.11,1.29,6,0,0.5,0.5,0.0,2
15958399,"Azerbaijan Basketball League, PLAY-IN",10,1,0,0,0.2703,0,0,0.4383,22,22,34,96,27,104,8,3.56,1.08,6,0,0.5,0.5,0.0,2
15968312,"RKL Division A, Playoff",10,1,1,1,0.5298,0,0,0.3939,21,27,28,96,27,108,8,3.56,1.12,6,0,0.5,0.5,0.0,2
14775150,Liga Nationala,10,0,1,0,0.5734,0,1,0.4583,27,32,28,99,27,127,11,3.67,1.28,6,0,0.5,0.5,0.0,2
15759710,"Premier League, Women, Placement matches 9-12",10,1,1,1,0.7073,1,1,0.5173,16,16,18,62,27,61,3,2.3,0.98,6,0,0.5,0.5,0.0,1
15915533,"Youth Basketball Champions League, Group B",10,1,0,0,0.3344,0,0,0.4318,26,22,28,80,27,99,25,2.96,1.24,6,0,0.5,0.5,0.0,1
15935782,"1. Division B, Playoffs",10,0,0,1,0.2385,0,1,0.4246,31,39,40,121,27,153,15,4.48,1.26,6,0,0.5,0.5,0.0,3
15935783,"1. Division B, Playoffs",10,1,0,0,0.4859,1,1,0.557,19,31,19,77,27,90,0,2.85,1.17,6,0,0.5,0.5,0.0,1
15954979,"Korisliiga, Playoffs",10,1,1,1,0.6923,0,0,0.3961,25,24,25,89,27,113,5,3.3,1.27,6,0,0.5,0.5,0.0,2
14210782,Euroleague,10,0,1,0,0.659,0,1,0.4742,29,34,24,96,27,115,15,3.56,1.2,6,0,0.5,0.5,0.0,2
14441751,United League,10,0,0,1,0.4372,1,0,0.6143,19,21,28,77,27,92,22,2.85,1.19,6,0,0.5,0.5,0.0,1
14775148,Liga Nationala,10,1,1,1,0.7171,0,0,0.4262,23,28,22,89,27,109,7,3.3,1.22,6,0,0.5,0.5,0.0,2
14775152,Liga Nationala,10,0,0,1,0.3686,1,0,0.5569,26,37,30,105,27,121,7,3.89,1.15,6,0,0.5,0.5,0.0,2
15893639,"Basket Liga, Women, Playoffs",10,0,1,0,0.7291,1,0,0.553,27,28,22,79,27,100,32,2.93,1.27,6,0,0.5,0.5,0.0,1
15930442,"NKL, Playoffs",10,0,0,1,0.4343,0,1,0.4637,29,30,29,92,27,122,18,3.41,1.33,6,0,0.5,0.5,0.0,2
15944264,"A league , Playoffs",10,1,1,1,0.7104,1,1,0.5714,17,28,21,76,27,86,16,2.81,1.13,6,0,0.5,0.5,0.0,1
15946017,"Estonian-Latvian Basketball League, Playoffs",10,1,0,0,0.4865,1,1,0.5142,24,25,25,88,27,103,3,3.26,1.17,6,0,0.5,0.5,0.0,2
14441753,United League,10,0,1,0,0.5739,1,0,0.6283,30,19,18,76,27,104,2,2.81,1.37,6,0,0.5,0.5,0.0,2
15836519,"Champions League, Playoffs",10,0,0,1,0.4159,0,1,0.4603,27,27,24,83,27,101,5,3.07,1.22,6,0,0.5,0.5,0.0,2
15852469,"Cyprus Basketball Division A, Championship Round",10,1,1,1,0.5348,1,1,0.6062,27,25,21,80,27,120,14,2.96,1.5,6,0,0.5,0.5,0.0,2
15893638,"Basket Liga, Women, Playoffs",10,1,1,1,0.7056,0,0,0.4982,18,24,25,76,27,99,23,2.81,1.3,6,0,0.5,0.5,0.0,1
15933353,"FSHB Superliga, K.K.M 2025-26",10,1,0,0,0.3167,0,0,0.3832,29,28,29,94,27,130,42,3.48,1.38,6,0,0.5,0.5,0.0,2
15968313,"RKL Division A, Playoff",10,0,0,1,0.4156,1,0,0.5406,19,18,30,80,27,80,2,2.96,1.0,6,0,0.5,0.5,0.0,1
15968314,"RKL Division A, Playoff",10,1,1,1,0.7057,1,1,0.5678,27,26,24,101,27,119,3,3.74,1.18,6,0,0.5,0.5,0.0,2
15968315,"RKL Division A, Playoff",10,0,0,1,0.4475,1,0,0.5459,30,37,24,99,27,131,15,3.67,1.32,6,0,0.5,0.5,0.0,2
14210778,Euroleague,10,0,1,0,0.6104,1,0,0.6023,17,17,31,73,27,76,12,2.7,1.04,6,0,0.5,0.5,0.0,1
14441752,United League,10,1,1,1,0.6111,1,1,0.5198,29,28,25,92,27,112,20,3.41,1.22,6,0,0.5,0.5,0.0,2
14456422,Poland 1st Division Basketball,10,1,1,1,0.6021,1,1,0.6625,29,25,29,92,27,113,11,3.41,1.23,6,0,0.5,0.5,0.0,2
14775153,Liga Nationala,10,0,1,0,0.5451,1,0,0.6063,25,34,24,96,27,115,3,3.56,1.2,6,0,0.5,0.5,0.0,2
15705008,SuperSport Premijer Liga,10,0,0,1,0.3331,0,1,0.3865,20,24,36,89,27,103,15,3.3,1.16,6,0,0.5,0.5,0.0,2
15917642,"Swedish Basketball League Women, Playoffs",10,1,0,0,0.3718,1,1,0.5278,14,15,15,54,27,67,5,2.0,1.24,6,0,0.5,0.5,0.0,1
15954976,"ZBL, Playoffs",10,1,0,0,0.4268,1,1,0.5453,21,29,27,90,27,102,2,3.33,1.13,6,0,0.5,0.5,0.0,2
15913721,"Swedish Basketball League, Playoffs",10,1,1,1,0.5198,1,1,0.5674,20,32,26,90,27,114,2,3.33,1.27,6,0,0.5,0.5,0.0,2
15836517,"Champions League, Playoffs",10,1,1,1,0.6585,1,1,0.5922,23,38,20,89,27,116,22,3.3,1.3,6,0,0.5,0.5,0.0,2
14210780,Euroleague,10,1,0,0,0.445,1,1,0.5247,42,25,25,97,27,133,7,3.59,1.37,6,0,0.5,0.5,0.0,2
14272563,Élite 2,10,1,1,1,0.5851,1,1,0.5983,34,29,20,92,27,115,1,3.41,1.25,6,0,0.5,0.5,0.0,2
14272564,Élite 2,10,0,1,0,0.5582,1,0,0.5588,23,30,28,89,27,143,1,3.3,1.61,6,0,0.5,0.5,0.0,2
14272567,Élite 2,10,1,1,1,0.6481,1,1,0.6679,36,30,34,108,27,123,5,4.0,1.14,6,0,0.5,0.5,0.0,2
14272569,Élite 2,10,1,1,1,0.6264,1,1,0.6468,29,22,31,91,27,111,25,3.37,1.22,6,0,0.5,0.5,0.0,2
14272571,Élite 2,10,1,1,1,0.6065,0,0,0.4882,30,26,25,90,27,114,24,3.33,1.27,6,0,0.5,0.5,0.0,2
15745223,"Slovenian Second Basketball League, Liga za obstanek",10,1,1,1,0.6009,0,0,0.4846,28,35,30,98,27,119,11,3.63,1.21,6,0,0.5,0.5,0.0,2
15915538,"Youth Basketball Champions League, Group D",10,1,0,0,0.4328,1,1,0.5135,14,23,27,75,27,74,0,2.78,0.99,6,0,0.5,0.5,0.0,1
14210781,Euroleague,10,0,0,1,0.3039,0,1,0.4396,29,26,28,98,27,122,14,3.63,1.24,6,0,0.5,0.5,0.0,2
15909728,"A1 Women, Playoffs",10,1,1,1,0.5505,1,1,0.5522,24,25,23,79,27,107,13,2.93,1.35,6,0,0.5,0.5,0.0,2
14210783,Euroleague,10,1,1,1,0.5119,0,0,0.4407,29,22,24,81,27,115,23,3.0,1.42,6,0,0.5,0.5,0.0,2
14210784,Euroleague,10,1,1,1,0.7324,1,1,0.5111,30,32,30,101,27,149,9,3.74,1.48,6,0,0.5,0.5,0.0,2
14210786,Euroleague,10,1,1,1,0.6251,1,1,0.5425,24,25,24,86,27,111,7,3.19,1.29,6,0,0.5,0.5,0.0,2
14272565,Élite 2,10,0,1,0,0.664,1,0,0.6093,32,31,41,116,27,127,5,4.3,1.09,6,0,0.5,0.5,0.0,2
14272566,Élite 2,10,1,1,1,0.6307,1,1,0.6381,27,32,25,88,27,122,14,3.26,1.39,6,0,0.5,0.5,0.0,2
14272568,Élite 2,10,1,1,1,0.5332,0,0,0.4964,35,29,20,102,27,112,6,3.78,1.1,6,0,0.5,0.5,0.0,2
14272570,Élite 2,10,0,0,1,0.4242,1,0,0.5027,20,21,28,86,27,97,1,3.19,1.13,6,0,0.5,0.5,0.0,1
14272572,Élite 2,10,0,0,1,0.3689,1,0,0.508,27,27,25,88,27,111,9,3.26,1.26,6,0,0.5,0.5,0.0,2
14210785,Euroleague,10,0,0,1,0.225,0,1,0.4525,31,30,29,104,27,133,1,3.85,1.28,6,0,0.5,0.5,0.0,2
15888426,"Iceland Basketball Premier League, Playoffs",10,1,1,1,0.5411,1,1,0.5709,27,22,38,104,27,110,8,3.85,1.06,6,0,0.5,0.5,0.0,2
15908691,"1st Division Women, Úrslitakeppni",10,0,1,0,0.5999,1,0,0.5392,29,24,29,87,27,117,37,3.22,1.34,6,0,0.5,0.5,0.0,2
15682433,"Campeonato Nacional da 1ª Divisao Feminina, 2ª Fase - Grupo Promoção",10,0,1,0,0.5658,0,1,0.4278,21,23,23,75,27,90,12,2.78,1.2,6,0,0.5,0.5,0.0,1
15955351,"Portugal Proliga, Championship Round",10,1,1,1,0.5783,1,1,0.6895,19,24,22,70,27,95,1,2.59,1.36,6,0,0.5,0.5,0.0,1
15203011,Brazil NBB,10,1,0,0,0.3928,1,1,0.5613,21,25,19,74,27,101,11,2.74,1.36,6,0,0.5,0.5,0.0,2
15478486,"LBF, Women",10,0,1,0,0.5714,1,0,0.6135,19,23,18,66,27,89,13,2.44,1.35,6,0,0.5,0.5,0.0,1
15478487,"LBF, Women",10,0,0,1,0.4873,1,0,0.5106,24,28,27,87,27,112,18,3.22,1.29,6,0,0.5,0.5,0.0,2
14442004,NBA,12,1,1,1,0.6275,0,0,0.4752,31,33,35,121,27,131,15,4.48,1.08,6,0,0.5,0.5,0.0,2
14442193,NBA,12,1,0,0,0.4919,0,0,0.4795,33,25,28,118,27,121,27,4.37,1.03,6,0,0.5,0.5,0.0,2
15683985,"Liga Ouro, Classificação",10,1,0,0,0.4368,0,0,0.4733,20,24,22,81,27,107,1,3.0,1.32,6,0,0.5,0.5,0.0,2
15846700,Superliga,10,0,1,0,0.5789,1,0,0.5089,27,21,29,97,27,106,18,3.59,1.09,6,0,0.5,0.5,0.0,2
15846702,Superliga,10,1,1,1,0.5885,1,1,0.5263,22,20,28,81,27,93,9,3.0,1.15,6,0,0.5,0.5,0.0,1
15203008,Brazil NBB,10,1,1,1,0.6536,1,1,0.5288,22,26,36,91,27,114,4,3.37,1.25,6,0,0.5,0.5,0.0,2
14441884,NBA,12,1,0,0,0.4677,1,1,0.5089,27,32,26,110,27,131,15,4.07,1.19,6,0,0.5,0.5,0.0,2
14442322,NBA,12,0,1,0,0.523,0,1,0.4302,27,17,22,94,27,104,10,3.48,1.11,6,0,0.5,0.5,0.0,2
15203013,Brazil NBB,10,0,1,0,0.6249,1,0,0.6331,30,25,30,94,27,126,22,3.48,1.34,6,0,0.5,0.5,0.0,2
14442188,NBA,12,1,1,1,0.5834,0,0,0.4282,31,34,43,155,27,144,2,5.74,0.93,6,0,0.5,0.5,0.0,2
14442465,NBA,12,1,1,1,0.609,1,1,0.5277,22,32,29,101,27,128,4,3.74,1.27,6,0,0.5,0.5,0.0,2
15265254,Argentina Liga Nacional,10,0,0,1,0.4524,1,0,0.5832,27,30,29,102,27,116,4,3.78,1.14,6,0,0.5,0.5,0.0,2
15265267,Argentina Liga Nacional,10,1,1,1,0.5908,1,1,0.5531,17,16,23,89,27,87,13,3.3,0.98,6,0,0.5,0.5,0.0,1
15840822,Puerto Rico BSN,10,1,1,1,0.7595,1,1,0.6695,24,39,26,100,27,123,7,3.7,1.23,6,0,0.5,0.5,0.0,2
15840832,Puerto Rico BSN,10,1,1,1,0.7084,0,0,0.4271,25,24,25,81,27,108,14,3.0,1.33,6,0,0.5,0.5,0.0,2
15840840,Puerto Rico BSN,10,1,0,0,0.4395,1,1,0.5378,30,26,33,105,27,135,1,3.89,1.29,6,0,0.5,0.5,0.0,2
15909331,"Liga Argentina, Playoffs",10,0,1,0,0.6046,1,0,0.5456,22,28,24,85,27,111,3,3.15,1.31,6,0,0.5,0.5,0.0,2
15909335,"Liga Argentina, Playoffs",10,0,0,1,0.3372,0,1,0.4346,22,40,38,119,27,118,0,4.41,0.99,6,0,0.5,0.5,0.0,2
15265268,Argentina Liga Nacional,10,1,1,1,0.5389,1,1,0.538,24,24,19,75,27,97,7,2.78,1.29,6,0,0.5,0.5,0.0,1
15909333,"Liga Argentina, Playoffs",10,0,1,0,0.6554,1,0,0.5443,25,21,21,70,27,87,1,2.59,1.24,6,0,0.5,0.5,0.0,1
15909329,"Liga Argentina, Playoffs",10,0,0,1,0.4338,1,0,0.5846,28,25,31,93,27,118,8,3.44,1.27,6,0,0.5,0.5,0.0,2
14439254,NBA,12,1,0,0,0.4589,0,0,0.4229,25,32,26,108,27,131,9,4.0,1.21,6,0,0.5,0.5,0.0,2
15963589,"CIBACOPA , Segunda Vuelta",10,1,1,1,0.6763,1,1,0.5332,30,35,32,123,27,132,12,4.56,1.07,6,0,0.5,0.5,0.0,2
14441800,NBA,12,0,1,0,0.5816,1,0,0.5431,27,28,21,103,27,121,15,3.81,1.17,6,0,0.5,0.5,0.0,2
14442370,NBA,12,1,1,1,0.5171,1,1,0.6493,33,33,32,123,27,132,6,4.56,1.07,6,0,0.5,0.5,0.0,2
15963592,"CIBACOPA , Segunda Vuelta",10,1,1,1,0.5426,1,1,0.5192,23,22,31,98,27,109,1,3.63,1.11,6,0,0.5,0.5,0.0,2
14442086,NBA,12,0,0,1,0.4304,0,1,0.4795,30,31,31,126,27,118,0,4.67,0.94,6,0,0.5,0.5,0.0,2
15963591,"CIBACOPA , Segunda Vuelta",10,0,0,1,0.4704,0,1,0.4809,27,30,35,105,27,139,7,3.89,1.32,6,0,0.5,0.5,0.0,2
15759720,"Premier League, Women, Placement matches 9-12",10,0,1,0,0.7508,1,0,0.6045,19,19,26,71,27,81,9,2.63,1.14,6,0,0.5,0.5,0.0,1
15656667,PBA Commissioner's Cup,12,0,1,0,0.5882,0,1,0.4831,37,27,37,117,27,117,9,4.33,1.0,6,0,0.5,0.5,0.0,2
15952745,"Super League, Playoffs",10,0,0,1,0.376,1,0,0.5461,32,30,26,95,27,127,3,3.52,1.34,6,0,0.5,0.5,0.0,2
14194614,Korean Basketball League,10,0,0,1,0.2214,1,0,0.5036,20,22,18,68,27,90,24,2.52,1.32,6,0,0.5,0.5,0.0,1
14194615,Korean Basketball League,10,0,0,1,0.4282,0,1,0.3999,21,22,17,67,27,131,5,2.48,1.96,6,0,0.5,0.5,0.0,2
14194616,Korean Basketball League,10,1,1,1,0.5384,1,1,0.587,17,25,19,68,27,102,0,2.52,1.5,6,0,0.5,0.5,0.0,2
14194617,Korean Basketball League,10,0,1,0,0.5785,0,1,0.4856,30,30,30,99,27,145,1,3.67,1.46,6,0,0.5,0.5,0.0,2
14615968,B1 League,10,0,1,0,0.5448,1,0,0.5831,32,27,21,87,27,118,4,3.22,1.36,6,0,0.5,0.5,0.0,2
14615969,B1 League,10,1,1,1,0.5162,1,1,0.5264,32,19,24,84,27,107,11,3.11,1.27,6,0,0.5,0.5,0.0,2
14615970,B1 League,10,1,1,1,0.7338,1,1,0.6303,27,29,23,86,27,119,15,3.19,1.38,6,0,0.5,0.5,0.0,2
14615973,B1 League,10,0,0,1,0.4414,1,0,0.5418,32,24,27,93,27,117,13,3.44,1.26,6,0,0.5,0.5,0.0,2
14620850,B1 League,10,0,0,1,0.391,0,1,0.4362,21,27,25,92,27,103,3,3.41,1.12,6,0,0.5,0.5,0.0,2
14620851,B1 League,10,1,1,1,0.5773,0,0,0.4647,35,28,21,94,27,136,32,3.48,1.45,6,0,0.5,0.5,0.0,2
14620852,B1 League,10,1,0,0,0.3707,0,0,0.3763,23,20,15,68,27,103,15,2.52,1.51,6,0,0.5,0.5,0.0,2
14620853,B1 League,10,1,0,0,0.3713,0,0,0.4217,24,23,23,80,27,97,11,2.96,1.21,6,0,0.5,0.5,0.0,1
14620855,B1 League,10,0,0,1,0.2329,1,0,0.5229,32,36,27,105,27,145,1,3.89,1.38,6,0,0.5,0.5,0.0,2
14620857,B1 League,10,1,1,1,0.7575,1,1,0.6598,26,25,25,86,27,106,12,3.19,1.23,6,0,0.5,0.5,0.0,2
14620861,B1 League,10,0,1,0,0.5308,1,0,0.5899,17,25,27,81,27,111,13,3.0,1.37,6,0,0.5,0.5,0.0,2
15915529,"Youth Basketball Champions League, Group A",10,1,1,1,0.5867,1,1,0.5024,24,25,21,82,27,107,1,3.04,1.3,6,0,0.5,0.5,0.0,2
14620854,B1 League,10,1,1,1,0.5361,1,1,0.5884,21,25,19,76,27,93,3,2.81,1.22,6,0,0.5,0.5,0.0,1
15861674,"FIBA U18 Asia Cup CABA Qualifiers, Group A",10,0,0,1,0.1005,0,1,0.349,22,14,22,67,27,80,28,2.48,1.19,6,0,0.5,0.5,0.0,1
15656668,PBA Commissioner's Cup,12,1,1,1,0.5827,0,0,0.4691,26,32,30,114,27,131,17,4.22,1.15,6,0,0.5,0.5,0.0,2
16012624,"Women's National Basketball League, Regular Season",10,1,1,1,0.7202,1,1,0.5147,18,18,14,55,27,63,3,2.04,1.15,6,0,0.5,0.5,0.0,1
14967144,China CBA,10,0,1,0,0.5476,0,1,0.4478,33,33,33,109,27,150,22,4.04,1.38,6,0,0.5,0.5,0.0,2
14967145,China CBA,10,1,1,1,0.5829,0,0,0.4514,25,29,25,95,27,130,16,3.52,1.37,6,0,0.5,0.5,0.0,2
14967146,China CBA,10,1,1,1,0.7801,1,1,0.5653,30,38,34,110,27,136,10,4.07,1.24,6,0,0.5,0.5,0.0,2
14967147,China CBA,10,0,0,1,0.4314,1,0,0.5734,35,44,24,133,27,133,15,4.93,1.0,6,0,0.5,0.5,0.0,2
14967149,China CBA,10,1,1,1,0.5221,1,1,0.5348,31,30,29,113,27,132,6,4.19,1.17,6,0,0.5,0.5,0.0,2
15759712,"Premier League, Women, Placement matches 9-12",10,1,1,1,0.5551,1,1,0.5883,22,30,14,77,27,110,20,2.85,1.43,6,0,0.5,0.5,0.0,2
15925225,"Premier League, Women, Placement matches 5 to 8",10,0,1,0,0.7161,0,1,0.4914,26,23,27,84,27,108,26,3.11,1.29,6,0,0.5,0.5,0.0,2
15968470,"NLB, Playoffs",10,0,0,1,0.2083,0,1,0.3974,20,23,23,96,27,89,9,3.56,0.93,6,0,0.5,0.5,0.0,1
15972562,"Superliga, Women",10,0,1,0,0.5872,1,0,0.6468,16,21,32,74,27,81,31,2.74,1.09,6,0,0.5,0.5,0.0,1
15933354,"FSHB Superliga, K.K.M 2025-26",10,0,0,1,0.3713,0,1,0.4172,32,34,29,103,27,153,43,3.81,1.49,6,0,0.5,0.5,0.0,3
15852470,"Cyprus Basketball Division A, Championship Round",10,1,0,0,0.3725,0,0,0.4915,21,24,22,76,27,100,8,2.81,1.32,6,0,0.5,0.5,0.0,1
15861675,"FIBA U18 Asia Cup CABA Qualifiers, Group A",10,1,1,1,0.878,1,1,0.8579,22,10,15,56,27,66,32,2.07,1.18,6,0,0.5,0.5,0.0,1
15915536,"Youth Basketball Champions League, Group C",10,0,0,1,0.1827,0,1,0.3195,24,20,41,92,27,104,34,3.41,1.13,6,0,0.5,0.5,0.0,2
16012629,"Women's National Basketball League, Regular Season",10,1,1,1,0.7097,1,1,0.5392,11,18,14,48,27,63,15,1.78,1.31,6,0,0.5,0.5,0.0,1
15952746,"Super League, Playoffs",10,0,1,0,0.5859,1,0,0.5973,18,25,27,76,27,93,11,2.81,1.22,6,0,0.5,0.5,0.0,1
14441754,United League,10,1,1,1,0.5123,1,1,0.5747,14,20,19,66,27,96,6,2.44,1.45,6,0,0.5,0.5,0.0,1
14456421,Poland 1st Division Basketball,10,1,0,0,0.4165,1,1,0.5055,20,32,26,88,27,111,3,3.26,1.26,6,0,0.5,0.5,0.0,2
14456427,Poland 1st Division Basketball,10,0,0,1,0.4668,0,1,0.4804,18,27,18,77,27,93,19,2.85,1.21,6,0,0.5,0.5,0.0,1
15566042,1. A SKL,10,0,1,0,0.606,1,0,0.6047,28,21,26,84,27,137,21,3.11,1.63,6,0,0.5,0.5,0.0,2
15908405,"Premier League, Women, Playoffs",10,0,0,1,0.4417,1,0,0.5043,25,24,21,82,27,121,1,3.04,1.48,6,0,0.5,0.5,0.0,2
15915197,"FBU Superleague, Playoffs",10,0,1,0,0.5331,1,0,0.5441,28,29,32,100,27,119,1,3.7,1.19,6,0,0.5,0.5,0.0,2
15925223,"Premier League, Women, Placement matches 5 to 8",10,1,0,0,0.318,0,0,0.4209,22,24,19,76,27,85,5,2.81,1.12,6,0,0.5,0.5,0.0,1
15972563,"Superliga, Women",10,1,1,1,0.7113,1,1,0.6291,23,21,17,70,27,94,2,2.59,1.34,6,0,0.5,0.5,0.0,1
15972599,"Georgian cup , Playoff",10,1,1,1,0.6389,1,1,0.5403,20,24,21,77,27,110,10,2.85,1.43,6,0,0.5,0.5,0.0,2
14220538,Liga Femenina,10,1,1,1,0.5306,1,1,0.5462,23,27,15,81,27,106,2,3.0,1.31,6,0,0.5,0.5,0.0,2
15914945,"FBU Superleague, Playoffs",10,0,0,1,0.4273,0,1,0.4816,29,25,24,85,27,133,29,3.15,1.56,6,0,0.5,0.5,0.0,2
15915532,"Youth Basketball Champions League, Group B",10,0,1,0,0.5405,1,0,0.5781,15,23,29,80,27,81,9,2.96,1.01,6,0,0.5,0.5,0.0,1
15926598,"Korisliiga, Women, Playoffs",10,1,1,1,0.5005,0,0,0.3934,20,13,21,62,27,72,24,2.3,1.16,6,0,0.5,0.5,0.0,1
15926599,"Korisliiga, Women, Playoffs",10,1,1,1,0.6189,1,1,0.5807,20,20,18,65,27,87,1,2.41,1.34,6,0,0.5,0.5,0.0,1
15951210,"Poland 2nd Basketball League, PO",10,1,1,1,0.6285,0,0,0.4913,24,30,25,86,27,114,2,3.19,1.33,6,0,0.5,0.5,0.0,2
15951215,"Poland 2nd Basketball League, PO",10,0,1,0,0.5101,1,0,0.5847,17,28,26,84,27,108,12,3.11,1.29,6,0,0.5,0.5,0.0,2
15962787,"Finland Division 1A Women, Playoffs",10,1,1,1,0.536,0,0,0.4972,15,18,16,58,27,74,2,2.15,1.28,6,0,0.5,0.5,0.0,1
14441756,United League,10,0,1,0,0.5427,1,0,0.604,28,32,26,99,27,124,12,3.67,1.25,6,0,0.5,0.5,0.0,2
14456420,Poland 1st Division Basketball,10,0,0,1,0.4759,1,0,0.536,34,30,28,102,27,119,13,3.78,1.17,6,0,0.5,0.5,0.0,2
14456423,Poland 1st Division Basketball,10,1,1,1,0.8295,1,1,0.5905,29,35,34,105,27,120,22,3.89,1.14,6,0,0.5,0.5,0.0,2
14456425,Poland 1st Division Basketball,10,1,1,1,0.5861,0,0,0.4957,25,30,32,101,27,126,12,3.74,1.25,6,0,0.5,0.5,0.0,2
15514811,"NBL Women , Regular Season",10,1,0,0,0.3901,0,0,0.4916,23,20,23,81,27,85,3,3.0,1.05,6,0,0.5,0.5,0.0,1
15514829,"NBL Women , Regular Season",10,0,1,0,0.6103,1,0,0.6497,23,23,19,68,27,94,6,2.52,1.38,6,0,0.5,0.5,0.0,1
15525452,"NBL Men , Regular Season",10,0,0,1,0.2683,0,1,0.4897,17,23,23,67,27,92,6,2.48,1.37,6,0,0.5,0.5,0.0,1
15665856,Bulgaria NBL,10,1,0,0,0.4249,1,1,0.5529,31,28,27,98,27,120,0,3.63,1.22,6,0,0.5,0.5,0.0,2
15852468,"Cyprus Basketball Division A, Championship Round",10,1,0,0,0.3706,0,0,0.4851,32,21,28,89,27,118,2,3.3,1.33,6,0,0.5,0.5,0.0,2
15910243,"1. Liga, Playoffs",10,1,1,1,0.5876,1,1,0.58,30,29,35,99,27,118,4,3.67,1.19,6,0,0.5,0.5,0.0,2
15915552,"Qatar Cup , Knock-out",10,0,0,1,0.3962,1,0,0.519,20,25,19,77,27,98,16,2.85,1.27,6,0,0.5,0.5,0.0,1
15920805,"NKL, Playoffs",10,0,1,0,0.6193,1,0,0.6211,24,19,34,86,27,95,5,3.19,1.1,6,0,0.5,0.5,0.0,1
15924791,"ABA League 2, Playoffs",10,1,1,1,0.5782,1,1,0.5587,36,30,32,108,27,133,11,4.0,1.23,6,0,0.5,0.5,0.0,2
15936180,"Basket Liga, Women, Playoffs",10,1,1,1,0.5383,1,1,0.6044,22,23,25,79,27,92,18,2.93,1.16,6,0,0.5,0.5,0.0,1
15936362,Estonian National Women's Basketball League,10,1,1,1,0.695,1,1,0.6672,14,15,23,62,27,65,23,2.3,1.05,6,0,0.5,0.5,0.0,1
15946016,"Estonian-Latvian Basketball League, Playoffs",10,0,0,1,0.4342,0,1,0.4353,31,32,23,99,27,131,1,3.67,1.32,6,0,0.5,0.5,0.0,2
15951216,"Poland 2nd Basketball League, PO",10,1,1,1,0.696,1,1,0.6127,23,26,25,82,27,109,15,3.04,1.33,6,0,0.5,0.5,0.0,2
15951219,"Poland 2nd Basketball League, PO",10,0,1,0,0.5499,1,0,0.5588,26,37,21,94,27,129,9,3.48,1.37,6,0,0.5,0.5,0.0,2
15951224,"Zain Basketball League, Playoffs",10,1,1,1,0.5896,1,1,0.6392,23,21,26,73,27,101,1,2.7,1.38,6,0,0.5,0.5,0.0,2
15962791,"Finland Division 1A Women, Playoffs",10,1,1,1,0.6536,1,1,0.5121,25,19,23,73,27,125,7,2.7,1.71,6,0,0.5,0.5,0.0,2
15970121,"1. Division, Women, Playoffs",10,0,1,0,0.6999,1,0,0.5639,25,17,14,65,27,90,22,2.41,1.38,6,0,0.5,0.5,0.0,1
15973333,"ZBL, Playoffs",10,1,1,1,0.5627,1,1,0.597,23,26,27,83,27,113,39,3.07,1.36,6,0,0.5,0.5,0.0,2
15973335,"ZBL, Playoffs",10,1,1,1,0.942,1,1,0.8458,22,20,30,81,27,101,45,3.0,1.25,6,0,0.5,0.5,0.0,2
15592163,"Basketligaen, Placement round",10,1,1,1,0.8268,1,1,0.7044,20,22,29,81,27,98,42,3.0,1.21,6,0,0.5,0.5,0.0,1
15951213,"Poland 2nd Basketball League, PO",10,0,0,1,0.4502,0,1,0.4283,22,28,31,94,27,115,21,3.48,1.22,6,0,0.5,0.5,0.0,2
15951218,"Poland 2nd Basketball League, PO",10,1,1,1,0.6205,1,1,0.5646,26,25,29,89,27,116,32,3.3,1.3,6,0,0.5,0.5,0.0,2
14731198,Princ Caffe Superliga,10,1,1,1,0.8252,1,1,0.6088,24,39,32,105,27,120,16,3.89,1.14,6,0,0.5,0.5,0.0,2
14731200,Princ Caffe Superliga,10,0,0,1,0.4857,0,1,0.4313,32,25,27,95,27,106,14,3.52,1.12,6,0,0.5,0.5,0.0,2
15592161,"Basketligaen, Placement round",10,1,1,1,0.5074,1,1,0.5494,30,22,38,107,27,111,5,3.96,1.04,6,0,0.5,0.5,0.0,2
15687317,Sparkasse Prva Liga Zeni,10,0,0,1,0.3096,0,1,0.494,23,17,19,66,27,82,18,2.44,1.24,6,0,0.5,0.5,0.0,1
15745208,"Slovenian Second Basketball League, Četrtfinale",10,0,1,0,0.735,1,0,0.6253,26,21,33,94,27,97,5,3.48,1.03,6,0,0.5,0.5,0.0,1
15836513,"Champions League, Playoffs",10,0,0,1,0.4322,1,0,0.5385,18,21,24,68,27,80,8,2.52,1.18,6,0,0.5,0.5,0.0,1
15910245,"1. Liga, Playoffs",10,0,0,1,0.4264,0,1,0.466,24,30,27,90,27,127,21,3.33,1.41,6,0,0.5,0.5,0.0,2
15912058,"Nostra.lt-RKL Division B, Ketvirtfinalia",10,0,0,1,0.4193,1,0,0.5172,21,32,25,88,27,106,4,3.26,1.2,6,0,0.5,0.5,0.0,2
15917641,"Swedish Basketball League Women, Playoffs",10,0,0,1,0.3437,0,1,0.4949,26,25,27,88,27,105,3,3.26,1.19,6,0,0.5,0.5,0.0,2
15951211,"Poland 2nd Basketball League, PO",10,1,0,0,0.4171,1,1,0.5364,17,24,23,78,27,86,2,2.89,1.1,6,0,0.5,0.5,0.0,1
15951220,"Poland 2nd Basketball League, PO",10,1,0,0,0.4889,1,1,0.5834,35,27,25,98,27,125,9,3.63,1.28,6,0,0.5,0.5,0.0,2
15951221,"Poland 2nd Basketball League, PO",10,0,1,0,0.6956,1,0,0.6436,40,25,40,120,27,126,22,4.44,1.05,6,0,0.5,0.5,0.0,2
15951569,"1. SKL, Women, Playoffs",10,0,0,1,0.4312,1,0,0.5688,21,21,21,71,27,115,17,2.63,1.62,6,0,0.5,0.5,0.0,2
15974933,Leaders Cup,10,1,1,1,0.7267,1,1,0.5537,32,27,25,95,27,109,7,3.52,1.15,6,0,0.5,0.5,0.0,2
15913719,"Swedish Basketball League, Playoffs",10,1,0,0,0.3859,1,1,0.5462,26,29,31,94,27,122,10,3.48,1.3,6,0,0.5,0.5,0.0,2
14024286,BNXT League,10,1,1,1,0.5564,1,1,0.5549,27,24,25,82,27,109,7,3.04,1.33,6,0,0.5,0.5,0.0,2
14210787,Euroleague,10,0,0,1,0.4822,1,0,0.6321,28,23,27,86,27,104,10,3.19,1.21,6,0,0.5,0.5,0.0,2
14210788,Euroleague,10,1,1,1,0.639,0,0,0.4872,14,19,26,89,27,78,8,3.3,0.88,6,0,0.5,0.5,0.0,1
15592164,"Basketligaen, Placement round",10,0,1,0,0.5523,1,0,0.5709,27,30,22,93,27,116,10,3.44,1.25,6,0,0.5,0.5,0.0,2
15945609,"Eurocup, Playoffs",10,1,1,1,0.6424,0,0,0.4805,24,27,30,91,27,117,11,3.37,1.29,6,0,0.5,0.5,0.0,2
15968471,"NLB, Playoffs",10,0,0,1,0.3494,0,1,0.414,25,17,24,71,27,133,5,2.63,1.87,6,0,0.5,0.5,0.0,2
14220537,Liga Femenina,10,1,1,1,0.6204,0,0,0.2833,26,28,23,90,27,131,29,3.33,1.46,6,0,0.5,0.5,0.0,2
14220539,Liga Femenina,10,1,1,1,0.5365,1,1,0.5371,18,21,18,65,27,92,0,2.41,1.42,6,0,0.5,0.5,0.0,1
14220541,Liga Femenina,10,1,1,1,0.5505,1,1,0.5483,17,23,20,67,27,83,5,2.48,1.24,6,0,0.5,0.5,0.0,1
14220542,Liga Femenina,10,1,1,1,0.6618,0,0,0.4766,25,21,25,76,27,96,24,2.81,1.26,6,0,0.5,0.5,0.0,1
14220544,Liga Femenina,10,1,1,1,0.6216,1,1,0.6705,20,19,19,65,27,93,9,2.41,1.43,6,0,0.5,0.5,0.0,1
14456713,Prva Liga,10,0,0,1,0.2642,0,1,0.4774,31,24,21,86,27,133,17,3.19,1.55,6,0,0.5,0.5,0.0,2
15525447,"NBL Men , Regular Season",10,1,1,1,0.7315,1,1,0.5493,18,22,25,74,27,82,10,2.74,1.11,6,0,0.5,0.5,0.0,1
15597855,"Nationale 1, Promotion Round",10,1,1,1,0.6364,1,1,0.6166,22,22,23,85,27,129,5,3.15,1.52,6,0,0.5,0.5,0.0,2
15597956,"Nationale 1, Relegation Round",10,1,0,0,0.4093,0,0,0.4346,26,25,27,82,27,115,5,3.04,1.4,6,0,0.5,0.5,0.0,2
15687320,Sparkasse Prva Liga Zeni,10,1,1,1,0.5629,1,1,0.5779,26,17,16,69,27,77,1,2.56,1.12,6,0,0.5,0.5,0.0,1
15823063,"FIBA Europe Cup, Playoffs",10,1,1,1,0.746,1,1,0.6153,28,28,29,100,27,122,6,3.7,1.22,6,0,0.5,0.5,0.0,2
15836514,"Champions League, Playoffs",10,1,1,1,0.58,0,0,0.4989,20,26,23,96,27,96,6,3.56,1.0,6,0,0.5,0.5,0.0,1
15915539,"Youth Basketball Champions League, Group D",10,1,1,1,0.5176,1,1,0.5938,23,24,25,83,27,93,11,3.07,1.12,6,0,0.5,0.5,0.0,1
15915551,"Qatar Cup , Knock-out",10,1,1,1,0.8297,1,1,0.6429,15,20,16,56,27,84,20,2.07,1.5,6,0,0.5,0.5,0.0,1
15951212,"Poland 2nd Basketball League, PO",10,0,1,0,0.5272,1,0,0.5797,28,25,18,84,27,103,15,3.11,1.23,6,0,0.5,0.5,0.0,2
15951214,"Poland 2nd Basketball League, PO",10,0,0,1,0.2702,0,1,0.4002,25,31,26,87,27,114,0,3.22,1.31,6,0,0.5,0.5,0.0,2
15951217,"Poland 2nd Basketball League, PO",10,1,1,1,0.84,1,1,0.6402,25,28,23,86,27,112,4,3.19,1.3,6,0,0.5,0.5,0.0,2
15951222,"Poland 2nd Basketball League, PO",10,1,1,1,0.6584,1,1,0.6312,26,29,26,90,27,106,20,3.33,1.18,6,0,0.5,0.5,0.0,2
15968472,"NLB, Playoffs",10,1,1,1,0.5184,1,1,0.5151,19,17,33,77,27,88,4,2.85,1.14,6,0,0.5,0.5,0.0,1
15970122,"1. Division, Women, Playoffs",10,0,1,0,0.673,0,1,0.4722,11,20,24,61,27,72,0,2.26,1.18,6,0,0.5,0.5,0.0,1
14220540,Liga Femenina,10,0,1,0,0.5303,1,0,0.6573,20,22,25,78,27,89,1,2.89,1.14,6,0,0.5,0.5,0.0,1
14341818,Serie A2,10,1,1,1,0.5252,1,1,0.5271,24,25,23,87,27,107,17,3.22,1.23,6,0,0.5,0.5,0.0,2
14341820,Serie A2,10,0,1,0,0.5352,1,0,0.595,21,22,24,70,27,96,10,2.59,1.37,6,0,0.5,0.5,0.0,1
14341822,Serie A2,10,1,0,0,0.3415,1,1,0.5611,28,33,24,94,27,122,2,3.48,1.3,6,0,0.5,0.5,0.0,2
14341823,Serie A2,10,0,1,0,0.538,0,1,0.4168,25,28,27,86,27,117,5,3.19,1.36,6,0,0.5,0.5,0.0,2
15823062,"FIBA Europe Cup, Playoffs",10,1,1,1,0.5387,1,1,0.6295,21,28,30,93,27,108,6,3.44,1.16,6,0,0.5,0.5,0.0,2
15924792,"ABA League 2, Playoffs",10,1,1,1,0.6656,1,1,0.5428,18,37,32,98,27,111,3,3.63,1.13,6,0,0.5,0.5,0.0,2
15965529,"A1 Women, Relegation Playoffs",10,1,1,1,0.6262,1,1,0.6391,21,35,27,94,27,114,8,3.48,1.21,6,0,0.5,0.5,0.0,2
15968473,"NLB, Playoffs",10,1,0,0,0.2076,0,0,0.4211,23,27,25,100,27,119,17,3.7,1.19,6,0,0.5,0.5,0.0,2
14341821,Serie A2,10,1,0,0,0.4183,0,0,0.4048,28,26,24,90,27,106,2,3.33,1.18,6,0,0.5,0.5,0.0,2
14341825,Serie A2,10,1,1,1,0.5574,1,1,0.5392,26,24,32,90,27,114,10,3.33,1.27,6,0,0.5,0.5,0.0,2
14341824,Serie A2,10,0,1,0,0.5711,1,0,0.5062,26,22,24,85,27,105,11,3.15,1.24,6,0,0.5,0.5,0.0,2
15885912,"Iceland Women's Basketball Premier League, Playoffs",10,1,0,0,0.4767,1,1,0.5601,27,19,32,94,27,104,4,3.48,1.11,6,0,0.5,0.5,0.0,2
15843228,"1st Division Men, Úrslitakeppni",10,1,0,0,0.4781,0,0,0.4605,29,30,27,94,27,122,4,3.48,1.3,6,0,0.5,0.5,0.0,2
15885910,"Iceland Women's Basketball Premier League, Playoffs",10,0,0,1,0.4991,1,0,0.7353,22,28,29,91,27,108,24,3.37,1.19,6,0,0.5,0.5,0.0,2
15203009,Brazil NBB,10,0,1,0,0.5894,1,0,0.5531,36,29,27,106,27,120,10,3.93,1.13,6,0,0.5,0.5,0.0,2
15478489,"LBF, Women",10,1,1,1,0.5693,1,1,0.5227,21,22,16,65,27,115,5,2.41,1.77,6,0,0.5,0.5,0.0,2
15265269,Argentina Liga Nacional,10,0,0,1,0.3867,0,1,0.455,23,23,22,76,27,97,3,2.81,1.28,6,0,0.5,0.5,0.0,1
14439239,NBA,12,0,0,1,0.4666,0,1,0.4631,33,31,32,126,27,143,3,4.67,1.13,6,0,0.5,0.5,0.0,2
14439283,NBA,12,0,1,0,0.5548,0,1,0.39,32,26,32,126,27,134,6,4.67,1.06,6,0,0.5,0.5,0.0,2
15899090,Superliga,10,0,0,1,0.3321,1,0,0.5024,24,29,28,93,27,114,8,3.44,1.23,6,0,0.5,0.5,0.0,2
15909325,"Liga Argentina, Playoffs",10,1,1,1,0.5422,0,0,0.4418,29,31,18,85,27,162,28,3.15,1.91,6,0,0.5,0.5,0.0,3
15956913,"NBA G League, Playoffs",12,0,1,0,0.6489,1,0,0.538,33,21,24,99,27,131,3,3.67,1.32,6,0,0.5,0.5,0.0,2
15265265,Argentina Liga Nacional,10,1,1,1,0.854,1,1,0.6465,26,28,27,87,27,120,12,3.22,1.38,6,0,0.5,0.5,0.0,2
15840823,Puerto Rico BSN,10,1,1,1,0.5384,1,1,0.6339,25,26,38,105,27,113,15,3.89,1.08,6,0,0.5,0.5,0.0,2
15840826,Puerto Rico BSN,10,1,1,1,0.5805,1,1,0.5767,26,34,31,101,27,124,20,3.74,1.23,6,0,0.5,0.5,0.0,2
15909323,"Liga Argentina, Playoffs",10,1,1,1,0.5096,1,1,0.5207,19,16,32,81,27,89,3,3.0,1.1,6,0,0.5,0.5,0.0,1
15951130,Chile LNB,10,1,0,0,0.3611,0,0,0.3786,27,27,24,87,27,112,18,3.22,1.29,6,0,0.5,0.5,0.0,2
15898695,"Uruguay LUB, Championship Round",10,1,1,1,0.7854,1,1,0.5467,22,26,26,86,27,107,1,3.19,1.24,6,0,0.5,0.5,0.0,2
15909328,"Liga Argentina, Playoffs",10,1,0,0,0.3823,0,0,0.4013,29,22,24,80,27,119,13,2.96,1.49,6,0,0.5,0.5,0.0,2
15909332,"Liga Argentina, Playoffs",10,1,0,0,0.3469,0,0,0.3969,21,24,28,88,27,114,2,3.26,1.3,6,0,0.5,0.5,0.0,2
14441991,NBA,12,1,1,1,0.6223,1,1,0.6839,34,34,30,127,27,151,5,4.7,1.19,6,0,0.5,0.5,0.0,3
15948091,"LMB, Apertura",10,1,0,0,0.2392,0,0,0.4613,29,32,30,99,27,134,4,3.67,1.35,6,0,0.5,0.5,0.0,2
14439288,NBA,12,0,1,0,0.5198,1,0,0.5976,26,34,21,105,27,128,10,3.89,1.22,6,0,0.5,0.5,0.0,2
14442149,NBA,12,0,0,1,0.4936,1,0,0.557,28,30,30,112,27,126,16,4.15,1.12,6,0,0.5,0.5,0.0,2
14442154,NBA,12,0,1,0,0.5699,1,0,0.5814,28,34,29,123,27,134,20,4.56,1.09,6,0,0.5,0.5,0.0,2
15963595,"CIBACOPA , Segunda Vuelta",10,0,0,1,0.4994,1,0,0.5519,27,25,27,87,27,114,14,3.22,1.31,6,0,0.5,0.5,0.0,2
15963593,"CIBACOPA , Segunda Vuelta",10,0,0,1,0.2354,0,1,0.4277,23,29,28,87,27,123,17,3.22,1.41,6,0,0.5,0.5,0.0,2
15963594,"CIBACOPA , Segunda Vuelta",10,0,0,1,0.3989,0,1,0.4391,40,27,30,110,27,150,28,4.07,1.36,6,0,0.5,0.5,0.0,2
15963596,"CIBACOPA , Segunda Vuelta",10,1,0,0,0.4974,1,1,0.5173,29,40,37,116,27,144,4,4.3,1.24,6,0,0.5,0.5,0.0,2
15968360,"EYBL U20, SUPERFINAL - 09./12.04.2026 - Reggio Calabria, Italy",10,1,1,1,0.6194,1,1,0.5426,33,29,27,102,27,131,11,3.78,1.28,6,0,0.5,0.5,0.0,2
15968644,"Rapid League, Regular Season",10,1,1,1,0.7057,0,0,0.4457,5,9,15,34,27,32,4,1.26,0.94,6,0,0.5,0.5,0.0,0
15217608,New Zealand NBL,10,0,1,0,0.7691,1,0,0.677,33,23,25,88,27,119,3,3.26,1.35,6,0,0.5,0.5,0.0,2
15945182,"EYBL U20, SUPERFINAL - 09./12.04.2026 - Reggio Calabria, Italy",10,1,0,0,0.3307,0,0,0.4985,21,27,20,76,27,95,7,2.81,1.25,6,0,0.5,0.5,0.0,1
15347645,"NBL1 South, Women",10,0,1,0,0.6179,1,0,0.5484,31,30,21,91,27,125,5,3.37,1.37,6,0,0.5,0.5,0.0,2
15945183,"EYBL U20, SUPERFINAL - 09./12.04.2026 - Reggio Calabria, Italy",10,0,1,0,0.5852,1,0,0.5293,29,23,26,89,27,110,0,3.3,1.24,6,0,0.5,0.5,0.0,2
15347188,"NBL1, South",10,0,0,1,0.3107,0,1,0.4157,27,23,23,84,27,109,3,3.11,1.3,6,0,0.5,0.5,0.0,2
15915531,"Youth Basketball Champions League, Group A",10,1,1,1,0.5382,1,1,0.5246,29,22,18,77,27,99,17,2.85,1.29,6,0,0.5,0.5,0.0,1
15861676,"FIBA U18 Asia Cup CABA Qualifiers, Group A",10,1,1,1,0.9396,1,1,0.895,22,15,21,64,27,86,50,2.37,1.34,6,0,0.5,0.5,0.0,1
15982278,"EYBL U20, CHALLENGE CUP",10,0,1,0,0.7678,1,0,0.559,27,23,28,88,27,115,31,3.26,1.31,6,0,0.5,0.5,0.0,2
15983158,"Egyptian Women's Basketball Super League, Regular Season",10,1,1,1,0.5442,1,1,0.6585,23,18,26,73,27,85,11,2.7,1.16,6,0,0.5,0.5,0.0,1
15968361,"EYBL U20, SUPERFINAL - 09./12.04.2026 - Reggio Calabria, Italy",10,0,0,1,0.2193,0,1,0.315,26,22,24,87,27,94,30,3.22,1.08,6,0,0.5,0.5,0.0,1
14967150,China CBA,10,1,1,1,0.6457,0,0,0.4484,27,27,23,87,27,115,11,3.22,1.32,6,0,0.5,0.5,0.0,2
14967151,China CBA,10,1,0,0,0.4219,0,0,0.4825,33,27,32,104,27,134,2,3.85,1.29,6,0,0.5,0.5,0.0,2
15656985,"Champions League Asia-East, Group B",10,1,1,1,0.5932,1,1,0.5361,26,30,17,77,27,125,3,2.85,1.62,6,0,0.5,0.5,0.0,2
15696830," Liga 1 Masculin, Faza II",10,0,1,0,0.7628,1,0,0.6376,22,16,23,67,27,85,27,2.48,1.27,6,0,0.5,0.5,0.0,1
15861677,"FIBA U18 Asia Cup CABA Qualifiers, Group A",10,1,1,1,0.5521,1,1,0.6798,21,22,20,75,27,90,8,2.78,1.2,6,0,0.5,0.5,0.0,1
15915537,"Youth Basketball Champions League, Group C",10,1,1,1,0.8361,1,1,0.666,23,30,27,92,27,94,32,3.41,1.02,6,0,0.5,0.5,0.0,1
15952747,"Super League, Playoffs",10,0,0,1,0.305,0,1,0.4401,24,23,27,91,27,90,16,3.37,0.99,6,0,0.5,0.5,0.0,1
15983159,"Egyptian Women's Basketball Super League, Regular Season",10,1,0,0,0.4057,1,1,0.5478,13,19,19,57,27,70,12,2.11,1.23,6,0,0.5,0.5,0.0,1
15908399,"Premier League, Women, Playoffs",10,0,0,1,0.2791,0,1,0.4332,27,28,22,84,27,98,12,3.11,1.17,6,0,0.5,0.5,0.0,1
15952748,"Super League, Playoffs",10,1,1,1,0.6178,1,1,0.6409,32,23,23,86,27,110,4,3.19,1.28,6,0,0.5,0.5,0.0,2
15979727,"EYBL U16, CHALLENGE CUP",10,0,0,1,0.287,0,1,0.4808,23,28,29,88,27,125,29,3.26,1.42,6,0,0.5,0.5,0.0,2
15982798,Superliga e Femrave ,10,1,1,1,0.6641,1,1,0.556,27,20,33,88,27,93,21,3.26,1.06,6,0,0.5,0.5,0.0,1
15915553,"Qatar Cup , Knock-out Phase",10,1,1,1,0.5896,1,1,0.555,31,26,25,84,27,128,4,3.11,1.52,6,0,0.5,0.5,0.0,2
15982279,"EYBL U20, CHALLENGE CUP",10,0,1,0,0.5023,1,0,0.6789,23,22,16,64,27,102,16,2.37,1.59,6,0,0.5,0.5,0.0,2
15915534,"Youth Basketball Champions League, Group B",10,1,1,1,0.6859,1,1,0.6507,21,34,30,96,27,112,4,3.56,1.17,6,0,0.5,0.5,0.0,2
15930443,"1. Division A, Playoffs",10,1,1,1,0.6209,0,0,0.4177,22,36,34,102,27,128,2,3.78,1.25,6,0,0.5,0.5,0.0,2
15962790,"Finland Division 1A Women, Playoffs",10,0,0,1,0.484,1,0,0.5843,12,18,15,49,27,92,12,1.81,1.88,6,0,0.5,0.5,0.0,1
15972855,"Korisliiga, Playoffs",10,0,1,0,0.605,1,0,0.5778,23,25,16,75,27,98,8,2.78,1.31,6,0,0.5,0.5,0.0,1
15429727,"NBL, Championship Round",10,1,1,1,0.5332,0,0,0.4431,29,23,32,95,27,123,13,3.52,1.29,6,0,0.5,0.5,0.0,2
15665861,Bulgaria NBL,10,1,1,1,0.8164,1,1,0.6821,26,25,29,86,27,106,30,3.19,1.23,6,0,0.5,0.5,0.0,2
15884916,"Golden Square, Golden Square",10,1,1,1,0.6014,1,1,0.5331,25,31,27,92,27,121,27,3.41,1.32,6,0,0.5,0.5,0.0,2
15894237,"European North Basketball League, Playoffs",10,1,1,1,0.5187,1,1,0.548,34,26,33,104,27,131,7,3.85,1.26,6,0,0.5,0.5,0.0,2
15968362,"EYBL U20, SUPERFINAL - 09./12.04.2026 - Reggio Calabria, Italy",10,0,0,1,0.4031,0,1,0.3679,21,28,25,81,27,138,8,3.0,1.7,6,0,0.5,0.5,0.0,2
15974934,"RKL Division A, Playoff",10,0,1,0,0.5837,1,0,0.6389,18,23,31,89,27,88,16,3.3,0.99,6,0,0.5,0.5,0.0,1
15932132,Estonian National Women's Basketball League,10,1,0,0,0.4026,0,0,0.3745,21,27,19,82,27,87,11,3.04,1.06,6,0,0.5,0.5,0.0,1
14210789,Euroleague,10,1,1,1,0.5268,1,1,0.5335,25,25,27,85,27,128,2,3.15,1.51,6,0,0.5,0.5,0.0,2
15974937,"RKL Division A, Playoff",10,1,0,0,0.4445,1,1,0.5911,18,20,29,81,27,94,6,3.0,1.16,6,0,0.5,0.5,0.0,1
15975141,"RKL Division A, Playoff",10,1,0,0,0.437,0,0,0.4789,25,27,29,104,27,106,16,3.85,1.02,6,0,0.5,0.5,0.0,2
14731196,Princ Caffe Superliga,10,1,1,1,0.6825,1,1,0.5803,24,21,29,79,27,115,13,2.93,1.46,6,0,0.5,0.5,0.0,2
15592121,"Basketligaen, Championship round",10,1,1,1,0.5302,1,1,0.5739,19,21,34,84,27,89,3,3.11,1.06,6,0,0.5,0.5,0.0,1
15666074,"EuroCup, Women, Playoffs",10,0,1,0,0.65,1,0,0.6519,23,25,26,88,27,108,6,3.26,1.23,6,0,0.5,0.5,0.0,2
15687319,Sparkasse Prva Liga Zeni,10,1,1,1,0.7156,1,1,0.6564,21,20,25,76,27,95,21,2.81,1.25,6,0,0.5,0.5,0.0,1
15915554,"Qatar Cup , Knock-out Phase",10,0,0,1,0.4347,1,0,0.5298,28,23,30,92,27,116,4,3.41,1.26,6,0,0.5,0.5,0.0,2
15968461,"NBL, Playoffs",10,1,0,0,0.3266,1,1,0.5445,25,24,24,80,27,117,9,2.96,1.46,6,0,0.5,0.5,0.0,2
15982301,"EYBL U17, CHALLENGE CUP",10,1,1,1,0.6421,1,1,0.6023,30,26,34,100,27,114,30,3.7,1.14,6,0,0.5,0.5,0.0,2
15913715,"Swedish Basketball League, Playoffs",10,0,1,0,0.5741,1,0,0.6,31,28,30,106,27,132,0,3.93,1.25,6,0,0.5,0.5,0.0,2
15403297,"NBL, Qualifying Round",10,0,0,1,0.3585,0,1,0.4353,26,24,24,89,27,109,1,3.3,1.22,6,0,0.5,0.5,0.0,2
14210790,Euroleague,10,0,0,1,0.3625,0,1,0.461,26,18,20,72,27,100,2,2.67,1.39,6,0,0.5,0.5,0.0,1
15566040,1. A SKL,10,1,1,1,0.7748,1,1,0.6286,29,25,40,107,27,169,7,3.96,1.58,6,0,0.5,0.5,0.0,3
15597950,"Nationale 1, Relegation Round",10,1,0,0,0.3867,0,0,0.4196,23,19,19,72,27,90,2,2.67,1.25,6,0,0.5,0.5,0.0,1
15915540,"Youth Basketball Champions League, Group D",10,0,0,1,0.3561,0,1,0.3939,25,21,25,81,27,98,14,3.0,1.21,6,0,0.5,0.5,0.0,1
15974943,"EYBL U20, CHALLENGE CUP",10,0,0,1,0.3278,0,1,0.0687,21,15,21,63,27,84,38,2.33,1.33,6,0,0.5,0.5,0.0,1
15975834,"Super League, Relegation Round",10,1,1,1,0.7339,1,1,0.66,24,25,30,86,27,102,18,3.19,1.19,6,0,0.5,0.5,0.0,2
14210793,Euroleague,10,1,1,1,0.6705,1,1,0.5855,25,28,26,92,27,122,24,3.41,1.33,6,0,0.5,0.5,0.0,2
14210792,Euroleague,10,0,1,0,0.6936,0,1,0.4968,36,31,34,109,27,133,31,4.04,1.22,6,0,0.5,0.5,0.0,2
15886941,"Iceland Women's Basketball Premier League, Playoffs",10,0,1,0,0.5693,0,1,0.4824,24,23,24,75,27,115,17,2.78,1.53,6,0,0.5,0.5,0.0,2
15982280,"EYBL U20, CHALLENGE CUP",10,0,1,0,0.6094,0,1,0.4236,27,31,27,91,27,155,33,3.37,1.7,6,0,0.5,0.5,0.0,3
15843222,"1st Division Men, Úrslitakeppni",10,0,0,1,0.3236,0,1,0.3948,24,24,23,82,27,141,11,3.04,1.72,6,0,0.5,0.5,0.0,2
15886942,"Iceland Women's Basketball Premier League, Playoffs",10,1,1,1,0.8233,1,1,0.5976,31,31,29,99,27,122,8,3.67,1.23,6,0,0.5,0.5,0.0,2
15203007,Brazil NBB,10,0,1,0,0.6376,1,0,0.5548,29,29,18,84,27,134,28,3.11,1.6,6,0,0.5,0.5,0.0,2
15203012,Brazil NBB,10,0,1,0,0.6831,1,0,0.7101,25,17,24,74,27,110,32,2.74,1.49,6,0,0.5,0.5,0.0,2
15203014,Brazil NBB,10,0,0,1,0.4384,1,0,0.5843,26,15,27,78,27,93,5,2.89,1.19,6,0,0.5,0.5,0.0,1
14439294,NBA,12,1,1,1,0.5695,0,0,0.4706,30,25,33,127,27,118,8,4.7,0.93,6,0,0.5,0.5,0.0,2
14442432,NBA,12,1,0,0,0.4218,1,1,0.5391,31,35,35,125,27,137,21,4.63,1.1,6,0,0.5,0.5,0.0,2
15203015,Brazil NBB,10,0,0,1,0.4694,1,0,0.5796,21,22,25,81,27,103,3,3.0,1.27,6,0,0.5,0.5,0.0,2
15899091,Superliga,10,1,1,1,0.6243,1,1,0.6622,23,21,28,80,27,113,3,2.96,1.41,6,0,0.5,0.5,0.0,2
15899093,Superliga,10,0,0,1,0.336,0,1,0.4388,23,26,24,79,27,119,9,2.93,1.51,6,0,0.5,0.5,0.0,2
15903468,Superliga,10,0,1,0,0.7565,1,0,0.5253,25,33,38,104,27,115,15,3.85,1.11,6,0,0.5,0.5,0.0,2
15903483,Superliga,10,1,0,0,0.359,0,0,0.3776,23,20,24,75,27,87,13,2.78,1.16,6,0,0.5,0.5,0.0,1
14441988,NBA,12,0,1,0,0.5705,0,1,0.4552,24,28,37,113,27,118,26,4.19,1.04,6,0,0.5,0.5,0.0,2
14442286,NBA,12,1,0,0,0.3615,1,1,0.51,28,29,24,106,27,125,7,3.93,1.18,6,0,0.5,0.5,0.0,2
15478490,"LBF, Women",10,1,1,1,0.7201,1,1,0.677,16,24,24,72,27,88,26,2.67,1.22,6,0,0.5,0.5,0.0,1
14439292,NBA,12,0,0,1,0.4804,0,1,0.4688,33,35,21,113,27,139,23,4.19,1.23,6,0,0.5,0.5,0.0,2
15840825,Puerto Rico BSN,10,1,0,0,0.4286,0,0,0.4084,21,27,24,78,27,122,8,2.89,1.56,6,0,0.5,0.5,0.0,2
15840828,Puerto Rico BSN,10,1,1,1,0.5734,1,1,0.6821,24,25,29,84,27,113,9,3.11,1.35,6,0,0.5,0.5,0.0,2
15840833,Puerto Rico BSN,10,1,1,1,0.6347,1,1,0.61,29,31,40,114,27,135,17,4.22,1.18,6,0,0.5,0.5,0.0,2
15951223,Chile LNB,10,0,1,0,0.5737,1,0,0.6083,31,29,34,107,27,135,9,3.96,1.26,6,0,0.5,0.5,0.0,2
15951133,Chile LNB,10,1,1,1,0.6917,1,1,0.5172,21,22,22,75,27,128,4,2.78,1.71,6,0,0.5,0.5,0.0,2
15951136,Chile LNB,10,1,1,1,0.7089,1,1,0.6086,23,31,29,96,27,117,21,3.56,1.22,6,0,0.5,0.5,0.0,2
15966249,"Liga Argentina, Playoffs",10,0,0,1,0.4276,0,1,0.4451,27,28,19,86,27,107,3,3.19,1.24,6,0,0.5,0.5,0.0,2
15966250,"Liga Argentina, Playoffs",10,1,1,1,0.5056,0,0,0.4825,28,28,26,89,27,113,7,3.3,1.27,6,0,0.5,0.5,0.0,2
15587299,Mexico LNBP Women,10,0,0,1,0.4247,0,1,0.3959,17,19,22,69,27,88,24,2.56,1.28,6,0,0.5,0.5,0.0,1
15587300,Mexico LNBP Women,10,1,0,0,0.4431,1,1,0.5705,29,24,19,78,27,121,11,2.89,1.55,6,0,0.5,0.5,0.0,2
15948093,"LMB, Apertura",10,0,0,1,0.466,0,1,0.4235,24,21,16,71,27,104,16,2.63,1.46,6,0,0.5,0.5,0.0,2
14442083,NBA,12,0,1,0,0.5547,1,0,0.5208,23,25,29,107,27,119,11,3.96,1.11,6,0,0.5,0.5,0.0,2
15587302,Mexico LNBP Women,10,0,1,0,0.5236,1,0,0.5171,42,22,22,102,27,129,3,3.78,1.26,6,0,0.5,0.5,0.0,2
15945184,"EYBL U20, SUPERFINAL - 09./12.04.2026 - Reggio Calabria, Italy",10,0,0,1,0.4321,1,0,0.5359,28,26,25,92,27,124,12,3.41,1.35,6,0,0.5,0.5,0.0,2
15968645,"Rapid League, Regular Season",10,0,1,0,0.5121,0,1,0.3764,6,9,8,33,27,30,2,1.22,0.91,6,0,0.5,0.5,0.0,0
15982800,"EGBL U14, Superfinal",10,1,0,0,0.4555,0,0,0.2656,15,16,16,49,27,65,19,1.81,1.33,6,0,0.5,0.5,0.0,1
15217609,New Zealand NBL,10,0,1,0,0.7068,0,1,0.389,25,29,22,86,27,111,19,3.19,1.29,6,0,0.5,0.5,0.0,2
15974944,"EYBL U20, CHALLENGE CUP",10,0,1,0,0.55,1,0,0.5123,18,18,19,67,27,76,10,2.48,1.13,6,0,0.5,0.5,0.0,1
15945185,"EYBL U20, SUPERFINAL - 09./12.04.2026 - Reggio Calabria, Italy",10,1,1,1,0.604,1,1,0.6213,27,26,22,82,27,118,12,3.04,1.44,6,0,0.5,0.5,0.0,2
15348029,"NBL1 East, Women",10,0,1,0,0.5228,1,0,0.5338,23,20,21,67,27,92,22,2.48,1.37,6,0,0.5,0.5,0.0,1
15979728,"EYBL U16, CHALLENGE CUP",10,0,0,1,0.4042,1,0,0.5389,20,32,23,89,27,109,15,3.3,1.22,6,0,0.5,0.5,0.0,2
15982281,"EYBL U20, CHALLENGE CUP",10,0,0,1,0.4776,0,1,0.4919,15,22,25,70,27,92,6,2.59,1.31,6,0,0.5,0.5,0.0,1
15347646,"NBL1 South, Women",10,1,0,0,0.493,0,0,0.4629,27,20,23,79,27,107,7,2.93,1.35,6,0,0.5,0.5,0.0,2
15982801,"EGBL U14, Superfinal",10,0,1,0,0.5517,1,0,0.5758,13,13,17,49,27,71,17,1.81,1.45,6,0,0.5,0.5,0.0,1
15979698,MPBL,10,1,0,0,0.3793,1,1,0.5435,23,26,21,77,27,97,19,2.85,1.26,6,0,0.5,0.5,0.0,1
15979699,MPBL,10,0,1,0,0.581,1,0,0.5461,19,23,26,80,27,93,17,2.96,1.16,6,0,0.5,0.5,0.0,1
15656669,PBA Commissioner's Cup,12,0,1,0,0.6273,1,0,0.6258,30,27,30,121,27,128,12,4.48,1.06,6,0,0.5,0.5,0.0,2
15952749,"Super League, Playoffs",10,1,1,1,0.5815,0,0,0.4851,31,24,30,98,27,121,1,3.63,1.23,6,0,0.5,0.5,0.0,2
15696831," Liga 1 Masculin, Faza II",10,0,1,0,0.6899,1,0,0.5767,18,27,20,73,27,116,2,2.7,1.59,6,0,0.5,0.5,0.0,2
15974940,"EYBL U20, CHALLENGE CUP",10,1,1,1,0.6165,1,1,0.6395,19,20,15,63,27,78,6,2.33,1.24,6,0,0.5,0.5,0.0,1
15945186,"EYBL U20, SUPERFINAL - 09./12.04.2026 - Reggio Calabria, Italy",10,0,1,0,0.5505,1,0,0.6837,24,33,26,102,27,110,14,3.78,1.08,6,0,0.5,0.5,0.0,2
15347861,"NBL1, East",10,1,0,0,0.3025,0,0,0.4722,29,23,23,86,27,115,21,3.19,1.34,6,0,0.5,0.5,0.0,2
15696837," Liga 1 Masculin, Faza II",10,1,0,0,0.4779,0,0,0.4292,26,29,20,78,27,105,25,2.89,1.35,6,0,0.5,0.5,0.0,2
15781965,Israeli National League Basketball,10,0,0,1,0.344,1,0,0.5101,28,29,28,95,27,119,1,3.52,1.25,6,0,0.5,0.5,0.0,2
15781967,Israeli National League Basketball,10,0,1,0,0.5499,1,0,0.6098,26,21,30,92,27,112,10,3.41,1.22,6,0,0.5,0.5,0.0,2
15982305,"EYBL U16, CHALLENGE CUP",10,0,1,0,0.5229,0,1,0.4556,25,23,22,76,27,97,19,2.81,1.28,6,0,0.5,0.5,0.0,1
15987959,"EGBL U14, Superfinal",10,1,1,1,0.7447,0,0,0.4649,8,10,11,33,27,56,16,1.22,1.7,6,0,0.5,0.5,0.0,0
15781968,Israeli National League Basketball,10,0,1,0,0.5833,1,0,0.6344,21,25,26,82,27,97,21,3.04,1.18,6,0,0.5,0.5,0.0,1
15793866,Israeli National League Basketball,10,0,1,0,0.5829,1,0,0.6497,34,26,22,89,27,113,11,3.3,1.27,6,0,0.5,0.5,0.0,2
15347029,"NBL1 West, Women",10,1,1,1,0.6972,0,0,0.4957,37,37,32,121,27,149,3,4.48,1.23,6,0,0.5,0.5,0.0,2
15347030,"NBL1 West, Women",10,1,0,0,0.2734,0,0,0.3627,20,24,27,75,27,112,34,2.78,1.49,6,0,0.5,0.5,0.0,2
15347031,"NBL1 West, Women",10,1,1,1,0.7354,1,1,0.6329,20,22,33,92,27,96,8,3.41,1.04,6,0,0.5,0.5,0.0,1
15347189,"NBL1, South",10,1,0,0,0.3408,0,0,0.4783,33,32,32,115,27,138,34,4.26,1.2,6,0,0.5,0.5,0.0,2
15738183,Israeli National League Basketball,10,0,1,0,0.6592,1,0,0.5497,25,27,28,88,27,115,9,3.26,1.31,6,0,0.5,0.5,0.0,2
15984349,"Youth Basketball Champions League, Semi-Finals 9-12 ",10,1,1,1,0.6709,0,0,0.4729,29,25,26,89,27,104,8,3.3,1.17,6,0,0.5,0.5,0.0,2
15793863,Israeli National League Basketball,10,1,1,1,0.6048,1,1,0.6886,30,32,27,101,27,124,2,3.74,1.23,6,0,0.5,0.5,0.0,2
15983356,"Egyptian Women's Basketball Super League, Regular Season",10,1,0,0,0.2079,0,0,0.2578,17,17,27,71,27,75,29,2.63,1.06,6,0,0.5,0.5,0.0,1
15656670,PBA Commissioner's Cup,12,1,1,1,0.5315,0,0,0.4917,18,26,30,104,27,98,10,3.85,0.94,6,0,0.5,0.5,0.0,1
15945187,"EYBL U20, SUPERFINAL - 09./12.04.2026 - Reggio Calabria, Italy",10,0,0,1,0.3741,1,0,0.5239,17,18,17,62,27,80,6,2.3,1.29,6,0,0.5,0.5,0.0,1
14967152,China CBA,10,0,0,1,0.3984,0,1,0.4346,26,29,31,102,27,117,9,3.78,1.15,6,0,0.5,0.5,0.0,2
14967153,China CBA,10,0,0,1,0.3481,0,1,0.4614,22,20,25,75,27,94,4,2.78,1.25,6,0,0.5,0.5,0.0,1
14967154,China CBA,10,1,1,1,0.5437,0,0,0.466,32,28,29,101,27,140,20,3.74,1.39,6,0,0.5,0.5,0.0,2
14967155,China CBA,10,1,0,0,0.4685,1,1,0.5029,28,29,24,109,27,142,4,4.04,1.3,6,0,0.5,0.5,0.0,2
14967156,China CBA,10,0,1,0,0.7146,1,0,0.5811,36,44,43,135,27,161,9,5.0,1.19,6,0,0.5,0.5,0.0,3
15979700,MPBL,10,1,1,1,0.5378,1,1,0.5292,25,19,29,79,27,98,20,2.93,1.24,6,0,0.5,0.5,0.0,1
15925222,"Premier League, Women, Placement matches 5 to 8",10,1,1,1,0.804,1,1,0.6121,20,22,20,70,27,90,6,2.59,1.29,6,0,0.5,0.5,0.0,1
15979701,MPBL,10,0,1,0,0.5314,0,1,0.4955,23,22,18,73,27,93,5,2.7,1.27,6,0,0.5,0.5,0.0,1
15982283,"EYBL U20, CHALLENGE CUP",10,1,1,1,0.7671,1,1,0.5317,22,23,29,84,27,103,11,3.11,1.23,6,0,0.5,0.5,0.0,2
15346636,"NBL1, West",10,1,1,1,0.7107,0,0,0.4941,31,31,37,120,27,142,8,4.44,1.18,6,0,0.5,0.5,0.0,2
15346637,"NBL1, West",10,0,0,1,0.2951,0,1,0.4712,30,32,27,98,27,144,4,3.63,1.47,6,0,0.5,0.5,0.0,2
15346638,"NBL1, West",10,0,1,0,0.6222,1,0,0.5794,26,25,33,91,27,110,4,3.37,1.21,6,0,0.5,0.5,0.0,2
15914944,"FBU Superleague, Playoffs",10,0,0,1,0.4458,0,1,0.4982,24,22,23,73,27,100,10,2.7,1.37,6,0,0.5,0.5,0.0,1
15982802,"EGBL U14, Superfinal",10,1,1,1,0.8541,1,1,0.7675,10,15,17,49,27,62,28,1.81,1.27,6,0,0.5,0.5,0.0,1
15983488,"Egyptian Women's Basketball Super League, Regular Season",10,0,1,0,0.6891,0,1,0.4881,20,22,22,75,27,92,6,2.78,1.23,6,0,0.5,0.5,0.0,1
15985021,"Youth Basketball Champions League, Semi-Finals 9-12 ",10,0,0,1,0.1994,0,1,0.4128,19,17,21,81,27,77,3,3.0,0.95,6,0,0.5,0.5,0.0,1
15988504,Liga e Parë,10,1,1,1,0.6366,1,1,0.5681,24,24,31,88,27,125,23,3.26,1.42,6,0,0.5,0.5,0.0,2
15974941,"EYBL U20, CHALLENGE CUP",10,1,1,1,0.7996,1,1,0.6436,33,22,18,89,27,105,11,3.3,1.18,6,0,0.5,0.5,0.0,2
15979730,"EYBL U16, CHALLENGE CUP",10,1,1,1,0.5909,0,0,0.3735,20,16,28,69,27,90,26,2.56,1.3,6,0,0.5,0.5,0.0,1
14554303,U21 Espoirs Elite,10,1,1,1,0.5329,1,1,0.5306,21,23,20,80,27,89,5,2.96,1.11,6,0,0.5,0.5,0.0,1
15696836," Liga 1 Masculin, Faza II",10,1,1,1,0.5183,1,1,0.5198,27,25,26,81,27,113,13,3.0,1.4,6,0,0.5,0.5,0.0,2
15712156,Sparkasse Prva Liga Zeni,10,0,0,1,0.4733,1,0,0.5415,22,24,15,66,27,93,25,2.44,1.41,6,0,0.5,0.5,0.0,1
15921137,"United Cup, Knockout Stage",10,0,1,0,0.5729,1,0,0.5047,32,23,28,97,27,125,19,3.59,1.29,6,0,0.5,0.5,0.0,2
15952750,"Super League, Playoffs",10,0,1,0,0.6067,1,0,0.5166,26,29,24,95,27,106,2,3.52,1.12,6,0,0.5,0.5,0.0,2
15982294,"EYBL U17, CHALLENGE CUP",10,0,1,0,0.6924,1,0,0.511,31,19,29,88,27,108,10,3.26,1.23,6,0,0.5,0.5,0.0,2
14706492,1st Division,10,0,1,0,0.6144,0,1,0.492,22,22,21,70,27,105,1,2.59,1.5,6,0,0.5,0.5,0.0,2
15945189,"EYBL U20, SUPERFINAL - 09./12.04.2026 - Reggio Calabria, Italy",10,1,1,1,0.8211,1,1,0.6497,32,30,27,96,27,134,4,3.56,1.4,6,0,0.5,0.5,0.0,2
15696832," Liga 1 Masculin, Faza II",10,0,0,1,0.2471,0,1,0.3142,15,27,31,84,27,91,35,3.11,1.08,6,0,0.5,0.5,0.0,1
15925226,"Premier League, Women, Placement matches 5 to 8",10,0,1,0,0.5317,1,0,0.6045,28,28,35,100,27,121,1,3.7,1.21,6,0,0.5,0.5,0.0,2
15979905,"NKL, Playoffs",10,1,0,0,0.2372,0,0,0.4575,24,32,25,92,27,118,2,3.41,1.28,6,0,0.5,0.5,0.0,2
15981466,"FBU Superleague, Playoffs",10,1,1,1,0.6878,1,1,0.5658,25,18,23,87,27,94,12,3.22,1.08,6,0,0.5,0.5,0.0,1
15931321,"1. Division A, Playoffs",10,0,1,0,0.54,1,0,0.6135,23,20,28,89,27,129,7,3.3,1.45,6,0,0.5,0.5,0.0,2
15973334,"ZBL, Playoffs",10,0,0,1,0.0682,0,1,0.2589,32,23,31,96,27,127,49,3.56,1.32,6,0,0.5,0.5,0.0,2
15974945,"EYBL U20, CHALLENGE CUP",10,0,0,1,0.3842,1,0,0.5244,31,21,28,102,27,96,6,3.78,0.94,6,0,0.5,0.5,0.0,1
15979731,"EYBL U16, CHALLENGE CUP",10,1,1,1,0.7301,1,1,0.6194,18,20,31,82,27,91,7,3.04,1.11,6,0,0.5,0.5,0.0,1
15984350,"Youth Basketball Champions League, Semi-Finals 5-8 ",10,1,1,1,0.6061,1,1,0.5806,23,16,21,72,27,78,8,2.67,1.08,6,0,0.5,0.5,0.0,1
15525449,"NBL Men , Regular Season",10,0,1,0,0.6946,1,0,0.6215,18,23,20,68,27,104,18,2.52,1.53,6,0,0.5,0.5,0.0,2
15665862,Bulgaria NBL,10,0,1,0,0.5695,1,0,0.5646,30,25,26,91,27,103,21,3.37,1.13,6,0,0.5,0.5,0.0,2
15706622,Croatian Premier League,10,1,1,1,0.5243,0,0,0.4764,25,24,29,84,27,157,29,3.11,1.87,6,0,0.5,0.5,0.0,3
15874960,Saku I liiga,10,0,0,1,0.4185,1,0,0.5759,29,25,27,90,27,110,2,3.33,1.22,6,0,0.5,0.5,0.0,2
15910123,Saku I liiga,10,1,1,1,0.5637,1,1,0.6225,35,37,35,119,27,149,9,4.41,1.25,6,0,0.5,0.5,0.0,2
15929403,"Nostra.lt-RKL Division B, Ketvirtfinalia",10,1,0,0,0.3216,1,1,0.531,30,28,20,90,27,118,6,3.33,1.31,6,0,0.5,0.5,0.0,2
15958940,"Tipos SBL, Playoffs",10,1,1,1,0.8521,1,1,0.715,19,25,30,88,27,99,35,3.26,1.12,6,0,0.5,0.5,0.0,1
15975833,"Super League, Relegation Round",10,0,0,1,0.286,0,1,0.4689,20,19,25,74,27,94,8,2.74,1.27,6,0,0.5,0.5,0.0,1
15977630,"Premier League, Playoffs",10,0,0,1,0.4301,1,0,0.5995,26,32,24,91,27,160,4,3.37,1.76,6,0,0.5,0.5,0.0,3
15982282,"EYBL U20, CHALLENGE CUP",10,0,1,0,0.6786,0,1,0.4454,27,24,29,88,27,118,16,3.26,1.34,6,0,0.5,0.5,0.0,2
15982295,"EYBL U17, CHALLENGE CUP",10,1,0,0,0.1002,0,0,0.3501,19,19,13,57,27,92,24,2.11,1.61,6,0,0.5,0.5,0.0,1
15982804,"EGBL U14, Superfinal",10,1,0,0,0.4046,1,1,0.512,9,14,15,43,27,49,5,1.59,1.14,6,0,0.5,0.5,0.0,0
15987780,"KML, Playoffs",10,0,1,0,0.5389,1,0,0.5876,23,31,25,85,27,127,5,3.15,1.49,6,0,0.5,0.5,0.0,2
15665859,Bulgaria NBL,10,1,1,1,0.8193,1,1,0.6562,27,22,28,85,27,96,10,3.15,1.13,6,0,0.5,0.5,0.0,1
15597948,"Nationale 1, Relegation Round",10,0,1,0,0.5864,0,1,0.4177,25,29,25,90,27,113,19,3.33,1.26,6,0,0.5,0.5,0.0,2
15948408,"Extraliga, Women, Placement 5-8",10,1,1,1,0.517,1,1,0.5072,18,22,21,68,27,92,12,2.52,1.35,6,0,0.5,0.5,0.0,1
15968462,"NBL, Playoffs",10,0,1,0,0.6408,1,0,0.5992,31,29,40,113,27,142,32,4.19,1.26,6,0,0.5,0.5,0.0,2
15974904,"1st DBBL, Playoffs",10,1,1,1,0.597,1,1,0.5231,15,21,16,58,27,78,12,2.15,1.34,6,0,0.5,0.5,0.0,1
15988211,Liga e Parë,10,0,0,1,0.4522,0,1,0.4384,26,30,31,97,27,130,6,3.59,1.34,6,0,0.5,0.5,0.0,2
15945188,"EYBL U20, SUPERFINAL - 09./12.04.2026 - Reggio Calabria, Italy",10,0,1,0,0.7189,1,0,0.5245,27,27,23,89,27,102,2,3.3,1.15,6,0,0.5,0.5,0.0,2
15921136,"United Cup, Knockout Stage",10,1,0,0,0.4189,1,1,0.549,28,28,19,84,27,114,8,3.11,1.36,6,0,0.5,0.5,0.0,2
14128961,Polish Basketball League,10,0,1,0,0.7405,1,0,0.6399,28,26,28,89,27,102,8,3.3,1.15,6,0,0.5,0.5,0.0,2
14706486,1st Division,10,0,1,0,0.6058,1,0,0.6263,30,24,29,96,27,129,27,3.56,1.34,6,0,0.5,0.5,0.0,2
15445844,Swedish Basketball Superettan,10,0,0,1,0.4004,0,1,0.4368,19,21,18,66,27,82,20,2.44,1.24,6,0,0.5,0.5,0.0,1
15471316,"1. Liga, Relegation Round",10,0,0,1,0.479,1,0,0.5622,25,23,28,86,27,105,7,3.19,1.22,6,0,0.5,0.5,0.0,2
15471317,"1. Liga, Relegation Round",10,0,0,1,0.2196,0,1,0.425,25,25,28,96,27,113,1,3.56,1.18,6,0,0.5,0.5,0.0,2
15471318,"1. Liga, Relegation Round",10,1,1,1,0.7584,1,1,0.6453,29,28,24,86,27,98,10,3.19,1.14,6,0,0.5,0.5,0.0,1
15471320,"1. Liga, Relegation Round",10,0,1,0,0.7236,1,0,0.5753,24,25,16,72,27,107,15,2.67,1.49,6,0,0.5,0.5,0.0,2
15592138,"Basketligaen, Championship round",10,0,1,0,0.5718,0,1,0.4941,27,20,38,99,27,90,10,3.67,0.91,6,0,0.5,0.5,0.0,1
15706638,Croatian Premier League,10,0,0,1,0.3265,1,0,0.5294,20,30,31,104,27,110,4,3.85,1.06,6,0,0.5,0.5,0.0,2
15917648,"Swedish Basketball League Women, Playoffs",10,0,0,1,0.2736,0,1,0.4908,24,20,19,69,27,105,13,2.56,1.52,6,0,0.5,0.5,0.0,2
15934281,"FSHB Superliga, K.K.M 2025-26",10,0,0,1,0.4111,0,1,0.3112,20,33,31,90,27,119,21,3.33,1.32,6,0,0.5,0.5,0.0,2
15958939,"Tipos SBL, Playoffs",10,0,1,0,0.6483,1,0,0.5809,25,28,28,90,27,124,22,3.33,1.38,6,0,0.5,0.5,0.0,2
15980159,"Nostra.lt-RKL Division B, Pusfinaliai",10,1,1,1,0.5428,1,1,0.5698,22,20,30,80,27,103,29,2.96,1.29,6,0,0.5,0.5,0.0,2
15913720,"Swedish Basketball League, Playoffs",10,0,0,1,0.4181,1,0,0.5421,20,22,22,84,27,107,5,3.11,1.27,6,0,0.5,0.5,0.0,2
15592136,"Basketligaen, Championship round",10,0,0,1,0.2768,1,0,0.5394,32,25,25,89,27,108,14,3.3,1.21,6,0,0.5,0.5,0.0,2
15982306,"EYBL U16, CHALLENGE CUP",10,1,1,1,0.5953,1,1,0.6744,20,19,34,83,27,98,28,3.07,1.18,6,0,0.5,0.5,0.0,1
14210795,Euroleague,10,1,0,0,0.4446,1,1,0.5754,25,31,29,95,27,120,4,3.52,1.26,6,0,0.5,0.5,0.0,2
15972576,"EYBL U20, CHALLENGE CUP",10,1,0,0,0.3059,0,0,0.3828,24,21,35,102,27,96,4,3.78,0.94,6,0,0.5,0.5,0.0,1
14024410,BNXT League,10,1,1,1,0.5152,0,0,0.447,23,32,25,89,27,111,1,3.3,1.25,6,0,0.5,0.5,0.0,2
14210794,Euroleague,10,0,1,0,0.5528,1,0,0.5296,27,24,25,83,27,109,15,3.07,1.31,6,0,0.5,0.5,0.0,2
14272573,Élite 2,10,0,1,0,0.6865,1,0,0.5769,29,26,21,94,27,111,3,3.48,1.18,6,0,0.5,0.5,0.0,2
14272575,Élite 2,10,0,0,1,0.2461,0,1,0.406,28,27,23,87,27,106,2,3.22,1.22,6,0,0.5,0.5,0.0,2
14272576,Élite 2,10,1,1,1,0.5021,0,0,0.4838,23,30,26,85,27,110,8,3.15,1.29,6,0,0.5,0.5,0.0,2
14272579,Élite 2,10,1,0,0,0.4705,1,1,0.5327,22,26,20,86,27,113,9,3.19,1.31,6,0,0.5,0.5,0.0,2
14272581,Élite 2,10,0,0,1,0.4253,1,0,0.5586,27,35,22,99,27,136,2,3.67,1.37,6,0,0.5,0.5,0.0,2
14272582,Élite 2,10,1,1,1,0.5294,1,1,0.5644,17,21,22,65,27,99,13,2.41,1.52,6,0,0.5,0.5,0.0,1
14698338,Germany BBL,10,1,1,1,0.585,1,1,0.6507,31,26,31,104,27,124,4,3.85,1.19,6,0,0.5,0.5,0.0,2
15525450,"NBL Men , Regular Season",10,0,1,0,0.5751,1,0,0.5839,15,26,13,60,27,81,3,2.22,1.35,6,0,0.5,0.5,0.0,1
15558942,"LF Challenge, Regular Season",10,1,0,0,0.3631,1,1,0.6479,23,21,28,78,27,111,27,2.89,1.42,6,0,0.5,0.5,0.0,2
15597852,"Nationale 1, Promotion Round",10,1,1,1,0.5365,1,1,0.572,19,31,23,88,27,105,15,3.26,1.19,6,0,0.5,0.5,0.0,2
15597853,"Nationale 1, Promotion Round",10,0,1,0,0.5959,1,0,0.6206,23,27,29,87,27,95,13,3.22,1.09,6,0,0.5,0.5,0.0,1
15597854,"Nationale 1, Promotion Round",10,1,0,0,0.3871,1,1,0.5288,23,27,23,87,27,100,2,3.22,1.15,6,0,0.5,0.5,0.0,1
15597949,"Nationale 1, Relegation Round",10,0,0,1,0.2681,0,1,0.4464,18,25,26,84,27,94,22,3.11,1.12,6,0,0.5,0.5,0.0,1
15597952,"Nationale 1, Relegation Round",10,0,1,0,0.6112,1,0,0.514,32,35,28,102,27,137,3,3.78,1.34,6,0,0.5,0.5,0.0,2
15597955,"Nationale 1, Relegation Round",10,1,1,1,0.6397,0,0,0.4525,28,30,22,96,27,121,5,3.56,1.26,6,0,0.5,0.5,0.0,2
15985022,"Youth Basketball Champions League, Semi-Finals 5-8 2",10,1,0,0,0.484,1,1,0.5027,20,21,16,68,27,112,30,2.52,1.65,6,0,0.5,0.5,0.0,2
14128965,Polish Basketball League,10,1,1,1,0.5642,1,1,0.5146,22,23,30,87,27,107,13,3.22,1.23,6,0,0.5,0.5,0.0,2
14210797,Euroleague,10,0,0,1,0.4222,1,0,0.5447,27,26,23,85,27,111,1,3.15,1.31,6,0,0.5,0.5,0.0,2
14210800,Euroleague,10,0,0,1,0.2709,0,1,0.4208,30,18,27,86,27,104,2,3.19,1.21,6,0,0.5,0.5,0.0,2
14270301,France Pro A,10,1,0,0,0.3657,0,0,0.4784,15,28,28,82,27,98,16,3.04,1.2,6,0,0.5,0.5,0.0,1
14272574,Élite 2,10,0,0,1,0.4115,0,1,0.4569,28,19,26,83,27,105,5,3.07,1.27,6,0,0.5,0.5,0.0,2
14538007,SLB,10,0,0,1,0.416,0,1,0.4623,35,31,34,107,27,134,4,3.96,1.25,6,0,0.5,0.5,0.0,2
14538009,SLB,10,1,1,1,0.6019,0,0,0.4751,29,29,23,94,27,135,35,3.48,1.44,6,0,0.5,0.5,0.0,2
14538010,SLB,10,0,0,1,0.3042,0,1,0.4053,25,29,18,83,27,119,1,3.07,1.43,6,0,0.5,0.5,0.0,2
14912230,SLB,10,0,0,1,0.3586,1,0,0.5352,30,31,31,112,27,123,13,4.15,1.1,6,0,0.5,0.5,0.0,2
15485317,"ABA Liga, Relegation Round",10,0,1,0,0.5604,1,0,0.5973,28,32,25,97,27,133,7,3.59,1.37,6,0,0.5,0.5,0.0,2
15597861,"Nationale 1, Promotion Round",10,1,1,1,0.5359,1,1,0.6107,19,17,19,69,27,81,3,2.56,1.17,6,0,0.5,0.5,0.0,1
15597954,"Nationale 1, Relegation Round",10,0,0,1,0.2816,0,1,0.392,18,30,27,81,27,96,6,3.0,1.19,6,0,0.5,0.5,0.0,1
15968363,"EYBL U20, SUPERFINAL - 09./12.04.2026 - Reggio Calabria, Italy",10,1,1,1,0.7154,1,1,0.5693,33,26,34,101,27,129,23,3.74,1.28,6,0,0.5,0.5,0.0,2
15981572,"Top Division Women, Play Offs",10,0,1,0,0.5447,0,1,0.4811,17,16,21,62,27,73,11,2.3,1.18,6,0,0.5,0.5,0.0,1
15981583,"Top Division Women, Play Offs",10,0,1,0,0.5716,1,0,0.5589,21,26,28,85,27,97,3,3.15,1.14,6,0,0.5,0.5,0.0,1
14210796,Euroleague,10,0,0,1,0.3659,0,1,0.4347,29,32,33,106,27,129,5,3.93,1.22,6,0,0.5,0.5,0.0,2
14373944,Primera FEB,10,0,0,1,0.3307,0,1,0.4035,29,30,24,96,27,124,4,3.56,1.29,6,0,0.5,0.5,0.0,2
15888419,"Iceland Basketball Premier League, Playoffs",10,1,1,1,0.5376,1,1,0.5531,27,28,26,90,27,124,0,3.33,1.38,6,0,0.5,0.5,0.0,2
15981585,"Top Division Women, Play Offs",10,0,1,0,0.516,0,1,0.3918,18,15,22,62,27,110,4,2.3,1.77,6,0,0.5,0.5,0.0,2
15981587,"Top Division Women, Play Offs",10,0,0,1,0.2863,0,1,0.3594,26,27,16,76,27,105,27,2.81,1.38,6,0,0.5,0.5,0.0,2
15981611,"Iceland Women's Basketball Premier League, Rel/Prom Playoff",10,1,0,0,0.481,0,0,0.4228,36,31,24,102,27,137,15,3.78,1.34,6,0,0.5,0.5,0.0,2
15888428,"Iceland Basketball Premier League, Playoffs",10,1,0,0,0.4913,1,1,0.5252,36,31,25,101,27,134,10,3.74,1.33,6,0,0.5,0.5,0.0,2
15931325,"Liga Femenina, Women, Clausura, Playoffs",10,1,1,1,0.7116,1,1,0.578,21,16,17,59,27,82,4,2.19,1.39,6,0,0.5,0.5,0.0,1
15203016,Brazil NBB,10,1,0,0,0.2482,1,1,0.5238,35,18,20,80,27,138,6,2.96,1.73,6,0,0.5,0.5,0.0,2
15704924,Jedinstvena kadetska liga,10,1,0,0,0.4173,1,1,0.51,27,30,26,96,27,125,23,3.56,1.3,6,0,0.5,0.5,0.0,2
15704925,Jedinstvena kadetska liga,10,0,0,1,0.4411,1,0,0.5159,27,26,31,93,27,106,8,3.44,1.14,6,0,0.5,0.5,0.0,2
15986792,"Liga Señal Colombia de Baloncesto , I Fase - Eliminatoria",10,0,0,1,0.4862,1,0,0.5104,27,16,31,76,27,98,4,2.81,1.29,6,0,0.5,0.5,0.0,1
15203019,Brazil NBB,10,1,1,1,0.5791,0,0,0.4384,26,31,21,93,27,110,10,3.44,1.18,6,0,0.5,0.5,0.0,2
15705821,"Liga Ouro, Classificação",10,1,1,1,0.7854,1,1,0.6719,30,20,34,99,27,118,20,3.67,1.19,6,0,0.5,0.5,0.0,2
14441817,NBA,12,0,0,1,0.4658,1,0,0.5057,36,35,26,117,27,146,0,4.33,1.25,6,0,0.5,0.5,0.0,2
14442215,NBA,12,0,0,1,0.459,0,1,0.437,28,37,29,128,27,141,17,4.74,1.1,6,0,0.5,0.5,0.0,2
14442283,NBA,12,0,0,1,0.3973,0,1,0.4071,25,29,29,119,27,125,15,4.41,1.05,6,0,0.5,0.5,0.0,2
15705820,"Liga Ouro, Classificação",10,0,1,0,0.5377,1,0,0.6443,25,30,26,83,27,112,14,3.07,1.35,6,0,0.5,0.5,0.0,2
15899092,Superliga,10,0,0,1,0.3392,1,0,0.518,27,29,36,102,27,117,3,3.78,1.15,6,0,0.5,0.5,0.0,2
15903482,Superliga,10,1,0,0,0.3688,0,0,0.4691,27,25,32,91,27,108,16,3.37,1.19,6,0,0.5,0.5,0.0,2
15909326,LNB 2,10,1,0,0,0.4078,0,0,0.3978,31,27,19,81,27,120,12,3.0,1.48,6,0,0.5,0.5,0.0,2
14439269,NBA,12,0,1,0,0.5592,1,0,0.8041,30,34,32,128,27,149,37,4.74,1.16,6,0,0.5,0.5,0.0,2
14439273,NBA,12,1,0,0,0.4429,1,1,0.5876,23,22,29,112,27,98,12,4.15,0.88,6,0,0.5,0.5,0.0,1
14439335,NBA,12,1,1,1,0.5154,1,1,0.5178,24,33,30,105,27,126,2,3.89,1.2,6,0,0.5,0.5,0.0,2
15265270,Argentina Liga Nacional,10,1,1,1,0.7218,1,1,0.5588,24,21,33,93,27,115,3,3.44,1.24,6,0,0.5,0.5,0.0,2
15478491,"LBF, Women",10,1,1,1,0.729,1,1,0.6575,14,20,17,61,27,81,21,2.26,1.33,6,0,0.5,0.5,0.0,1
15985710,"Liga Argentina, Playoffs",10,1,0,0,0.4931,1,1,0.5336,28,24,27,86,27,110,12,3.19,1.28,6,0,0.5,0.5,0.0,2
14439286,NBA,12,1,1,1,0.6279,1,1,0.6439,31,39,39,136,27,152,2,5.04,1.12,6,0,0.5,0.5,0.0,3
14441781,NBA,12,1,1,1,0.5183,0,0,0.471,30,26,28,108,27,135,15,4.0,1.25,6,0,0.5,0.5,0.0,2
14442525,NBA,12,0,1,0,0.5589,1,0,0.5467,29,32,32,120,27,129,11,4.44,1.07,6,0,0.5,0.5,0.0,2
15265264,Argentina Liga Nacional,10,0,0,1,0.3637,1,0,0.5167,24,36,24,112,27,120,2,4.15,1.07,6,0,0.5,0.5,0.0,2
15840837,Puerto Rico BSN,10,1,0,0,0.368,0,0,0.4422,33,31,32,111,27,126,4,4.11,1.14,6,0,0.5,0.5,0.0,2
15840841,Puerto Rico BSN,10,1,0,0,0.3075,1,1,0.5112,28,20,26,83,27,112,28,3.07,1.35,6,0,0.5,0.5,0.0,2
15966252,"Liga Argentina, Playoffs",10,0,0,1,0.42,1,0,0.5082,28,25,25,103,27,113,11,3.81,1.1,6,0,0.5,0.5,0.0,2
15898698,"Uruguay LUB, Championship Round",10,0,0,1,0.3121,0,1,0.4183,26,22,28,86,27,108,20,3.19,1.26,6,0,0.5,0.5,0.0,2
15265271,Argentina Liga Nacional,10,1,0,0,0.4096,1,1,0.5161,26,29,26,89,27,160,22,3.3,1.8,6,0,0.5,0.5,0.0,3
15931322,"Liga Femenina, Women, Clausura, Playoffs",10,0,1,0,0.5805,1,0,0.589,19,18,19,66,27,89,17,2.44,1.35,6,0,0.5,0.5,0.0,1
15951135,Chile LNB,10,0,0,1,0.3488,1,0,0.5319,25,27,25,92,27,108,2,3.41,1.17,6,0,0.5,0.5,0.0,2
15951137,Chile LNB,10,0,0,1,0.2719,0,1,0.4193,13,34,25,77,27,101,7,2.85,1.31,6,0,0.5,0.5,0.0,2
15985711,"Liga Argentina, Playoffs",10,0,1,0,0.5239,1,0,0.5097,31,22,26,89,27,118,18,3.3,1.33,6,0,0.5,0.5,0.0,2
15985712,"Liga Argentina, Playoffs",10,0,0,1,0.4089,0,1,0.4663,24,23,16,75,27,111,13,2.78,1.48,6,0,0.5,0.5,0.0,2
14442014,NBA,12,1,1,1,0.5708,0,0,0.4817,27,23,30,110,27,133,5,4.07,1.21,6,0,0.5,0.5,0.0,2
15986788,"Liga Señal Colombia de Baloncesto , I Fase - Eliminatoria",10,0,1,0,0.5568,1,0,0.6281,22,17,20,66,27,96,20,2.44,1.45,6,0,0.5,0.5,0.0,1
15587303,Mexico LNBP Women,10,1,0,0,0.3199,0,0,0.421,24,20,24,81,27,142,8,3.0,1.75,6,0,0.5,0.5,0.0,2
15587305,Mexico LNBP Women,10,0,0,1,0.4322,1,0,0.5371,21,23,32,80,27,92,14,2.96,1.15,6,0,0.5,0.5,0.0,1
15948096,"LMB, Apertura",10,1,1,1,0.5773,1,1,0.6186,16,26,24,73,27,99,33,2.7,1.36,6,0,0.5,0.5,0.0,1
15948097,"LMB, Apertura",10,0,1,0,0.5152,1,0,0.5563,29,26,22,91,27,121,11,3.37,1.33,6,0,0.5,0.5,0.0,2
14439262,NBA,12,0,1,0,0.5635,1,0,0.6211,37,41,36,145,27,152,2,5.37,1.05,6,0,0.5,0.5,0.0,3
14442032,NBA,12,1,1,1,0.5018,0,0,0.4824,31,30,24,119,27,145,25,4.41,1.22,6,0,0.5,0.5,0.0,2
15587307,Mexico LNBP Women,10,0,0,1,0.306,0,1,0.4232,23,25,22,75,27,89,5,2.78,1.19,6,0,0.5,0.5,0.0,1
14442064,NBA,12,1,0,0,0.4592,1,1,0.5876,26,28,32,131,27,126,4,4.85,0.96,6,0,0.5,0.5,0.0,2
14442443,NBA,12,1,1,1,0.5078,1,1,0.5745,30,27,28,114,27,126,6,4.22,1.11,6,0,0.5,0.5,0.0,2
15587309,Mexico LNBP Women,10,1,1,1,0.5751,0,0,0.4979,30,30,23,91,27,110,10,3.37,1.21,6,0,0.5,0.5,0.0,2
15956914,"NBA G League, Playoffs",12,0,1,0,0.6368,1,0,0.5385,19,34,28,105,27,124,10,3.89,1.18,6,0,0.5,0.5,0.0,2
14442078,NBA,12,1,1,1,0.5209,1,1,0.5356,28,30,24,98,27,111,9,3.63,1.13,6,0,0.5,0.5,0.0,2
15963597,"CIBACOPA , Segunda Vuelta",10,1,0,0,0.429,0,0,0.4292,34,30,39,115,27,145,15,4.26,1.26,6,0,0.5,0.5,0.0,2
15706100,"Belize Elite Basketball League, Regular Season",10,1,1,1,0.6839,1,1,0.6082,27,20,18,72,27,103,15,2.67,1.43,6,0,0.5,0.5,0.0,2
15968646,"Rapid League, Regular Season",10,0,1,0,0.6065,0,1,0.4481,10,10,7,34,27,41,1,1.26,1.21,6,0,0.5,0.5,0.0,0
15963599,"CIBACOPA , Segunda Vuelta",10,1,1,1,0.578,0,0,0.4339,21,24,18,81,27,101,7,3.0,1.25,6,0,0.5,0.5,0.0,2
15963600,"CIBACOPA , Segunda Vuelta",10,0,0,1,0.4776,1,0,0.5265,26,37,36,127,27,132,2,4.7,1.04,6,0,0.5,0.5,0.0,2
15963601,"CIBACOPA , Segunda Vuelta",10,0,0,1,0.2656,0,1,0.4649,29,31,31,117,27,133,11,4.33,1.14,6,0,0.5,0.5,0.0,2
15217610,New Zealand NBL,10,1,1,1,0.5866,0,0,0.41,29,28,36,105,27,132,16,3.89,1.26,6,0,0.5,0.5,0.0,2
14620687,B2 League,10,0,1,0,0.581,0,1,0.4573,32,22,28,88,27,107,7,3.26,1.22,6,0,0.5,0.5,0.0,2
14615972,B1 League,10,1,1,1,0.6264,0,0,0.4812,29,31,20,89,27,127,3,3.3,1.43,6,0,0.5,0.5,0.0,2
14615975,B1 League,10,0,0,1,0.4063,1,0,0.5332,21,23,27,77,27,92,10,2.85,1.19,6,0,0.5,0.5,0.0,1
14615977,B1 League,10,0,1,0,0.5189,1,0,0.5264,21,23,19,72,27,94,12,2.67,1.31,6,0,0.5,0.5,0.0,1
14615980,B1 League,10,0,1,0,0.5164,1,0,0.6167,31,26,24,88,27,126,14,3.26,1.43,6,0,0.5,0.5,0.0,2
14615983,B1 League,10,0,1,0,0.6712,0,1,0.4978,30,29,24,92,27,127,1,3.41,1.38,6,0,0.5,0.5,0.0,2
14620686,B2 League,10,1,1,1,0.7199,1,1,0.632,16,34,31,86,27,116,4,3.19,1.35,6,0,0.5,0.5,0.0,2
15990972,"EYBL U20, SUPERFINAL - 09./12.04.2026 - Reggio Calabria, Italy",10,1,1,1,0.5582,1,1,0.5309,23,27,27,86,27,105,21,3.19,1.22,6,0,0.5,0.5,0.0,2
14615974,B1 League,10,0,0,1,0.2987,0,1,0.4623,24,23,32,86,27,110,16,3.19,1.28,6,0,0.5,0.5,0.0,2
14615976,B1 League,10,1,0,0,0.4659,1,1,0.5852,30,24,22,88,27,118,10,3.26,1.34,6,0,0.5,0.5,0.0,2
14615979,B1 League,10,1,1,1,0.5405,1,1,0.556,26,36,32,113,27,126,18,4.19,1.12,6,0,0.5,0.5,0.0,2
14615984,B1 League,10,1,0,0,0.4084,1,1,0.5087,20,22,27,79,27,103,17,2.93,1.3,6,0,0.5,0.5,0.0,2
14615986,B1 League,10,0,0,1,0.1639,0,1,0.4323,25,23,25,79,27,99,11,2.93,1.25,6,0,0.5,0.5,0.0,1
14620680,B2 League,10,0,0,1,0.406,1,0,0.507,21,16,23,69,27,97,17,2.56,1.41,6,0,0.5,0.5,0.0,1
14620681,B2 League,10,0,1,0,0.6675,1,0,0.5923,28,24,24,93,27,110,14,3.44,1.18,6,0,0.5,0.5,0.0,2
14620685,B2 League,10,0,0,1,0.4358,1,0,0.6173,35,18,31,95,27,104,0,3.52,1.09,6,0,0.5,0.5,0.0,2
14620858,B1 League,10,0,1,0,0.5295,0,1,0.4913,18,29,18,79,27,109,5,2.93,1.38,6,0,0.5,0.5,0.0,2
15656859,"Big V, Women",10,1,0,0,0.4001,0,0,0.3751,25,25,32,104,27,101,1,3.85,0.97,6,0,0.5,0.5,0.0,2
15968649,"Rapid League, Regular Season",10,0,1,0,0.5251,0,1,0.4908,13,15,9,43,27,59,9,1.59,1.37,6,0,0.5,0.5,0.0,0
15348030,"NBL1 East, Women",10,1,0,0,0.2997,0,0,0.3399,26,25,32,89,27,115,45,3.3,1.29,6,0,0.5,0.5,0.0,2
15348032,"NBL1 East, Women",10,0,1,0,0.6618,1,0,0.621,19,17,22,65,27,67,3,2.41,1.03,6,0,0.5,0.5,0.0,1
15348033,"NBL1 East, Women",10,1,1,1,0.697,1,1,0.6266,22,27,26,86,27,110,40,3.19,1.28,6,0,0.5,0.5,0.0,2
15348034,"NBL1 East, Women",10,1,1,1,0.679,1,1,0.6778,22,18,27,71,27,82,6,2.63,1.15,6,0,0.5,0.5,0.0,1
15979733,"EYBL U16, CHALLENGE CUP",10,0,0,1,0.2997,0,1,0.4201,25,18,26,78,27,97,7,2.89,1.24,6,0,0.5,0.5,0.0,1
15982296,"EYBL U17, CHALLENGE CUP",10,0,1,0,0.7234,1,0,0.5255,17,21,21,67,27,114,12,2.48,1.7,6,0,0.5,0.5,0.0,2
15982805,"EGBL U14, Superfinal",10,1,1,1,0.5619,0,0,0.4918,14,18,13,48,27,63,15,1.78,1.31,6,0,0.5,0.5,0.0,1
15217611,New Zealand NBL,10,1,1,1,0.8311,1,1,0.6723,36,31,29,113,27,138,6,4.19,1.22,6,0,0.5,0.5,0.0,2
15347648,"NBL1 South, Women",10,1,1,1,0.5989,1,1,0.5203,32,20,21,74,27,109,3,2.74,1.47,6,0,0.5,0.5,0.0,2
15347649,"NBL1 South, Women",10,0,1,0,0.6375,1,0,0.6426,23,27,28,93,27,97,9,3.44,1.04,6,0,0.5,0.5,0.0,1
15347651,"NBL1 South, Women",10,1,1,1,0.7028,1,1,0.72,24,18,24,87,27,90,6,3.22,1.03,6,0,0.5,0.5,0.0,1
15347867,"NBL1, East",10,1,1,1,0.5527,1,1,0.6204,35,33,26,109,27,143,3,4.04,1.31,6,0,0.5,0.5,0.0,2
15972577,"EYBL U20, CHALLENGE CUP",10,1,1,1,0.5692,1,1,0.6308,19,34,25,86,27,119,19,3.19,1.38,6,0,0.5,0.5,0.0,2
15990971,"EYBL U20, SUPERFINAL - 09./12.04.2026 - Reggio Calabria, Italy",10,1,1,1,0.7465,1,1,0.555,29,22,25,82,27,110,14,3.04,1.34,6,0,0.5,0.5,0.0,2
15347653,"NBL1 South, Women",10,0,1,0,0.5256,1,0,0.6165,23,21,28,102,27,94,8,3.78,0.92,6,0,0.5,0.5,0.0,1
15347654,"NBL1 South, Women",10,0,1,0,0.5374,1,0,0.5826,22,23,27,79,27,103,29,2.93,1.3,6,0,0.5,0.5,0.0,2
15347655,"NBL1 South, Women",10,0,1,0,0.5874,1,0,0.541,33,20,19,80,27,121,27,2.96,1.51,6,0,0.5,0.5,0.0,2
14615981,B1 League,10,1,1,1,0.7275,1,1,0.6574,20,18,20,65,27,78,4,2.41,1.2,6,0,0.5,0.5,0.0,1
14620684,B2 League,10,1,1,1,0.5141,1,1,0.5218,21,21,26,82,27,100,6,3.04,1.22,6,0,0.5,0.5,0.0,1
15346924,"NBL1 Central, Women",10,0,1,0,0.6391,1,0,0.5885,31,23,25,88,27,112,14,3.26,1.27,6,0,0.5,0.5,0.0,2
15346925,"NBL1 Central, Women",10,1,1,1,0.8303,1,1,0.6066,27,14,24,69,27,89,7,2.56,1.29,6,0,0.5,0.5,0.0,1
15346926,"NBL1 Central, Women",10,0,1,0,0.685,1,0,0.5342,27,28,25,92,27,116,8,3.41,1.26,6,0,0.5,0.5,0.0,2
15346927,"NBL1 Central, Women",10,1,0,0,0.1707,0,0,0.1435,32,21,21,84,27,114,48,3.11,1.36,6,0,0.5,0.5,0.0,2
15346928,"NBL1 Central, Women",10,1,1,1,0.6277,1,1,0.6643,23,27,26,86,27,107,13,3.19,1.24,6,0,0.5,0.5,0.0,2
15347032,"NBL1 West, Women",10,0,0,1,0.1996,0,1,0.3143,29,27,25,90,27,110,14,3.33,1.22,6,0,0.5,0.5,0.0,2
15347033,"NBL1 West, Women",10,1,0,0,0.4023,0,0,0.4954,24,30,21,83,27,99,17,3.07,1.19,6,0,0.5,0.5,0.0,1
15347862,"NBL1, East",10,1,1,1,0.6478,1,1,0.5567,28,24,39,96,27,120,24,3.56,1.25,6,0,0.5,0.5,0.0,2
15347863,"NBL1, East",10,0,0,1,0.3635,0,1,0.4349,23,29,28,87,27,106,26,3.22,1.22,6,0,0.5,0.5,0.0,2
15347864,"NBL1, East",10,0,1,0,0.5018,1,0,0.529,27,30,26,94,27,117,9,3.48,1.24,6,0,0.5,0.5,0.0,2
15347865,"NBL1, East",10,1,1,1,0.5615,1,1,0.5775,23,34,22,87,27,120,10,3.22,1.38,6,0,0.5,0.5,0.0,2
15347866,"NBL1, East",10,1,1,1,0.5367,1,1,0.6128,31,25,31,98,27,115,7,3.63,1.17,6,0,0.5,0.5,0.0,2
15656723,Big V,10,0,1,0,0.7173,0,1,0.3996,25,28,23,88,27,116,2,3.26,1.32,6,0,0.5,0.5,0.0,2
15656724,Big V,10,0,1,0,0.5454,1,0,0.5365,23,28,24,82,27,117,5,3.04,1.43,6,0,0.5,0.5,0.0,2
15656857,"Big V, Women",10,0,0,1,0.4217,0,1,0.4118,29,29,25,92,27,119,15,3.41,1.29,6,0,0.5,0.5,0.0,2
15982297,"EYBL U17, CHALLENGE CUP",10,1,1,1,0.6273,1,1,0.6856,20,27,27,88,27,111,3,3.26,1.26,6,0,0.5,0.5,0.0,2
14615982,B1 League,10,0,1,0,0.5221,1,0,0.5999,22,16,22,66,27,95,11,2.44,1.44,6,0,0.5,0.5,0.0,1
14620683,B2 League,10,0,1,0,0.6356,1,0,0.6319,25,40,26,122,27,152,6,4.52,1.25,6,0,0.5,0.5,0.0,3
15656671,PBA Commissioner's Cup,12,0,0,1,0.4955,0,1,0.4296,31,26,24,107,27,112,14,3.96,1.05,6,0,0.5,0.5,0.0,2
15347190,"NBL1, South",10,1,0,0,0.4283,1,1,0.5529,26,31,34,100,27,122,20,3.7,1.22,6,0,0.5,0.5,0.0,2
15347192,"NBL1, South",10,1,1,1,0.6,1,1,0.5818,33,26,31,105,27,127,21,3.89,1.21,6,0,0.5,0.5,0.0,2
15347193,"NBL1, South",10,0,1,0,0.6277,1,0,0.6549,20,31,31,92,27,121,11,3.41,1.32,6,0,0.5,0.5,0.0,2
15347868,"NBL1, East",10,0,1,0,0.7477,1,0,0.6843,21,26,25,83,27,97,23,3.07,1.17,6,0,0.5,0.5,0.0,1
15348035,"NBL1 East, Women",10,1,1,1,0.697,0,0,0.4326,17,16,22,62,27,72,14,2.3,1.16,6,0,0.5,0.5,0.0,1
15656725,Big V,10,0,1,0,0.5337,1,0,0.517,33,31,25,103,27,150,0,3.81,1.46,6,0,0.5,0.5,0.0,2
15656858,"Big V, Women",10,1,1,1,0.8416,1,1,0.767,28,34,25,93,27,126,42,3.44,1.35,6,0,0.5,0.5,0.0,2
15974946,"EYBL U20, CHALLENGE CUP",10,1,1,1,0.6793,1,1,0.5236,26,26,20,81,27,90,6,3.0,1.11,6,0,0.5,0.5,0.0,1
14500914,Turkish Basketball Super League,10,0,1,0,0.5258,1,0,0.6333,24,31,25,90,27,108,10,3.33,1.2,6,0,0.5,0.5,0.0,2
15347194,"NBL1, South",10,0,0,1,0.2707,0,1,0.4537,35,25,22,92,27,122,18,3.41,1.33,6,0,0.5,0.5,0.0,2
15347195,"NBL1, South",10,1,1,1,0.6554,1,1,0.5322,27,34,33,111,27,149,1,4.11,1.34,6,0,0.5,0.5,0.0,2
15347196,"NBL1, South",10,0,0,1,0.4654,1,0,0.5362,33,34,27,108,27,139,17,4.0,1.29,6,0,0.5,0.5,0.0,2
15656726,Big V,10,0,1,0,0.6404,1,0,0.5244,23,28,32,97,27,117,11,3.59,1.21,6,0,0.5,0.5,0.0,2
15656727,Big V,10,0,1,0,0.5633,1,0,0.6389,38,30,30,111,27,136,10,4.11,1.23,6,0,0.5,0.5,0.0,2
15656860,"Big V, Women",10,1,1,1,0.6397,1,1,0.5508,20,14,25,69,27,77,9,2.56,1.12,6,0,0.5,0.5,0.0,1
15979704,MPBL,10,1,1,1,0.5278,1,1,0.5795,24,44,41,122,27,129,7,4.52,1.06,6,0,0.5,0.5,0.0,2
15982807,"EGBL U14, Superfinal",10,1,1,1,0.6095,1,1,0.635,9,13,14,42,27,50,6,1.56,1.19,6,0,0.5,0.5,0.0,0
15988026,"Egyptian Women's Basketball Super League, Regular Season",10,1,1,1,0.5804,1,1,0.5327,21,22,20,74,27,76,4,2.74,1.03,6,0,0.5,0.5,0.0,1
15346532,"NBL1, Central",10,1,0,0,0.4185,1,1,0.577,30,38,37,117,27,154,22,4.33,1.32,6,0,0.5,0.5,0.0,3
15346533,"NBL1, Central",10,0,1,0,0.543,1,0,0.5905,22,30,23,82,27,125,11,3.04,1.52,6,0,0.5,0.5,0.0,2
15346534,"NBL1, Central",10,1,0,0,0.2549,1,1,0.5114,34,26,29,100,27,131,1,3.7,1.31,6,0,0.5,0.5,0.0,2
15870067,"Portugal LFB Women, Playoffs",10,1,1,1,0.6556,1,1,0.6417,29,21,23,86,27,90,0,3.19,1.05,6,0,0.5,0.5,0.0,1
15870069,"Portugal LFB Women, Playoffs",10,1,0,0,0.3876,0,0,0.4824,25,26,25,87,27,101,9,3.22,1.16,6,0,0.5,0.5,0.0,2
15988934,"Youth Basketball Champions League, Classification 9-12 ",10,0,0,1,0.429,0,1,0.4521,23,23,25,84,27,95,5,3.11,1.13,6,0,0.5,0.5,0.0,1
15346535,"NBL1, Central",10,1,0,0,0.3395,0,0,0.4814,27,29,24,88,27,114,2,3.26,1.3,6,0,0.5,0.5,0.0,2
15346537,"NBL1, Central",10,1,1,1,0.5834,1,1,0.6792,32,28,24,96,27,127,11,3.56,1.32,6,0,0.5,0.5,0.0,2
14456432,Poland 1st Division Basketball,10,1,0,0,0.4587,0,0,0.4234,24,29,27,87,27,115,5,3.22,1.32,6,0,0.5,0.5,0.0,2
15346639,"NBL1, West",10,1,1,1,0.6129,1,1,0.5219,32,34,24,98,27,133,15,3.63,1.36,6,0,0.5,0.5,0.0,2
15346640,"NBL1, West",10,1,1,1,0.5638,0,0,0.473,29,21,23,80,27,105,1,2.96,1.31,6,0,0.5,0.5,0.0,2
15346643,"NBL1, West",10,1,0,0,0.3766,0,0,0.3771,28,37,28,100,27,129,7,3.7,1.29,6,0,0.5,0.5,0.0,2
15346644,"NBL1, West",10,0,0,1,0.4115,1,0,0.5737,25,30,29,92,27,123,17,3.41,1.34,6,0,0.5,0.5,0.0,2
15712154,Sparkasse Prva Liga Zeni,10,1,0,0,0.3669,0,0,0.3547,37,24,19,90,27,108,18,3.33,1.2,6,0,0.5,0.5,0.0,2
15934282,"FSHB Superliga, K.K.M 2025-26",10,0,0,1,0.3702,0,1,0.392,22,18,18,66,27,85,15,2.44,1.29,6,0,0.5,0.5,0.0,1
15975482,"Super League, Championship Round",10,0,0,1,0.4962,0,1,0.483,15,29,24,81,27,101,11,3.0,1.25,6,0,0.5,0.5,0.0,2
15982298,"EYBL U17, CHALLENGE CUP",10,0,0,1,0.3479,0,1,0.4941,22,14,27,72,27,82,2,2.67,1.14,6,0,0.5,0.5,0.0,1
15982308,"EYBL U16, CHALLENGE CUP",10,1,1,1,0.8037,1,1,0.614,24,28,28,88,27,101,1,3.26,1.15,6,0,0.5,0.5,0.0,2
15986888,"NKL, Playoffs",10,1,1,1,0.8279,1,1,0.5221,38,26,21,91,27,132,22,3.37,1.45,6,0,0.5,0.5,0.0,2
15989629,"EYBL U20, SUPERFINAL - 09./12.04.2026 - Reggio Calabria, Italy",10,1,1,1,0.6701,1,1,0.5159,30,32,28,98,27,171,17,3.63,1.74,6,0,0.5,0.5,0.0,3
15656672,PBA Commissioner's Cup,12,1,1,1,0.5471,0,0,0.3837,27,30,26,112,27,124,4,4.15,1.11,6,0,0.5,0.5,0.0,2
14967157,China CBA,10,0,1,0,0.7209,1,0,0.5462,34,31,25,101,27,118,2,3.74,1.17,6,0,0.5,0.5,0.0,2
14967158,China CBA,10,1,1,1,0.7068,1,1,0.5786,35,26,27,103,27,116,8,3.81,1.13,6,0,0.5,0.5,0.0,2
14967159,China CBA,10,0,1,0,0.55,1,0,0.6232,26,32,20,99,27,120,14,3.67,1.21,6,0,0.5,0.5,0.0,2
14967160,China CBA,10,0,0,1,0.3958,0,1,0.4139,25,29,35,99,27,174,26,3.67,1.76,6,0,0.5,0.5,0.0,3
14441755,United League,10,1,1,1,0.6881,1,1,0.5373,25,22,21,77,27,96,6,2.85,1.25,6,0,0.5,0.5,0.0,1
15972566,"Superliga, Women",10,1,1,1,0.6607,1,1,0.6333,19,16,19,65,27,68,20,2.41,1.05,6,0,0.5,0.5,0.0,1
15974230,"1 Liga Kobiet, Ćwierćfinały",10,0,0,1,0.3915,0,1,0.4349,34,23,29,94,27,118,0,3.48,1.26,6,0,0.5,0.5,0.0,2
15975480,"Super League, Championship Round",10,1,0,0,0.4665,1,1,0.5003,31,21,21,88,27,110,2,3.26,1.25,6,0,0.5,0.5,0.0,2
15979707,MPBL,10,1,0,0,0.3841,1,1,0.5061,25,20,31,84,27,91,9,3.11,1.08,6,0,0.5,0.5,0.0,1
15988227,"Egyptian Women's Basketball Super League, Regular Season",10,1,1,1,0.5292,1,1,0.5064,22,15,10,53,27,65,1,1.96,1.23,6,0,0.5,0.5,0.0,1
14195113,"SLB, Women",10,0,0,1,0.3607,0,1,0.3177,28,27,25,88,27,111,29,3.26,1.26,6,0,0.5,0.5,0.0,2
14554293,U21 Espoirs Elite,10,1,0,0,0.3459,1,1,0.5357,27,26,27,93,27,117,17,3.44,1.26,6,0,0.5,0.5,0.0,2
14554298,U21 Espoirs Elite,10,1,0,0,0.4677,0,0,0.4586,27,24,29,95,27,105,21,3.52,1.11,6,0,0.5,0.5,0.0,2
14554301,U21 Espoirs Elite,10,0,0,1,0.4003,0,1,0.4236,21,29,23,87,27,102,12,3.22,1.17,6,0,0.5,0.5,0.0,2
14456429,Poland 1st Division Basketball,10,0,0,1,0.4709,0,1,0.452,27,25,28,89,27,103,13,3.3,1.16,6,0,0.5,0.5,0.0,2
14456434,Poland 1st Division Basketball,10,1,1,1,0.5947,0,0,0.4546,30,29,22,91,27,117,3,3.37,1.29,6,0,0.5,0.5,0.0,2
14554295,U21 Espoirs Elite,10,0,0,1,0.3723,1,0,0.5409,21,30,30,90,27,148,18,3.33,1.64,6,0,0.5,0.5,0.0,2
15678885,"Swiss Cup, Women",10,0,0,1,0.1915,0,1,0.4404,26,21,29,84,27,148,24,3.11,1.76,6,0,0.5,0.5,0.0,2
15917647,"Swedish Basketball League Women, Playoffs",10,1,1,1,0.5495,0,0,0.4804,23,17,22,66,27,82,20,2.44,1.24,6,0,0.5,0.5,0.0,1
15968489,"Serie A2, Women, Playoffs",10,0,0,1,0.4853,1,0,0.5183,23,12,22,59,27,77,13,2.19,1.31,6,0,0.5,0.5,0.0,1
15979734,"EYBL U16, CHALLENGE CUP",10,0,0,1,0.402,0,1,0.4576,18,25,28,93,27,127,1,3.44,1.37,6,0,0.5,0.5,0.0,2
15980594,"Poland 2nd Basketball League, II Runda",10,0,0,1,0.461,0,1,0.4946,25,20,23,75,27,90,22,2.78,1.2,6,0,0.5,0.5,0.0,1
15982309,"EYBL U16, CHALLENGE CUP",10,1,1,1,0.7328,1,1,0.6582,20,26,24,74,27,100,30,2.74,1.35,6,0,0.5,0.5,0.0,1
15982808,"EGBL U14, Superfinal",10,0,0,1,0.4402,0,1,0.4228,10,23,22,58,27,70,6,2.15,1.21,6,0,0.5,0.5,0.0,1
15988933,"Youth Basketball Champions League, Classification 9-12 ",10,0,1,0,0.6526,1,0,0.5056,11,21,20,60,27,70,2,2.22,1.17,6,0,0.5,0.5,0.0,1
15989627,"EYBL U20, SUPERFINAL - 09./12.04.2026 - Reggio Calabria, Italy",10,0,0,1,0.3358,1,0,0.5342,20,35,26,87,27,116,12,3.22,1.33,6,0,0.5,0.5,0.0,2
14445755,"A1 Liga, Women",10,1,1,1,0.502,0,0,0.4125,19,23,26,72,27,88,24,2.67,1.22,6,0,0.5,0.5,0.0,1
15592162,"Basketligaen, Placement round",10,0,0,1,0.4009,0,1,0.3878,26,31,35,104,27,122,20,3.85,1.17,6,0,0.5,0.5,0.0,2
14272578,Élite 2,10,0,1,0,0.6371,1,0,0.5166,18,23,27,80,27,86,26,2.96,1.07,6,0,0.5,0.5,0.0,1
14428871,Betsafe-LKL,10,1,1,1,0.5182,1,1,0.5555,19,32,27,90,27,108,4,3.33,1.2,6,0,0.5,0.5,0.0,2
14078308,Swedish Basketball Superettan,10,1,1,1,0.6985,0,0,0.4557,32,29,28,105,27,122,10,3.89,1.16,6,0,0.5,0.5,0.0,2
14078310,Swedish Basketball Superettan,10,0,1,0,0.5507,1,0,0.5533,24,23,28,87,27,105,3,3.22,1.21,6,0,0.5,0.5,0.0,2
14456720,Prva Liga,10,1,1,1,0.5064,1,1,0.6945,19,15,38,82,27,96,32,3.04,1.17,6,0,0.5,0.5,0.0,1
14554296,U21 Espoirs Elite,10,0,0,1,0.3371,1,0,0.5162,31,36,24,100,27,123,5,3.7,1.23,6,0,0.5,0.5,0.0,2
14554305,U21 Espoirs Elite,10,0,0,1,0.4886,1,0,0.6295,25,30,29,97,27,109,11,3.59,1.12,6,0,0.5,0.5,0.0,2
15887553,United League,10,1,1,1,0.7048,1,1,0.5887,30,29,30,101,27,122,28,3.74,1.21,6,0,0.5,0.5,0.0,2
15895392,Meridianbet KLS,10,0,0,1,0.2286,0,1,0.4113,18,20,27,73,27,94,16,2.7,1.29,6,0,0.5,0.5,0.0,1
15895394,Meridianbet KLS,10,0,1,0,0.7556,1,0,0.5935,27,34,36,105,27,127,11,3.89,1.21,6,0,0.5,0.5,0.0,2
15926627,"Prvenstvo RH za kadetkinje , Završni turnir",10,1,1,1,0.5955,1,1,0.5998,29,16,20,73,27,94,34,2.7,1.29,6,0,0.5,0.5,0.0,1
15955104,"Korisliiga, Women, Playoffs",10,0,0,1,0.2315,0,1,0.4605,25,25,18,77,27,123,11,2.85,1.6,6,0,0.5,0.5,0.0,2
15977631,"Zweite Liga, Relegation Round",10,1,1,1,0.6483,1,1,0.5397,19,21,23,74,27,83,23,2.74,1.12,6,0,0.5,0.5,0.0,1
15980595,"Poland 2nd Basketball League, II Runda",10,0,1,0,0.5917,1,0,0.5811,29,39,31,109,27,134,10,4.04,1.23,6,0,0.5,0.5,0.0,2
15982299,"EYBL U17, CHALLENGE CUP",10,1,0,0,0.277,0,0,0.3662,24,26,21,81,27,118,8,3.0,1.46,6,0,0.5,0.5,0.0,2
15987781,"KML, Playoffs",10,1,0,0,0.488,0,0,0.3983,19,25,21,73,27,88,6,2.7,1.21,6,0,0.5,0.5,0.0,1
15989715,"United Cup, Knockout Stage",10,0,1,0,0.6542,1,0,0.579,29,31,19,89,27,131,13,3.3,1.47,6,0,0.5,0.5,0.0,2
15915582,"Austrian Women's Basketball Bundesliga, Playoffs",10,1,0,0,0.3589,0,0,0.4829,22,20,19,68,27,83,7,2.52,1.22,6,0,0.5,0.5,0.0,1
15265273,Argentina Liga Nacional,10,0,1,0,0.5984,1,0,0.6001,29,30,23,89,27,121,3,3.3,1.36,6,0,0.5,0.5,0.0,2
15712153,Sparkasse Prva Liga Zeni,10,0,1,0,0.6756,1,0,0.564,25,20,21,73,27,103,13,2.7,1.41,6,0,0.5,0.5,0.0,2
15982809,"EGBL U14, Superfinal",10,1,1,1,0.518,1,1,0.5893,23,20,18,68,27,85,19,2.52,1.25,6,0,0.5,0.5,0.0,1
14078307,Swedish Basketball Superettan,10,1,1,1,0.5022,0,0,0.3083,28,22,32,97,27,108,40,3.59,1.11,6,0,0.5,0.5,0.0,2
14220548,Liga Femenina,10,0,0,1,0.4048,0,1,0.4995,19,23,22,75,27,91,5,2.78,1.21,6,0,0.5,0.5,0.0,1
14456718,Prva Liga,10,1,1,1,0.7297,1,1,0.6126,31,28,28,95,27,136,26,3.52,1.43,6,0,0.5,0.5,0.0,2
14500909,Turkish Basketball Super League,10,0,1,0,0.5247,1,0,0.5448,21,35,34,98,27,116,10,3.63,1.18,6,0,0.5,0.5,0.0,2
14602709,Portugal LBP,10,0,0,1,0.4765,1,0,0.614,20,25,27,86,27,94,2,3.19,1.09,6,0,0.5,0.5,0.0,1
14706488,1st Division,10,0,1,0,0.5269,1,0,0.5162,25,29,22,97,27,120,8,3.59,1.24,6,0,0.5,0.5,0.0,2
15566038,1. A SKL,10,0,0,1,0.3595,0,1,0.4681,27,24,15,74,27,95,5,2.74,1.28,6,0,0.5,0.5,0.0,1
15684751,"NB I, Women, Relegation Round",10,0,0,1,0.4516,1,0,0.5504,31,29,26,102,27,121,1,3.78,1.19,6,0,0.5,0.5,0.0,2
15706625,Croatian Premier League,10,0,1,0,0.6427,1,0,0.6923,23,20,19,75,27,91,5,2.78,1.21,6,0,0.5,0.5,0.0,1
15820437,I B MCKL,10,0,0,1,0.4466,0,1,0.4559,26,23,26,82,27,114,14,3.04,1.39,6,0,0.5,0.5,0.0,2
15859343,"NBL, Championship Round",10,1,0,0,0.3551,1,1,0.5503,29,20,25,84,27,97,11,3.11,1.15,6,0,0.5,0.5,0.0,1
15859347,"NBL, Championship Round",10,0,1,0,0.5603,1,0,0.5168,35,26,26,92,27,132,8,3.41,1.43,6,0,0.5,0.5,0.0,2
15870068,"Portugal LFB Women, Playoffs",10,1,1,1,0.5889,1,1,0.5281,18,33,25,120,27,132,0,4.44,1.1,6,0,0.5,0.5,0.0,2
15951757,"Zweite Liga, Playoffs",10,0,1,0,0.5531,1,0,0.6184,22,25,24,80,27,105,5,2.96,1.31,6,0,0.5,0.5,0.0,2
15960090,Estonian National Women's Basketball League,10,1,0,0,0.2911,0,0,0.4161,18,28,28,88,27,90,0,3.26,1.02,6,0,0.5,0.5,0.0,1
15974231,"1 Liga Kobiet, Ćwierćfinały",10,1,1,1,0.5309,0,0,0.4514,32,32,21,91,27,117,19,3.37,1.29,6,0,0.5,0.5,0.0,2
15974232,"1 Liga Kobiet, Ćwierćfinały",10,1,1,1,0.6594,1,1,0.5272,24,20,18,70,27,114,20,2.59,1.63,6,0,0.5,0.5,0.0,2
15974913,"LF Challenge, Regular Season",10,1,0,0,0.4368,0,0,0.3724,18,18,23,69,27,84,8,2.56,1.22,6,0,0.5,0.5,0.0,1
15974914,"LF Challenge, Regular Season",10,1,1,1,0.5218,1,1,0.524,23,25,17,84,27,113,3,3.11,1.35,6,0,0.5,0.5,0.0,2
15979735,"EYBL U16, CHALLENGE CUP",10,1,1,1,0.8085,1,1,0.56,29,21,29,90,27,100,36,3.33,1.11,6,0,0.5,0.5,0.0,1
15980591,"Poland 2nd Basketball League, II Runda",10,1,0,0,0.46,1,1,0.5798,26,26,25,91,27,119,33,3.37,1.31,6,0,0.5,0.5,0.0,2
15980593,"Poland 2nd Basketball League, II Runda",10,0,1,0,0.7855,1,0,0.5567,20,28,27,85,27,118,22,3.15,1.39,6,0,0.5,0.5,0.0,2
15982310,"EYBL U16, CHALLENGE CUP",10,1,0,0,0.4384,0,0,0.3464,20,18,25,70,27,103,23,2.59,1.47,6,0,0.5,0.5,0.0,2
14078309,Swedish Basketball Superettan,10,0,0,1,0.3533,0,1,0.4604,23,23,18,70,27,96,10,2.59,1.37,6,0,0.5,0.5,0.0,1
14128967,Polish Basketball League,10,0,0,1,0.2671,0,1,0.443,28,36,30,105,27,122,10,3.89,1.16,6,0,0.5,0.5,0.0,2
14220545,Liga Femenina,10,1,1,1,0.6095,1,1,0.7296,18,24,25,75,27,95,9,2.78,1.27,6,0,0.5,0.5,0.0,1
15566041,1. A SKL,10,0,0,1,0.4446,1,0,0.5286,19,25,28,86,27,93,1,3.19,1.08,6,0,0.5,0.5,0.0,1
15915583,"Austrian Women's Basketball Bundesliga, Playoffs",10,0,0,1,0.3028,0,1,0.3271,21,19,18,66,27,73,25,2.44,1.11,6,0,0.5,0.5,0.0,1
15974915,"LF Challenge, Regular Season",10,0,1,0,0.6611,1,0,0.5088,26,24,23,81,27,147,15,3.0,1.81,6,0,0.5,0.5,0.0,2
15974947,"EYBL U20, CHALLENGE CUP",10,0,0,1,0.1552,0,1,0.2718,26,23,24,81,27,103,35,3.0,1.27,6,0,0.5,0.5,0.0,2
15985023,"Youth Basketball Champions League, Semi-Finals 1-4 ",10,1,1,1,0.7366,1,1,0.6292,32,27,31,95,27,115,5,3.52,1.21,6,0,0.5,0.5,0.0,2
15985996,"1. Division, Women, Playoffs",10,0,1,0,0.5126,1,0,0.5372,19,24,23,76,27,90,12,2.81,1.18,6,0,0.5,0.5,0.0,1
14195114,"SLB, Women",10,0,0,1,0.4017,0,1,0.4624,30,24,25,85,27,101,1,3.15,1.19,6,0,0.5,0.5,0.0,2
14220550,Liga Femenina,10,0,0,1,0.3814,0,1,0.4866,19,21,19,70,27,76,16,2.59,1.09,6,0,0.5,0.5,0.0,1
14270298,France Pro A,10,0,0,1,0.2681,0,1,0.4276,26,31,24,89,27,118,18,3.3,1.33,6,0,0.5,0.5,0.0,2
14374305,Hungary NB 1.A,10,1,0,0,0.4716,1,1,0.5183,27,30,17,82,27,116,4,3.04,1.41,6,0,0.5,0.5,0.0,2
14374306,Hungary NB 1.A,10,0,1,0,0.538,1,0,0.5616,29,23,26,82,27,120,6,3.04,1.46,6,0,0.5,0.5,0.0,2
14374307,Hungary NB 1.A,10,0,0,1,0.4695,1,0,0.531,30,26,20,95,27,131,3,3.52,1.38,6,0,0.5,0.5,0.0,2
14374308,Hungary NB 1.A,10,0,0,1,0.4137,1,0,0.5862,26,23,25,83,27,110,10,3.07,1.33,6,0,0.5,0.5,0.0,2
14374309,Hungary NB 1.A,10,1,1,1,0.5009,0,0,0.3868,26,24,30,92,27,100,4,3.41,1.09,6,0,0.5,0.5,0.0,1
14374310,Hungary NB 1.A,10,0,1,0,0.7015,1,0,0.617,24,34,26,96,27,114,6,3.56,1.19,6,0,0.5,0.5,0.0,2
14374311,Hungary NB 1.A,10,1,1,1,0.5482,0,0,0.4691,23,33,26,91,27,117,5,3.37,1.29,6,0,0.5,0.5,0.0,2
14374802,"Segunda FEB, Group West",10,1,1,1,0.5985,1,1,0.6521,19,22,31,92,27,92,10,3.41,1.0,6,0,0.5,0.5,0.0,1
14456428,Poland 1st Division Basketball,10,0,1,0,0.7033,0,1,0.4572,25,28,31,95,27,111,19,3.52,1.17,6,0,0.5,0.5,0.0,2
14456433,Poland 1st Division Basketball,10,0,1,0,0.5736,1,0,0.5046,22,26,23,82,27,99,1,3.04,1.21,6,0,0.5,0.5,0.0,1
14456721,Prva Liga,10,1,1,1,0.8293,1,1,0.8104,22,29,31,92,27,99,43,3.41,1.08,6,0,0.5,0.5,0.0,1
14491606,Liga ACB,10,1,0,0,0.4144,1,1,0.5355,28,38,29,111,27,133,11,4.11,1.2,6,0,0.5,0.5,0.0,2
15403295,"NBL, Qualifying Round",10,0,1,0,0.5964,1,0,0.6543,23,34,19,89,27,111,3,3.3,1.25,6,0,0.5,0.5,0.0,2
15403632,"NBL, Qualifying Round",10,1,1,1,0.5959,0,0,0.4433,29,23,23,88,27,114,6,3.26,1.3,6,0,0.5,0.5,0.0,2
15684739,"NB I, Women, Relegation Round",10,0,1,0,0.5108,1,0,0.6732,27,28,26,97,27,120,18,3.59,1.24,6,0,0.5,0.5,0.0,2
15895391,Meridianbet KLS,10,0,0,1,0.3902,1,0,0.5289,29,31,36,111,27,153,3,4.11,1.38,6,0,0.5,0.5,0.0,3
15895399,Meridianbet KLS,10,1,1,1,0.6944,0,0,0.456,29,31,33,104,27,139,13,3.85,1.34,6,0,0.5,0.5,0.0,2
15934280,"FSHB Superliga, K.K.M 2025-26",10,0,0,1,0.3146,1,0,0.583,30,25,36,106,27,117,9,3.93,1.1,6,0,0.5,0.5,0.0,2
15934284,"FSHB Superliga, K.K.M 2025-26",10,1,0,0,0.4918,0,0,0.4584,23,16,20,66,27,84,10,2.44,1.27,6,0,0.5,0.5,0.0,1
15948407,"Extraliga, Women, Placement 5-8",10,0,0,1,0.4492,0,1,0.4628,22,18,18,60,27,81,1,2.22,1.35,6,0,0.5,0.5,0.0,1
15951226,"Zain Basketball League, Playoffs",10,0,0,1,0.3687,0,1,0.4386,28,32,20,90,27,118,2,3.33,1.31,6,0,0.5,0.5,0.0,2
15951758,"Zweite Liga, Playoffs",10,0,0,1,0.2799,1,0,0.5725,32,24,27,90,27,114,10,3.33,1.27,6,0,0.5,0.5,0.0,2
15968487,"Serie A2, Women, Playoffs",10,1,1,1,0.7651,1,1,0.6662,24,12,20,63,27,74,12,2.33,1.17,6,0,0.5,0.5,0.0,1
15973645,"I A MCKL, Playoffs",10,1,1,1,0.7142,1,1,0.5952,26,31,26,89,27,130,2,3.3,1.46,6,0,0.5,0.5,0.0,2
15975477,"Super League, Relegation Round",10,0,0,1,0.44,1,0,0.5444,28,25,37,104,27,106,16,3.85,1.02,6,0,0.5,0.5,0.0,2
15975483,"Super League, Championship Round",10,0,0,1,0.3943,0,1,0.4365,27,24,25,87,27,100,12,3.22,1.15,6,0,0.5,0.5,0.0,1
15979904,"Basket Liga, Women, Playoffs",10,0,0,1,0.4042,0,1,0.4816,20,19,28,76,27,94,24,2.81,1.24,6,0,0.5,0.5,0.0,1
15980592,"Poland 2nd Basketball League, II Runda",10,0,0,1,0.4907,1,0,0.5827,16,29,21,76,27,95,13,2.81,1.25,6,0,0.5,0.5,0.0,1
15982300,"EYBL U17, CHALLENGE CUP",10,0,1,0,0.7236,1,0,0.7081,16,19,23,77,27,84,16,2.85,1.09,6,0,0.5,0.5,0.0,1
15989628,"EYBL U20, SUPERFINAL - 09./12.04.2026 - Reggio Calabria, Italy",10,1,1,1,0.5841,1,1,0.5655,26,33,28,99,27,114,2,3.67,1.15,6,0,0.5,0.5,0.0,2
15990652,A1 Liga,10,1,0,0,0.4743,0,0,0.4785,29,27,21,81,27,96,0,3.0,1.19,6,0,0.5,0.5,0.0,1
15990826,"ABA Liga, Championship Round",10,1,1,1,0.6116,1,1,0.6269,23,30,32,102,27,107,3,3.78,1.05,6,0,0.5,0.5,0.0,2
14270292,France Pro A,10,1,0,0,0.4818,1,1,0.5931,29,22,38,105,27,105,1,3.89,1.0,6,0,0.5,0.5,0.0,2
14374803,"Segunda FEB, Group East",10,1,1,1,0.7553,1,1,0.5982,29,18,30,87,27,105,5,3.22,1.21,6,0,0.5,0.5,0.0,2
14428866,Betsafe-LKL,10,0,1,0,0.5554,1,0,0.6134,28,31,27,97,27,125,3,3.59,1.29,6,0,0.5,0.5,0.0,2
15926628,"Prvenstvo RH za kadetkinje , Završni turnir",10,0,1,0,0.6445,0,1,0.488,16,24,13,57,27,72,14,2.11,1.26,6,0,0.5,0.5,0.0,1
14270299,France Pro A,10,1,0,0,0.4719,0,0,0.3977,23,31,25,87,27,103,25,3.22,1.18,6,0,0.5,0.5,0.0,2
14220546,Liga Femenina,10,1,1,1,0.755,1,1,0.6602,25,31,26,93,27,126,12,3.44,1.35,6,0,0.5,0.5,0.0,2
14270293,France Pro A,10,1,1,1,0.6607,1,1,0.6239,28,35,27,104,27,124,10,3.85,1.19,6,0,0.5,0.5,0.0,2
14381839,Germany BBL,10,0,1,0,0.5263,1,0,0.5451,20,22,27,83,27,140,8,3.07,1.69,6,0,0.5,0.5,0.0,2
14381843,Germany BBL,10,0,1,0,0.5852,1,0,0.6103,26,34,32,99,27,116,10,3.67,1.17,6,0,0.5,0.5,0.0,2
14602701,Portugal LBP,10,1,0,0,0.3624,1,1,0.5597,30,30,26,96,27,122,12,3.56,1.27,6,0,0.5,0.5,0.0,2
15904503,"France LFB Women, Playoffs",10,1,1,1,0.6611,1,1,0.5151,22,19,21,69,27,90,4,2.56,1.3,6,0,0.5,0.5,0.0,1
15968485,"Serie A2, Women, Playoffs",10,1,1,1,0.7386,1,1,0.6743,24,20,17,63,27,83,27,2.33,1.32,6,0,0.5,0.5,0.0,1
15968492,"Serie A2, Women, Playoffs",10,0,0,1,0.1607,0,1,0.4197,22,14,25,71,27,83,17,2.63,1.17,6,0,0.5,0.5,0.0,1
15974872,"Enovos League, Relegation Group",10,0,1,0,0.5125,1,0,0.5458,34,34,25,102,27,132,16,3.78,1.29,6,0,0.5,0.5,0.0,2
14220552,Liga Femenina,10,0,1,0,0.5732,0,1,0.4115,22,17,27,72,27,87,1,2.67,1.21,6,0,0.5,0.5,0.0,1
14373945,Primera FEB,10,0,0,1,0.485,1,0,0.5067,27,30,37,102,27,118,0,3.78,1.16,6,0,0.5,0.5,0.0,2
14373946,Primera FEB,10,0,0,1,0.4014,1,0,0.5394,21,28,20,85,27,110,6,3.15,1.29,6,0,0.5,0.5,0.0,2
14373951,Primera FEB,10,1,1,1,0.5665,1,1,0.6117,23,20,21,75,27,95,15,2.78,1.27,6,0,0.5,0.5,0.0,1
14374804,"Segunda FEB, Group East",10,0,0,1,0.3371,0,1,0.4158,22,26,27,79,27,93,13,2.93,1.18,6,0,0.5,0.5,0.0,1
14374806,"Segunda FEB, Group East",10,1,0,0,0.4651,0,0,0.4361,17,21,25,69,27,93,19,2.56,1.35,6,0,0.5,0.5,0.0,1
14445753,"A1 Liga, Women",10,0,0,1,0.1687,0,1,0.3522,27,21,29,89,27,111,25,3.3,1.25,6,0,0.5,0.5,0.0,2
14445760,"A1 Liga, Women",10,0,1,0,0.7333,1,0,0.5837,19,23,20,71,27,96,38,2.63,1.35,6,0,0.5,0.5,0.0,1
14491609,Liga ACB,10,0,0,1,0.4973,1,0,0.5566,23,32,39,102,27,131,9,3.78,1.28,6,0,0.5,0.5,0.0,2
14602706,Portugal LBP,10,0,1,0,0.5419,1,0,0.6101,26,23,21,89,27,108,4,3.3,1.21,6,0,0.5,0.5,0.0,2
14706490,1st Division,10,0,0,1,0.4805,1,0,0.6397,19,28,31,89,27,108,6,3.3,1.21,6,0,0.5,0.5,0.0,2
14706491,1st Division,10,0,0,1,0.4782,1,0,0.654,29,24,24,88,27,108,8,3.26,1.23,6,0,0.5,0.5,0.0,2
15526961,"Austrian Basketball Superliga, Qualifying Round",10,1,1,1,0.7392,1,1,0.5876,29,42,28,110,27,133,17,4.07,1.21,6,0,0.5,0.5,0.0,2
15526962,"Austrian Basketball Superliga, Qualifying Round",10,1,1,1,0.8339,1,1,0.6264,27,29,25,94,27,130,26,3.48,1.38,6,0,0.5,0.5,0.0,2
15526972,"Austrian Basketball Superliga, Championship Round",10,0,0,1,0.3966,1,0,0.6198,25,27,43,104,27,114,8,3.85,1.1,6,0,0.5,0.5,0.0,2
15526973,"Austrian Basketball Superliga, Championship Round",10,1,1,1,0.7127,1,1,0.6046,34,26,24,98,27,112,10,3.63,1.14,6,0,0.5,0.5,0.0,2
15526974,"Austrian Basketball Superliga, Championship Round",10,1,0,0,0.43,1,1,0.5955,21,20,32,88,27,102,8,3.26,1.16,6,0,0.5,0.5,0.0,2
15745221,"Slovenian Second Basketball League, Liga za obstanek",10,0,1,0,0.6632,1,0,0.5524,34,34,35,116,27,136,18,4.3,1.17,6,0,0.5,0.5,0.0,2
15895396,Meridianbet KLS,10,1,1,1,0.6059,1,1,0.538,30,29,33,104,27,138,12,3.85,1.33,6,0,0.5,0.5,0.0,2
15958945,"Tipos SBL, Playoffs",10,0,1,0,0.5175,1,0,0.6197,27,23,20,81,27,110,16,3.0,1.36,6,0,0.5,0.5,0.0,2
15973338,"I A MCKL, Playoffs",10,0,1,0,0.6464,1,0,0.5115,24,29,29,93,27,154,16,3.44,1.66,6,0,0.5,0.5,0.0,3
15974888,"Enovos League, Play Offs",10,0,0,1,0.486,1,0,0.5633,19,23,20,71,27,94,4,2.63,1.32,6,0,0.5,0.5,0.0,1
15974935,"1st DBBL, Playoffs",10,1,1,1,0.6897,1,1,0.5667,23,29,26,92,27,114,8,3.41,1.24,6,0,0.5,0.5,0.0,2
15985997,"1. Division, Women, Playoffs",10,0,1,0,0.5282,1,0,0.5103,14,18,22,60,27,68,8,2.22,1.13,6,0,0.5,0.5,0.0,1
14602704,Portugal LBP,10,0,0,1,0.429,0,1,0.4642,22,28,36,95,27,119,11,3.52,1.25,6,0,0.5,0.5,0.0,2
15870066,"Portugal LFB Women, Playoffs",10,1,0,0,0.4574,1,1,0.7118,28,25,19,83,27,108,24,3.07,1.3,6,0,0.5,0.5,0.0,2
14220547,Liga Femenina,10,1,0,0,0.445,1,1,0.6207,15,19,19,63,27,72,0,2.33,1.14,6,0,0.5,0.5,0.0,1
14373949,Primera FEB,10,1,1,1,0.7825,1,1,0.6697,30,25,28,89,27,116,2,3.3,1.3,6,0,0.5,0.5,0.0,2
14374808,"Segunda FEB, Group East",10,1,0,0,0.338,0,0,0.4276,30,25,29,91,27,120,4,3.37,1.32,6,0,0.5,0.5,0.0,2
14500915,Turkish Basketball Super League,10,1,1,1,0.5992,0,0,0.4474,31,31,25,102,27,120,0,3.78,1.18,6,0,0.5,0.5,0.0,2
14602707,Portugal LBP,10,1,1,1,0.7118,1,1,0.6416,23,21,26,83,27,101,5,3.07,1.22,6,0,0.5,0.5,0.0,2
15972578,"EYBL U20, CHALLENGE CUP",10,1,1,1,0.7071,1,1,0.563,22,21,21,75,27,110,14,2.78,1.47,6,0,0.5,0.5,0.0,2
14024411,BNXT League,10,1,1,1,0.6058,1,1,0.5767,20,21,30,98,27,104,2,3.63,1.06,6,0,0.5,0.5,0.0,2
14024412,BNXT League,10,0,0,1,0.2951,0,1,0.4875,22,29,29,87,27,105,3,3.22,1.21,6,0,0.5,0.5,0.0,2
14024413,BNXT League,10,0,0,1,0.306,0,1,0.3964,26,22,26,99,27,110,4,3.67,1.11,6,0,0.5,0.5,0.0,2
14024417,BNXT League,10,1,0,0,0.4862,1,1,0.5485,26,31,24,92,27,114,0,3.41,1.24,6,0,0.5,0.5,0.0,2
14149313,Belgian Basketball 2nd Division,10,1,1,1,0.7322,1,1,0.6498,27,28,29,94,27,111,23,3.48,1.18,6,0,0.5,0.5,0.0,2
14272580,Élite 2,10,1,0,0,0.2659,0,0,0.4376,25,21,21,79,27,101,9,2.93,1.28,6,0,0.5,0.5,0.0,2
14341448,"Serie B, Group B",10,0,1,0,0.6301,1,0,0.6487,13,29,15,66,27,97,23,2.44,1.47,6,0,0.5,0.5,0.0,1
14341833,Serie A2,10,1,1,1,0.638,1,1,0.6291,18,26,18,70,27,97,29,2.59,1.39,6,0,0.5,0.5,0.0,1
14343998,Lega A Basket,10,0,1,0,0.5733,1,0,0.509,23,28,26,88,27,154,20,3.26,1.75,6,0,0.5,0.5,0.0,3
14374807,"Segunda FEB, Group West",10,1,1,1,0.5989,1,1,0.5504,34,34,27,110,27,127,5,4.07,1.15,6,0,0.5,0.5,0.0,2
14374809,"Segunda FEB, Group West",10,0,0,1,0.4322,1,0,0.5143,27,23,24,83,27,103,3,3.07,1.24,6,0,0.5,0.5,0.0,2
14381829,Germany BBL,10,1,1,1,0.7313,1,1,0.5915,24,20,27,80,27,99,17,2.96,1.24,6,0,0.5,0.5,0.0,1
14381840,Germany BBL,10,1,1,1,0.7618,1,1,0.5548,35,36,29,116,27,149,7,4.3,1.28,6,0,0.5,0.5,0.0,2
14456430,Poland 1st Division Basketball,10,1,1,1,0.6406,0,0,0.4946,29,20,29,90,27,116,4,3.33,1.29,6,0,0.5,0.5,0.0,2
14491607,Liga ACB,10,0,1,0,0.5294,1,0,0.5303,28,32,28,104,27,126,0,3.85,1.21,6,0,0.5,0.5,0.0,2
14602705,Portugal LBP,10,1,0,0,0.4706,1,1,0.5885,29,28,32,98,27,125,17,3.63,1.28,6,0,0.5,0.5,0.0,2
15706620,Croatian Premier League,10,1,0,0,0.4453,1,1,0.5635,26,24,29,88,27,111,13,3.26,1.26,6,0,0.5,0.5,0.0,2
15745213,"Slovenian Second Basketball League, Liga za obstanek",10,1,1,1,0.5471,1,1,0.5319,26,23,26,94,27,118,4,3.48,1.26,6,0,0.5,0.5,0.0,2
15820447,I B MCKL,10,1,1,1,0.5888,1,1,0.6196,19,17,18,65,27,70,6,2.41,1.08,6,0,0.5,0.5,0.0,1
15895397,Meridianbet KLS,10,0,0,1,0.4334,0,1,0.4521,31,22,29,91,27,124,6,3.37,1.36,6,0,0.5,0.5,0.0,2
15904337,"France LFB Women, Relegation Round",10,0,0,1,0.2563,0,1,0.458,16,20,28,74,27,79,5,2.74,1.07,6,0,0.5,0.5,0.0,1
15904338,"France LFB Women, Relegation Round",10,0,0,1,0.4161,0,1,0.4629,28,25,25,83,27,110,24,3.07,1.33,6,0,0.5,0.5,0.0,2
15915201,"1. Liga, Playoffs",10,0,1,0,0.7416,0,1,0.4206,24,25,28,87,27,116,8,3.22,1.33,6,0,0.5,0.5,0.0,2
15934283,"FSHB Superliga, K.K.M 2025-26",10,1,0,0,0.3839,0,0,0.4552,27,23,23,88,27,100,6,3.26,1.14,6,0,0.5,0.5,0.0,1
15957233,"France LF2, Women, Phase 1 - Poule A",10,0,0,1,0.4807,1,0,0.5116,21,20,23,71,27,95,15,2.63,1.34,6,0,0.5,0.5,0.0,1
15957234,"France LF2, Women, Phase 1 - Poule A",10,0,1,0,0.6457,1,0,0.6143,20,21,16,63,27,83,5,2.33,1.32,6,0,0.5,0.5,0.0,1
15957235,"France LF2, Women, Phase 1 - Poule A",10,0,1,0,0.5631,1,0,0.6145,23,29,22,83,27,128,8,3.07,1.54,6,0,0.5,0.5,0.0,2
15957236,"France LF2, Women, Phase 1 - Poule A",10,1,0,0,0.2407,0,0,0.4924,20,16,27,66,27,89,11,2.44,1.35,6,0,0.5,0.5,0.0,1
15974890,"Enovos League, Play Offs",10,1,1,1,0.7362,1,1,0.6417,26,31,28,97,27,113,3,3.59,1.16,6,0,0.5,0.5,0.0,2
15984351,"Youth Basketball Champions League, Semi-Finals 1-4 ",10,0,0,1,0.377,1,0,0.5568,23,28,21,85,27,108,2,3.15,1.27,6,0,0.5,0.5,0.0,2
15989630,"EYBL U20, SUPERFINAL - 09./12.04.2026 - Reggio Calabria, Italy",10,0,0,1,0.2566,0,1,0.3329,24,17,28,80,27,76,32,2.96,0.95,6,0,0.5,0.5,0.0,1
15990964,"Slovenian Second Basketball League, Polfinale",10,1,1,1,0.6457,1,1,0.5377,21,30,19,77,27,107,3,2.85,1.39,6,0,0.5,0.5,0.0,2
15974873,"Enovos League, Relegation Group",10,1,1,1,0.7844,1,1,0.596,32,23,22,83,27,122,24,3.07,1.47,6,0,0.5,0.5,0.0,2
14024414,BNXT League,10,0,0,1,0.324,0,1,0.4297,20,29,27,85,27,115,3,3.15,1.35,6,0,0.5,0.5,0.0,2
14024416,BNXT League,10,0,1,0,0.6578,1,0,0.5062,33,30,32,108,27,134,8,4.0,1.24,6,0,0.5,0.5,0.0,2
14195115,"SLB, Women",10,1,1,1,0.7813,1,1,0.6507,18,17,20,64,27,77,1,2.37,1.2,6,0,0.5,0.5,0.0,1
14270302,France Pro A,10,0,0,1,0.3659,0,1,0.4489,31,26,30,94,27,124,4,3.48,1.32,6,0,0.5,0.5,0.0,2
14344001,Lega A Basket,10,0,1,0,0.6036,1,0,0.5196,25,31,24,88,27,116,2,3.26,1.32,6,0,0.5,0.5,0.0,2
14373947,Primera FEB,10,0,1,0,0.5016,1,0,0.5276,21,26,28,87,27,102,6,3.22,1.17,6,0,0.5,0.5,0.0,2
15706639,Croatian Premier League,10,1,1,1,0.6766,1,1,0.5957,23,21,25,75,27,92,4,2.78,1.23,6,0,0.5,0.5,0.0,1
15915196,"A1 Women, Playoffs",10,0,0,1,0.3644,0,1,0.4357,21,18,18,68,27,78,6,2.52,1.15,6,0,0.5,0.5,0.0,1
15974892,"Enovos League, Play Offs",10,1,1,1,0.5662,1,1,0.6018,29,30,23,92,27,153,13,3.41,1.66,6,0,0.5,0.5,0.0,3
15981012,"Poland 2nd Basketball League, II Runda",10,1,1,1,0.6206,1,1,0.5769,21,32,24,88,27,104,28,3.26,1.18,6,0,0.5,0.5,0.0,2
14149316,Belgian Basketball 2nd Division,10,0,0,1,0.3844,0,1,0.4481,31,24,27,91,27,114,14,3.37,1.25,6,0,0.5,0.5,0.0,2
14149319,Belgian Basketball 2nd Division,10,1,1,1,0.7912,1,1,0.5906,28,26,25,90,27,126,8,3.33,1.4,6,0,0.5,0.5,0.0,2
15904498,"France LFB Women, Playoffs",10,1,1,1,0.6819,1,1,0.6333,17,19,28,74,27,79,27,2.74,1.07,6,0,0.5,0.5,0.0,1
15898437,Meridianbet KLS,10,1,0,0,0.3019,0,0,0.4163,32,28,35,105,27,125,3,3.89,1.19,6,0,0.5,0.5,0.0,2
15968488,"Serie A2, Women, Playoffs",10,1,1,1,0.7692,1,1,0.6539,27,25,25,89,27,103,3,3.3,1.16,6,0,0.5,0.5,0.0,2
15989631,"EYBL U20, CHALLENGE CUP",10,1,1,1,0.5828,1,1,0.6402,25,35,34,109,27,152,6,4.04,1.39,6,0,0.5,0.5,0.0,3
15968490,"Serie A2, Women, Playoffs",10,0,1,0,0.551,1,0,0.5005,35,19,13,77,27,105,7,2.85,1.36,6,0,0.5,0.5,0.0,2
15888423,"Iceland Basketball Premier League, Playoffs",10,0,1,0,0.5116,1,0,0.5305,22,25,27,84,27,135,5,3.11,1.61,6,0,0.5,0.5,0.0,2
15204228,Brazil NBB,10,1,1,1,0.5062,1,1,0.5003,19,30,21,76,27,99,3,2.81,1.3,6,0,0.5,0.5,0.0,1
15968767,"Liga Nacional Femenina Chile, Fase regular",10,1,0,0,0.3114,0,0,0.2791,19,23,17,65,27,83,31,2.41,1.28,6,0,0.5,0.5,0.0,1
15986789,"Liga Señal Colombia de Baloncesto , I Fase - Eliminatoria",10,0,0,1,0.2127,0,1,0.4785,21,29,15,72,27,96,4,2.67,1.33,6,0,0.5,0.5,0.0,1
15478496,"LBF, Women",10,0,1,0,0.5241,0,1,0.4089,21,15,31,75,27,80,10,2.78,1.07,6,0,0.5,0.5,0.0,1
15909334,LNB 2,10,1,1,1,0.5761,0,0,0.4801,18,10,17,51,27,65,17,1.89,1.27,6,0,0.5,0.5,0.0,1
15902247,Superliga,10,0,1,0,0.5012,1,0,0.6653,25,26,28,94,27,108,6,3.48,1.15,6,0,0.5,0.5,0.0,2
15909320,LNB 2,10,1,0,0,0.3936,0,0,0.4744,15,22,22,74,27,108,8,2.74,1.46,6,0,0.5,0.5,0.0,2
15909321,LNB 2,10,0,0,1,0.279,1,0,0.5028,26,19,34,91,27,98,16,3.37,1.08,6,0,0.5,0.5,0.0,1
15909336,LNB 2,10,0,1,0,0.674,1,0,0.5175,26,19,27,89,27,90,20,3.3,1.01,6,0,0.5,0.5,0.0,1
15986790,"Liga Señal Colombia de Baloncesto , I Fase - Eliminatoria",10,1,1,1,0.5897,1,1,0.6879,16,14,17,54,27,65,9,2.0,1.2,6,0,0.5,0.5,0.0,1
15902646,Superliga,10,1,1,1,0.5676,1,1,0.603,21,24,23,78,27,108,6,2.89,1.38,6,0,0.5,0.5,0.0,2
15909327,LNB 2,10,1,1,1,0.6014,1,1,0.6775,20,20,19,63,27,90,20,2.33,1.43,6,0,0.5,0.5,0.0,1
15915199,"Liga Femenina, Women, Clausura, Playoffs",10,0,1,0,0.7631,1,0,0.7176,25,18,16,62,27,90,18,2.3,1.45,6,0,0.5,0.5,0.0,1
15968768,"Liga Nacional Femenina Chile, Fase regular",10,0,0,1,0.4093,1,0,0.5516,29,27,29,94,27,115,15,3.48,1.22,6,0,0.5,0.5,0.0,2
15915198,"Liga Femenina, Women, Clausura, Playoffs",10,1,1,1,0.5346,0,0,0.3924,23,11,10,53,27,87,11,1.96,1.64,6,0,0.5,0.5,0.0,1
15915200,"Liga Femenina, Women, Clausura, Playoffs",10,1,1,1,0.682,0,0,0.4471,19,14,14,56,27,78,12,2.07,1.39,6,0,0.5,0.5,0.0,1
15265272,Argentina Liga Nacional,10,0,1,0,0.6966,1,0,0.61,23,27,28,90,27,102,8,3.33,1.13,6,0,0.5,0.5,0.0,2
15840844,Puerto Rico BSN,10,1,0,0,0.4855,0,0,0.4512,18,20,30,78,27,93,5,2.89,1.19,6,0,0.5,0.5,0.0,1
15840847,Puerto Rico BSN,10,1,1,1,0.5463,0,0,0.4376,32,22,30,90,27,125,9,3.33,1.39,6,0,0.5,0.5,0.0,2
15931323,"Liga Femenina, Women, Clausura, Playoffs",10,1,1,1,0.8068,1,1,0.7338,18,15,17,57,27,69,21,2.11,1.21,6,0,0.5,0.5,0.0,1
15951138,Chile LNB,10,1,1,1,0.5978,0,0,0.4295,26,31,28,93,27,132,0,3.44,1.42,6,0,0.5,0.5,0.0,2
15968770,"Liga Nacional Femenina Chile, Fase regular",10,0,0,1,0.4005,0,1,0.2466,28,29,21,87,27,102,36,3.22,1.17,6,0,0.5,0.5,0.0,2
15963603,"CIBACOPA , Segunda Vuelta",10,1,1,1,0.8227,1,1,0.6819,25,21,23,77,27,95,25,2.85,1.23,6,0,0.5,0.5,0.0,1
15931320,"Liga Femenina, Women, Clausura, Playoffs",10,1,0,0,0.4952,1,1,0.7141,26,19,23,72,27,101,27,2.67,1.4,6,0,0.5,0.5,0.0,2
15951139,Chile LNB,10,1,1,1,0.6229,1,1,0.5475,25,25,28,85,27,109,11,3.15,1.28,6,0,0.5,0.5,0.0,2
15951140,Chile LNB,10,1,1,1,0.5704,0,0,0.4999,24,28,32,90,27,109,5,3.33,1.21,6,0,0.5,0.5,0.0,2
15982727,"Uruguay LUB, Championship Round",10,1,1,1,0.623,0,0,0.4838,32,21,28,97,27,121,9,3.59,1.25,6,0,0.5,0.5,0.0,2
15348037,"NBL1 East, Women",10,1,1,1,0.6629,1,1,0.6653,22,27,29,89,27,118,4,3.3,1.33,6,0,0.5,0.5,0.0,2
15963604,"CIBACOPA , Segunda Vuelta",10,0,0,1,0.4456,0,1,0.4152,27,30,30,101,27,129,1,3.74,1.28,6,0,0.5,0.5,0.0,2
15347656,"NBL1 South, Women",10,0,0,1,0.3561,0,1,0.3063,22,25,30,85,27,108,32,3.15,1.27,6,0,0.5,0.5,0.0,2
15347657,"NBL1 South, Women",10,0,1,0,0.6024,1,0,0.6927,27,28,22,83,27,112,20,3.07,1.35,6,0,0.5,0.5,0.0,2
15656861,"Big V, Women",10,1,0,0,0.4714,1,1,0.5234,20,22,28,76,27,81,15,2.81,1.07,6,0,0.5,0.5,0.0,1
15714522,"Belize Elite Basketball League, Regular Season",10,1,1,1,0.6845,1,1,0.5628,21,26,22,85,27,97,5,3.15,1.14,6,0,0.5,0.5,0.0,1
15714523,"Belize Elite Basketball League, Regular Season",10,0,1,0,0.8455,1,0,0.669,22,34,43,107,27,122,12,3.96,1.14,6,0,0.5,0.5,0.0,2
15968652,"Rapid League, Regular Season",10,1,0,0,0.4067,0,0,0.3056,9,8,14,40,27,38,6,1.48,0.95,6,0,0.5,0.5,0.0,0
15963605,"CIBACOPA , Segunda Vuelta",10,1,1,1,0.5363,1,1,0.5816,29,24,32,94,27,121,9,3.48,1.29,6,0,0.5,0.5,0.0,2
15347658,"NBL1 South, Women",10,0,1,0,0.6506,0,1,0.3583,28,23,25,84,27,120,0,3.11,1.43,6,0,0.5,0.5,0.0,2
15963602,"CIBACOPA , Segunda Vuelta",10,1,0,0,0.437,1,1,0.5461,28,38,40,112,27,159,3,4.15,1.42,6,0,0.5,0.5,0.0,3
15217612,New Zealand NBL,10,1,1,1,0.7246,1,1,0.5697,31,34,31,102,27,144,22,3.78,1.41,6,0,0.5,0.5,0.0,2
15347659,"NBL1 South, Women",10,1,0,0,0.3176,1,1,0.6108,18,25,29,83,27,98,16,3.07,1.18,6,0,0.5,0.5,0.0,1
15347660,"NBL1 South, Women",10,1,1,1,0.6416,0,0,0.4186,26,29,24,85,27,120,4,3.15,1.41,6,0,0.5,0.5,0.0,2
15347869,"NBL1, East",10,1,1,1,0.7765,1,1,0.6725,21,24,21,74,27,94,24,2.74,1.27,6,0,0.5,0.5,0.0,1
14620694,B2 League,10,1,0,0,0.3385,0,0,0.3372,32,25,25,94,27,117,25,3.48,1.24,6,0,0.5,0.5,0.0,2
15963606,"CIBACOPA , Segunda Vuelta",10,0,0,1,0.2715,0,1,0.4805,30,40,29,112,27,149,11,4.15,1.33,6,0,0.5,0.5,0.0,2
15348038,"NBL1 East, Women",10,0,1,0,0.724,1,0,0.5867,22,19,20,69,27,98,22,2.56,1.42,6,0,0.5,0.5,0.0,1
15347197,"NBL1, South",10,1,0,0,0.3168,0,0,0.4526,25,30,21,85,27,110,4,3.15,1.29,6,0,0.5,0.5,0.0,2
15347198,"NBL1, South",10,0,1,0,0.5189,1,0,0.6424,32,30,33,112,27,124,2,4.15,1.11,6,0,0.5,0.5,0.0,2
15347661,"NBL1 South, Women",10,0,0,1,0.3747,0,1,0.3559,25,19,28,84,27,107,13,3.11,1.27,6,0,0.5,0.5,0.0,2
15348039,"NBL1 East, Women",10,1,1,1,0.5862,1,1,0.6087,18,18,23,65,27,78,6,2.41,1.2,6,0,0.5,0.5,0.0,1
15656862,"Big V, Women",10,0,1,0,0.748,1,0,0.735,24,19,25,80,27,82,12,2.96,1.02,6,0,0.5,0.5,0.0,1
15347200,"NBL1, South",10,0,0,1,0.3237,0,1,0.3826,30,24,28,92,27,115,1,3.41,1.25,6,0,0.5,0.5,0.0,2
15347201,"NBL1, South",10,0,0,1,0.3545,1,0,0.5327,19,31,31,89,27,109,25,3.3,1.22,6,0,0.5,0.5,0.0,2
15347202,"NBL1, South",10,1,1,1,0.6768,0,0,0.4341,22,25,31,84,27,108,0,3.11,1.29,6,0,0.5,0.5,0.0,2
15968655,"Rapid League, Regular Season",10,0,1,0,0.6288,1,0,0.5443,13,14,6,46,27,48,12,1.7,1.04,6,0,0.5,0.5,0.0,0
15978556,"Korean Basketball League, Playoffs",10,0,0,1,0.464,0,1,0.4461,20,31,24,85,27,116,20,3.15,1.36,6,0,0.5,0.5,0.0,2
15993384,"EYBL U20, SUPERFINAL - 09./12.04.2026 - Reggio Calabria, Italy",10,0,1,0,0.5367,1,0,0.5146,23,30,28,91,27,115,11,3.37,1.26,6,0,0.5,0.5,0.0,2
15993404,"EYBL U16, CHALLENGE CUP",10,1,1,1,0.7018,1,1,0.5272,25,20,17,74,27,98,2,2.74,1.32,6,0,0.5,0.5,0.0,1
14615987,B1 League,10,1,1,1,0.6342,1,1,0.5872,31,26,30,100,27,115,21,3.7,1.15,6,0,0.5,0.5,0.0,2
14615990,B1 League,10,0,1,0,0.5384,1,0,0.5909,20,27,24,84,27,102,4,3.11,1.21,6,0,0.5,0.5,0.0,2
14620688,B2 League,10,0,1,0,0.7986,1,0,0.6322,29,20,21,72,27,112,28,2.67,1.56,6,0,0.5,0.5,0.0,2
14620690,B2 League,10,0,1,0,0.5726,1,0,0.6296,26,32,27,96,27,153,9,3.56,1.59,6,0,0.5,0.5,0.0,3
14620692,B2 League,10,0,1,0,0.5352,1,0,0.5612,20,23,23,78,27,105,7,2.89,1.35,6,0,0.5,0.5,0.0,2
15347870,"NBL1, East",10,0,1,0,0.5467,1,0,0.5553,26,23,25,87,27,99,13,3.22,1.14,6,0,0.5,0.5,0.0,1
15217613,New Zealand NBL,10,1,1,1,0.5421,1,1,0.654,32,19,26,83,27,123,5,3.07,1.48,6,0,0.5,0.5,0.0,2
15347203,"NBL1, South",10,1,1,1,0.6878,1,1,0.5323,24,34,21,85,27,126,8,3.15,1.48,6,0,0.5,0.5,0.0,2
15347871,"NBL1, East",10,1,0,0,0.4583,0,0,0.449,36,23,24,93,27,117,1,3.44,1.26,6,0,0.5,0.5,0.0,2
15993401,"EYBL U17, CHALLENGE CUP",10,0,1,0,0.5631,1,0,0.5803,18,24,17,67,27,90,18,2.48,1.34,6,0,0.5,0.5,0.0,1
15993405,"EYBL U16, CHALLENGE CUP",10,1,1,1,0.5115,0,0,0.4961,22,25,31,88,27,99,11,3.26,1.12,6,0,0.5,0.5,0.0,1
14615988,B1 League,10,0,1,0,0.5671,1,0,0.6377,25,24,17,77,27,98,0,2.85,1.27,6,0,0.5,0.5,0.0,1
14615989,B1 League,10,0,1,0,0.6037,1,0,0.5998,24,35,17,82,27,115,27,3.04,1.4,6,0,0.5,0.5,0.0,2
14615991,B1 League,10,0,1,0,0.5533,1,0,0.6124,34,30,31,107,27,132,6,3.96,1.23,6,0,0.5,0.5,0.0,2
14615995,B1 League,10,0,1,0,0.6999,1,0,0.5654,21,23,24,74,27,139,27,2.74,1.88,6,0,0.5,0.5,0.0,2
14620689,B2 League,10,0,0,1,0.3967,1,0,0.5643,23,18,21,74,27,100,10,2.74,1.35,6,0,0.5,0.5,0.0,1
14620859,B1 League,10,0,0,1,0.2443,0,1,0.494,31,21,27,87,27,115,3,3.22,1.32,6,0,0.5,0.5,0.0,2
15993381,"EYBL U20, SUPERFINAL - 09./12.04.2026 - Reggio Calabria, Italy",10,1,1,1,0.6915,1,1,0.5474,29,26,26,88,27,119,11,3.26,1.35,6,0,0.5,0.5,0.0,2
15974942,"EYBL U20, CHALLENGE CUP",10,0,1,0,0.74,1,0,0.6202,33,27,29,95,27,121,23,3.52,1.27,6,0,0.5,0.5,0.0,2
15991703,"EGBL U14, Superfinal",10,1,0,0,0.4678,0,0,0.4311,16,18,19,64,27,67,15,2.37,1.05,6,0,0.5,0.5,0.0,1
15993406,"EYBL U16, CHALLENGE CUP",10,0,0,1,0.4582,0,1,0.3603,22,23,29,82,27,91,29,3.04,1.11,6,0,0.5,0.5,0.0,1
15989632,"EYBL U20, CHALLENGE CUP",10,0,1,0,0.647,1,0,0.5667,22,20,27,81,27,99,7,3.0,1.22,6,0,0.5,0.5,0.0,1
15993402,"EYBL U17, CHALLENGE CUP",10,0,0,1,0.211,0,1,0.4943,26,21,24,80,27,96,4,2.96,1.2,6,0,0.5,0.5,0.0,1
15995657,"Prvenstvo RH za kadetkinje , Završni turnir",10,0,0,1,0.3345,1,0,0.5383,15,14,14,48,27,57,19,1.78,1.19,6,0,0.5,0.5,0.0,0
15973336,"ZBL, Playoffs",10,1,1,1,0.5641,1,1,0.8723,26,25,17,74,27,114,60,2.74,1.54,6,0,0.5,0.5,0.0,2
15991704,"EGBL U14, Superfinal",10,1,1,1,0.5412,0,0,0.4908,17,11,11,50,27,62,4,1.85,1.24,6,0,0.5,0.5,0.0,1
15993383,"EYBL U20, SUPERFINAL - 09./12.04.2026 - Reggio Calabria, Italy",10,1,1,1,0.5422,1,1,0.5481,25,27,29,90,27,113,11,3.33,1.26,6,0,0.5,0.5,0.0,2
15993407,"EYBL U16, CHALLENGE CUP",10,1,1,1,0.9162,1,1,0.7302,25,29,26,87,27,112,46,3.22,1.29,6,0,0.5,0.5,0.0,2
15514831,"NBL Women , Regular Season",10,0,1,0,0.5617,1,0,0.6778,15,19,13,53,27,80,2,1.96,1.51,6,0,0.5,0.5,0.0,1
15974917,"LF Challenge, Regular Season",10,0,0,1,0.42,0,1,0.4475,31,24,30,87,27,111,17,3.22,1.28,6,0,0.5,0.5,0.0,2
15989645,"Youth Basketball Champions League, Classification 5-8 ",10,1,0,0,0.3112,1,1,0.5081,25,18,24,74,27,95,21,2.74,1.28,6,0,0.5,0.5,0.0,1
14615994,B1 League,10,1,1,1,0.7044,1,1,0.6132,22,19,23,70,27,105,21,2.59,1.5,6,0,0.5,0.5,0.0,2
15656673,PBA Commissioner's Cup,12,1,1,1,0.6937,1,1,0.6225,33,31,29,124,27,119,7,4.59,0.96,6,0,0.5,0.5,0.0,2
14220549,Liga Femenina,10,1,1,1,0.7252,1,1,0.5111,22,34,27,101,27,107,11,3.74,1.06,6,0,0.5,0.5,0.0,2
14374810,"Segunda FEB, Group East",10,1,1,1,0.6271,1,1,0.6351,25,26,27,88,27,122,20,3.26,1.39,6,0,0.5,0.5,0.0,2
14374811,"Segunda FEB, Group West",10,1,1,1,0.6235,0,0,0.497,22,17,23,71,27,86,10,2.63,1.21,6,0,0.5,0.5,0.0,1
14374813,"Segunda FEB, Group West",10,0,1,0,0.7428,1,0,0.6271,29,29,22,89,27,108,14,3.3,1.21,6,0,0.5,0.5,0.0,2
14491605,Liga ACB,10,1,0,0,0.3288,0,0,0.3742,20,28,29,86,27,104,8,3.19,1.21,6,0,0.5,0.5,0.0,2
14500908,Turkish Basketball Super League,10,1,0,0,0.4472,1,1,0.5318,30,26,30,98,27,128,2,3.63,1.31,6,0,0.5,0.5,0.0,2
15974918,"LF Challenge, Regular Season",10,0,0,1,0.252,1,0,0.5176,26,24,21,77,27,102,22,2.85,1.32,6,0,0.5,0.5,0.0,2
15993403,"EYBL U17, CHALLENGE CUP",10,1,0,0,0.3973,1,1,0.5336,24,23,24,81,27,116,14,3.0,1.43,6,0,0.5,0.5,0.0,2
15995276,"Prvenstvo RH za kadetkinje , Završni turnir",10,1,1,1,0.6569,1,1,0.5957,18,24,15,69,27,91,1,2.56,1.32,6,0,0.5,0.5,0.0,1
14078311,Swedish Basketball Superettan,10,1,0,0,0.4555,1,1,0.5867,25,21,28,81,27,95,3,3.0,1.17,6,0,0.5,0.5,0.0,1
14491611,Liga ACB,10,1,1,1,0.6548,1,1,0.6509,37,36,34,115,27,131,9,4.26,1.14,6,0,0.5,0.5,0.0,2
14491613,Liga ACB,10,1,1,1,0.5659,1,1,0.6056,29,32,25,98,27,128,2,3.63,1.31,6,0,0.5,0.5,0.0,2
15485993,"LF Challenge, Regular Season",10,0,0,1,0.3141,1,0,0.5081,16,23,21,66,27,87,5,2.44,1.32,6,0,0.5,0.5,0.0,1
15974919,"LF Challenge, Regular Season",10,1,1,1,0.7532,1,1,0.6739,21,26,20,79,27,127,41,2.93,1.61,6,0,0.5,0.5,0.0,2
15993382,"EYBL U20, SUPERFINAL - 09./12.04.2026 - Reggio Calabria, Italy",10,1,1,1,0.5733,1,1,0.5367,31,22,27,91,27,116,6,3.37,1.27,6,0,0.5,0.5,0.0,2
15570337,"NBL Women , Regular Season",10,0,0,1,0.0878,0,1,0.2494,16,23,17,58,27,80,40,2.15,1.38,6,0,0.5,0.5,0.0,1
15989714,"United Cup, Knockout Stage",10,0,1,0,0.8107,1,0,0.6032,24,18,23,76,27,87,15,2.81,1.14,6,0,0.5,0.5,0.0,1
15991319,Leaders Cup,10,0,0,1,0.3768,0,1,0.4062,36,35,30,123,27,144,6,4.56,1.17,6,0,0.5,0.5,0.0,2
15656674,PBA Commissioner's Cup,12,0,0,1,0.4835,1,0,0.5293,21,28,26,100,27,117,9,3.7,1.17,6,0,0.5,0.5,0.0,2
15989644,"Youth Basketball Champions League, Classification 5-8 ",10,1,0,0,0.3805,1,1,0.525,22,15,17,59,27,80,6,2.19,1.36,6,0,0.5,0.5,0.0,1
14967162,China CBA,10,1,0,0,0.4748,1,1,0.5921,20,25,33,89,27,100,4,3.3,1.12,6,0,0.5,0.5,0.0,1
14967163,China CBA,10,1,1,1,0.7187,1,1,0.6097,30,28,30,97,27,124,16,3.59,1.28,6,0,0.5,0.5,0.0,2
14967164,China CBA,10,1,0,0,0.4251,0,0,0.463,21,25,25,83,27,116,14,3.07,1.4,6,0,0.5,0.5,0.0,2
14439326,NBA,12,1,0,0,0.3668,0,0,0.4253,33,36,28,123,27,154,22,4.56,1.25,6,0,0.5,0.5,0.0,3
14441833,NBA,12,1,1,1,0.6072,1,1,0.5793,27,27,37,120,27,136,8,4.44,1.13,6,0,0.5,0.5,0.0,2
14441854,NBA,12,1,0,0,0.4781,1,1,0.5023,29,36,34,130,27,145,11,4.81,1.12,6,0,0.5,0.5,0.0,2
14441876,NBA,12,1,1,1,0.55,0,0,0.4835,32,35,23,126,27,145,5,4.67,1.15,6,0,0.5,0.5,0.0,2
14441944,NBA,12,0,1,0,0.6166,1,0,0.5476,24,39,29,118,27,125,7,4.37,1.06,6,0,0.5,0.5,0.0,2
14442281,NBA,12,1,1,1,0.6031,1,1,0.5442,25,34,27,116,27,130,2,4.3,1.12,6,0,0.5,0.5,0.0,2
15992939,Colombia LPB,10,0,0,1,0.3868,1,0,0.5068,18,20,19,82,27,89,13,3.04,1.09,6,0,0.5,0.5,0.0,1
15840845,Puerto Rico BSN,10,1,0,0,0.3828,0,0,0.4247,29,27,31,119,27,127,11,4.41,1.07,6,0,0.5,0.5,0.0,2
14439306,NBA,12,1,1,1,0.5574,1,1,0.6109,33,25,31,123,27,129,17,4.56,1.05,6,0,0.5,0.5,0.0,2
14439316,NBA,12,0,1,0,0.6393,1,0,0.592,36,43,28,152,27,146,4,5.63,0.96,6,0,0.5,0.5,0.0,2
14442107,NBA,12,0,0,1,0.3393,0,1,0.4515,41,28,34,141,27,152,20,5.22,1.08,6,0,0.5,0.5,0.0,3
14442210,NBA,12,0,1,0,0.737,1,0,0.5588,24,31,25,103,27,137,17,3.81,1.33,6,0,0.5,0.5,0.0,2
14442282,NBA,12,1,1,1,0.5125,1,1,0.5829,26,25,35,122,27,114,2,4.52,0.93,6,0,0.5,0.5,0.0,2
14442296,NBA,12,1,0,0,0.4763,1,1,0.6115,29,28,29,119,27,125,23,4.41,1.05,6,0,0.5,0.5,0.0,2
15265275,Argentina Liga Nacional,10,1,0,0,0.4086,1,1,0.5343,19,21,25,80,27,121,5,2.96,1.51,6,0,0.5,0.5,0.0,2
15951142,Chile LNB,10,1,1,1,0.5295,1,1,0.5327,25,29,24,89,27,106,8,3.3,1.19,6,0,0.5,0.5,0.0,2
15951144,Chile LNB,10,1,1,1,0.7485,1,1,0.6283,28,22,31,99,27,100,12,3.67,1.01,6,0,0.5,0.5,0.0,1
15989272,"Liga Argentina, Playoffs",10,0,0,1,0.4573,1,0,0.5478,24,18,28,84,27,105,7,3.11,1.25,6,0,0.5,0.5,0.0,2
15989273,"Liga Argentina, Playoffs",10,1,1,1,0.5569,1,1,0.5487,25,25,22,79,27,107,9,2.93,1.35,6,0,0.5,0.5,0.0,2
15916142,"Israeli Women Basketball Premier League, Playoffs",10,0,0,1,0.2684,0,1,0.3693,24,30,17,81,27,113,31,3.0,1.4,6,0,0.5,0.5,0.0,2
15566039,1. A SKL,10,1,0,0,0.4443,1,1,0.5665,18,33,27,90,27,115,11,3.33,1.28,6,0,0.5,0.5,0.0,2
15981779,"Korisliiga, Playoffs",10,1,0,0,0.3625,1,1,0.5575,25,27,34,97,27,109,5,3.59,1.12,6,0,0.5,0.5,0.0,2
15985998,"1. Division B, Playoffs",10,1,1,1,0.5548,1,1,0.5176,28,26,22,82,27,111,13,3.04,1.35,6,0,0.5,0.5,0.0,2
15987783,"KML, Playoffs",10,0,0,1,0.4331,0,1,0.3986,32,23,27,94,27,124,10,3.48,1.32,6,0,0.5,0.5,0.0,2
15991883,"Finland Division 1A Women, Playoffs",10,1,1,1,0.6748,1,1,0.5344,25,20,27,79,27,106,4,2.93,1.34,6,0,0.5,0.5,0.0,2
15485272,"ABA Liga, Championship Round",10,1,1,1,0.5494,1,1,0.6245,26,26,20,82,27,112,4,3.04,1.37,6,0,0.5,0.5,0.0,2
15485320,"ABA Liga, Relegation Round",10,1,0,0,0.3568,1,1,0.521,28,36,22,104,27,122,12,3.85,1.17,6,0,0.5,0.5,0.0,2
15898440,Meridianbet KLS,10,1,0,0,0.3845,0,0,0.419,27,35,30,106,27,131,17,3.93,1.24,6,0,0.5,0.5,0.0,2
15989255,Turkish Basketball Super League,10,0,0,1,0.3519,1,0,0.5921,25,24,21,83,27,111,9,3.07,1.34,6,0,0.5,0.5,0.0,2
16001186,"Azerbaijan Basketball League, Playoff ",10,0,1,0,0.694,1,0,0.6274,26,28,26,112,27,151,3,4.15,1.35,6,0,0.5,0.5,0.0,3
15712155,Sparkasse Prva Liga Zeni,10,1,0,0,0.4026,0,0,0.3759,18,25,15,66,27,99,21,2.44,1.5,6,0,0.5,0.5,0.0,1
15932133,Estonian National Women's Basketball League,10,0,0,1,0.2639,0,1,0.473,35,20,22,80,27,108,12,2.96,1.35,6,0,0.5,0.5,0.0,2
15917644,"Swedish Basketball League Women, Playoffs",10,1,1,1,0.5157,0,0,0.4685,19,26,30,86,27,94,12,3.19,1.09,6,0,0.5,0.5,0.0,1
15933355,"FSHB Superliga, K.K.M 2025-26",10,0,0,1,0.063,0,1,0.1309,29,27,39,107,27,129,57,3.96,1.21,6,0,0.5,0.5,0.0,2
15974939,"1st DBBL, Playoffs",10,1,1,1,0.598,0,0,0.4961,21,22,21,79,27,101,3,2.93,1.28,6,0,0.5,0.5,0.0,2
15992981,"Qatar Cup , Playoffs",10,0,1,0,0.6183,0,1,0.4427,30,31,25,116,27,122,2,4.3,1.05,6,0,0.5,0.5,0.0,2
15913716,"Swedish Basketball League, Playoffs",10,1,0,0,0.4565,0,0,0.4919,27,28,39,101,27,119,13,3.74,1.18,6,0,0.5,0.5,0.0,2
14381837,Germany BBL,10,1,0,0,0.4048,0,0,0.4926,20,32,26,85,27,105,5,3.15,1.24,6,0,0.5,0.5,0.0,2
15485267,"ABA Liga, Championship Round",10,0,0,1,0.4586,0,1,0.4468,28,25,28,91,27,119,17,3.37,1.31,6,0,0.5,0.5,0.0,2
15843223,"1st Division Men, Úrslitakeppni",10,1,1,1,0.7663,1,1,0.6235,23,25,26,89,27,104,14,3.3,1.17,6,0,0.5,0.5,0.0,2
15951148,"Iceland Women's Basketball Premier League, Playoffs",10,1,0,0,0.3356,0,0,0.4968,25,22,33,90,27,103,17,3.33,1.14,6,0,0.5,0.5,0.0,2
15992942,Colombia LPB,10,0,1,0,0.7475,1,0,0.5289,23,31,22,86,27,137,5,3.19,1.59,6,0,0.5,0.5,0.0,2
15939324,"LNB, Apertura",10,1,1,1,0.6694,1,1,0.548,28,33,29,96,27,117,13,3.56,1.22,6,0,0.5,0.5,0.0,2
15265280,Argentina Liga Nacional,10,1,1,1,0.5491,1,1,0.5918,23,25,28,85,27,112,12,3.15,1.32,6,0,0.5,0.5,0.0,2
15939325,"LNB, Apertura",10,0,0,1,0.395,1,0,0.6143,21,37,20,84,27,108,26,3.11,1.29,6,0,0.5,0.5,0.0,2
15939326,"LNB, Apertura",10,1,0,0,0.4056,1,1,0.5284,19,23,23,76,27,97,3,2.81,1.28,6,0,0.5,0.5,0.0,1
15265277,Argentina Liga Nacional,10,1,1,1,0.7398,1,1,0.6425,26,36,19,95,27,130,4,3.52,1.37,6,0,0.5,0.5,0.0,2
15995016,"Liga Argentina, Playoffs",10,0,0,1,0.3797,1,0,0.5097,24,23,25,81,27,105,3,3.0,1.3,6,0,0.5,0.5,0.0,2
15840846,Puerto Rico BSN,10,0,0,1,0.4227,1,0,0.5597,31,28,24,98,27,131,9,3.63,1.34,6,0,0.5,0.5,0.0,2
15840849,Puerto Rico BSN,10,1,1,1,0.5879,0,0,0.4653,31,26,29,98,27,127,7,3.63,1.3,6,0,0.5,0.5,0.0,2
15992943,Colombia LPB,10,1,0,0,0.3959,0,0,0.4123,22,21,32,83,27,100,2,3.07,1.2,6,0,0.5,0.5,0.0,1
15968658,"Rapid League, Regular Season",10,0,0,1,0.4708,0,1,0.4726,13,10,8,38,27,49,25,1.41,1.29,6,0,0.5,0.5,0.0,0
15217614,New Zealand NBL,10,0,0,1,0.3359,1,0,0.5274,24,30,28,88,27,120,8,3.26,1.36,6,0,0.5,0.5,0.0,2
15979716,MPBL,10,1,0,0,0.4447,1,1,0.5564,21,25,29,87,27,117,19,3.22,1.34,6,0,0.5,0.5,0.0,2
15939332,"Super League, Playout",10,1,0,0,0.2134,1,1,0.5109,24,31,34,101,27,116,26,3.74,1.15,6,0,0.5,0.5,0.0,2
15978561,"Korean Basketball League, Playoffs",10,1,1,1,0.6437,0,0,0.4843,21,17,27,73,27,103,7,2.7,1.41,6,0,0.5,0.5,0.0,2
15979717,MPBL,10,1,1,1,0.7695,1,1,0.5316,28,32,47,120,27,138,6,4.44,1.15,6,0,0.5,0.5,0.0,2
15656986,"Champions League Asia-East, Group B",10,1,1,1,0.507,0,0,0.307,30,30,31,103,27,129,31,3.81,1.25,6,0,0.5,0.5,0.0,2
15998854,"The League, Финал",10,1,1,1,0.5193,1,1,0.5866,25,22,20,78,27,102,8,2.89,1.31,6,0,0.5,0.5,0.0,2
15656676,PBA Commissioner's Cup,12,1,0,0,0.4395,0,0,0.4031,31,23,30,114,27,107,9,4.22,0.94,6,0,0.5,0.5,0.0,2
14967172,China CBA,10,1,1,1,0.6816,1,1,0.5671,25,21,20,77,27,107,1,2.85,1.39,6,0,0.5,0.5,0.0,2
14967173,China CBA,10,1,1,1,0.5534,1,1,0.5214,26,31,21,83,27,118,12,3.07,1.42,6,0,0.5,0.5,0.0,2
15939334,"Super League, Playout",10,1,0,0,0.3896,1,1,0.513,24,16,30,78,27,78,8,2.89,1.0,6,0,0.5,0.5,0.0,1
15979718,MPBL,10,0,0,1,0.3485,0,1,0.4205,20,14,26,76,27,84,6,2.81,1.11,6,0,0.5,0.5,0.0,1
15952753,"Super League, Playoffs",10,1,1,1,0.5703,1,1,0.6494,23,20,19,80,27,88,4,2.96,1.1,6,0,0.5,0.5,0.0,1
16001528,"Azerbaijan Basketball League, Playoff",10,1,1,1,0.69,1,1,0.5899,31,29,38,112,27,115,11,4.15,1.03,6,0,0.5,0.5,0.0,2
15986886,"NKL, Playoffs",10,0,1,0,0.5328,1,0,0.5005,20,32,23,84,27,111,1,3.11,1.32,6,0,0.5,0.5,0.0,2
14428878,Betsafe-LKL,10,1,1,1,0.5922,0,0,0.4691,27,27,26,89,27,124,12,3.3,1.39,6,0,0.5,0.5,0.0,2
15992944,"Korisliiga, Women, Playoffs",10,1,1,1,0.5211,1,1,0.5561,27,32,25,92,27,105,7,3.41,1.14,6,0,0.5,0.5,0.0,2
15997343,"Korisliiga, Women, Playoffs",10,1,1,1,0.5228,1,1,0.5689,22,25,25,80,27,103,11,2.96,1.29,6,0,0.5,0.5,0.0,2
15924793,"ABA League 2, Playoffs",10,0,0,1,0.4027,0,1,0.4774,28,20,24,82,27,104,0,3.04,1.27,6,0,0.5,0.5,0.0,2
15951225,"Zain Basketball League, Playoffs",10,1,1,1,0.8255,1,1,0.6186,26,28,25,91,27,114,14,3.37,1.25,6,0,0.5,0.5,0.0,2
15952754,"Super League, Playoffs",10,0,1,0,0.5407,1,0,0.6181,29,31,21,96,27,117,1,3.56,1.22,6,0,0.5,0.5,0.0,2
15958938,"Tipos SBL, Playoffs",10,1,1,1,0.5807,0,0,0.4224,24,32,25,91,27,113,3,3.37,1.24,6,0,0.5,0.5,0.0,2
15987784,"KML, Playoffs",10,1,1,1,0.7117,0,0,0.496,25,16,24,72,27,96,12,2.67,1.33,6,0,0.5,0.5,0.0,1
15995916,"Basket Liga, Women, Playoffs",10,0,1,0,0.595,1,0,0.652,31,22,16,76,27,129,15,2.81,1.7,6,0,0.5,0.5,0.0,2
15998431,"Premier League, Playoffs",10,1,0,0,0.4303,1,1,0.5413,22,32,21,88,27,120,8,3.26,1.36,6,0,0.5,0.5,0.0,2
16001529,"Azerbaijan Basketball League, Playoff",10,1,0,0,0.3175,1,1,0.5861,33,34,27,105,27,123,23,3.89,1.17,6,0,0.5,0.5,0.0,2
15630346,Germany BBL,10,0,1,0,0.7298,1,0,0.6697,22,29,29,90,27,104,0,3.33,1.16,6,0,0.5,0.5,0.0,2
15998896,"Basket Liga, Women, Playoffs",10,0,1,0,0.56,1,0,0.5557,26,18,24,73,27,103,5,2.7,1.41,6,0,0.5,0.5,0.0,2
14756783,Israeli National League Basketball,10,0,0,1,0.3495,0,1,0.4539,24,29,29,93,27,128,0,3.44,1.38,6,0,0.5,0.5,0.0,2
14756786,Israeli National League Basketball,10,1,1,1,0.6421,1,1,0.5135,26,25,21,85,27,101,17,3.15,1.19,6,0,0.5,0.5,0.0,2
14756788,Israeli National League Basketball,10,0,1,0,0.5162,0,1,0.41,23,26,22,75,27,97,9,2.78,1.29,6,0,0.5,0.5,0.0,1
14756794,Israeli National League Basketball,10,0,1,0,0.5703,1,0,0.5728,33,32,40,118,27,144,20,4.37,1.22,6,0,0.5,0.5,0.0,2
15781994,Israeli National League Basketball,10,1,1,1,0.526,1,1,0.5865,25,29,30,98,27,124,8,3.63,1.27,6,0,0.5,0.5,0.0,2
15781995,Israeli National League Basketball,10,0,0,1,0.3941,1,0,0.655,24,26,27,84,27,111,21,3.11,1.32,6,0,0.5,0.5,0.0,2
15958956,"Tipos SBL, Playoffs",10,1,1,1,0.6986,0,0,0.4246,24,23,29,89,27,98,10,3.3,1.1,6,0,0.5,0.5,0.0,1
15973332,"ZBL, Playoffs",10,0,0,1,0.4641,0,1,0.3568,25,25,26,81,27,98,30,3.0,1.21,6,0,0.5,0.5,0.0,1
14756787,Israeli National League Basketball,10,1,0,0,0.2298,0,0,0.4276,27,20,28,82,27,97,19,3.04,1.18,6,0,0.5,0.5,0.0,1
14445756,"A1 Liga, Women",10,0,0,1,0.4162,0,1,0.4107,29,31,29,99,27,123,15,3.67,1.24,6,0,0.5,0.5,0.0,2
15028118,BNXT League,10,1,1,1,0.6056,1,1,0.5779,26,27,30,91,27,114,6,3.37,1.25,6,0,0.5,0.5,0.0,2
15485318,"ABA Liga, Relegation Round",10,0,1,0,0.5461,1,0,0.5192,21,32,23,83,27,106,12,3.07,1.28,6,0,0.5,0.5,0.0,2
15663151,Germany BBL,10,1,1,1,0.5341,1,1,0.5329,26,23,27,81,27,108,16,3.0,1.33,6,0,0.5,0.5,0.0,2
15706641,SuperSport Premijer Liga,10,1,1,1,0.7267,1,1,0.6181,24,31,24,84,27,127,21,3.11,1.51,6,0,0.5,0.5,0.0,2
15968486,"Serie A2, Women, Playoffs",10,1,1,1,0.8375,1,1,0.5941,21,23,20,67,27,85,9,2.48,1.27,6,0,0.5,0.5,0.0,1
15965932,"Iceland Basketball Premier League, Playoffs",10,0,0,1,0.4174,1,0,0.5214,26,26,23,88,27,127,1,3.26,1.44,6,0,0.5,0.5,0.0,2
15973683,"1st Division Women, Úrslitakeppni",10,0,0,1,0.4461,1,0,0.5137,21,32,26,94,27,98,0,3.48,1.04,6,0,0.5,0.5,0.0,1
15965931,"Iceland Basketball Premier League, Playoffs",10,0,0,1,0.4797,0,1,0.4759,32,27,29,124,27,135,15,4.59,1.09,6,0,0.5,0.5,0.0,2
15203024,Brazil NBB,10,1,1,1,0.766,1,1,0.6,28,24,25,94,27,105,11,3.48,1.12,6,0,0.5,0.5,0.0,2
15994838,Colombia LPB,10,1,1,1,0.8523,1,1,0.8119,21,12,25,67,27,83,31,2.48,1.24,6,0,0.5,0.5,0.0,1
15203022,Brazil NBB,10,1,1,1,0.5145,1,1,0.5481,19,20,27,83,27,97,3,3.07,1.17,6,0,0.5,0.5,0.0,1
15903471,Superliga,10,0,0,1,0.3861,0,1,0.4855,24,22,21,73,27,97,5,2.7,1.33,6,0,0.5,0.5,0.0,1
15903473,Superliga,10,1,1,1,0.61,1,1,0.5566,26,31,27,98,27,164,6,3.63,1.67,6,0,0.5,0.5,0.0,3
15903480,Superliga,10,0,0,1,0.3523,1,0,0.5213,27,41,26,105,27,135,9,3.89,1.29,6,0,0.5,0.5,0.0,2
15939403,"NBA, Play-IN Tournament",12,0,1,0,0.5702,1,0,0.604,24,26,30,120,27,121,1,4.44,1.01,6,0,0.5,0.5,0.0,2
15265278,Argentina Liga Nacional,10,0,0,1,0.2176,0,1,0.3967,24,27,16,77,27,104,18,2.85,1.35,6,0,0.5,0.5,0.0,2
15840848,Puerto Rico BSN,10,0,0,1,0.4428,1,0,0.6312,22,37,34,110,27,123,7,4.07,1.12,6,0,0.5,0.5,0.0,2
15265279,Argentina Liga Nacional,10,0,0,1,0.4448,0,1,0.3932,28,20,24,79,27,109,21,2.93,1.38,6,0,0.5,0.5,0.0,2
15265281,Argentina Liga Nacional,10,1,1,1,0.6817,1,1,0.5297,30,28,35,98,27,122,2,3.63,1.24,6,0,0.5,0.5,0.0,2
15992970,"CIBACOPA , Segunda Vuelta",10,1,1,1,0.7607,1,1,0.6703,22,25,26,84,27,117,1,3.11,1.39,6,0,0.5,0.5,0.0,2
15992974,"CIBACOPA , Primera Vuelta",10,1,1,1,0.5888,1,1,0.5563,22,31,28,92,27,117,5,3.41,1.27,6,0,0.5,0.5,0.0,2
15968661,"Rapid League, Regular Season",10,1,1,1,0.74,1,1,0.5844,9,14,8,39,27,39,15,1.44,1.0,6,0,0.5,0.5,0.0,0
15347662,"NBL1 South, Women",10,0,0,1,0.4327,1,0,0.5251,22,27,15,73,27,110,10,2.7,1.51,6,0,0.5,0.5,0.0,2
15939337,"Super League, Playout",10,0,1,0,0.6564,1,0,0.6183,28,28,30,101,27,110,18,3.74,1.09,6,0,0.5,0.5,0.0,2
15656677,PBA Commissioner's Cup,12,1,0,0,0.3349,0,0,0.4296,22,21,21,89,27,104,10,3.3,1.17,6,0,0.5,0.5,0.0,2
14620860,B1 League,10,1,1,1,0.7745,1,1,0.5485,27,23,31,90,27,113,7,3.33,1.26,6,0,0.5,0.5,0.0,2
15972565,"Superliga, Women",10,0,0,1,0.3127,0,1,0.3214,20,14,14,58,27,73,27,2.15,1.26,6,0,0.5,0.5,0.0,1
15990641,Superleague,10,0,0,1,0.4018,1,0,0.5448,19,22,27,76,27,91,19,2.81,1.2,6,0,0.5,0.5,0.0,1
14615997,B1 League,10,0,1,0,0.5072,0,1,0.4703,22,29,22,82,27,110,22,3.04,1.34,6,0,0.5,0.5,0.0,2
14615998,B1 League,10,0,0,1,0.438,0,1,0.4407,23,18,25,78,27,95,13,2.89,1.22,6,0,0.5,0.5,0.0,1
14615999,B1 League,10,0,0,1,0.4866,0,1,0.4947,20,26,25,80,27,110,2,2.96,1.38,6,0,0.5,0.5,0.0,2
14616000,B1 League,10,1,1,1,0.6315,1,1,0.5233,41,26,17,100,27,133,9,3.7,1.33,6,0,0.5,0.5,0.0,2
14616001,B1 League,10,1,1,1,0.7957,1,1,0.5344,22,27,28,94,27,101,9,3.48,1.07,6,0,0.5,0.5,0.0,2
14616002,B1 League,10,1,1,1,0.5543,1,1,0.5436,28,35,31,103,27,129,15,3.81,1.25,6,0,0.5,0.5,0.0,2
14616003,B1 League,10,0,0,1,0.2556,0,1,0.4262,28,27,18,75,27,112,24,2.78,1.49,6,0,0.5,0.5,0.0,2
14616005,B1 League,10,1,1,1,0.7561,1,1,0.6219,19,23,25,79,27,99,3,2.93,1.25,6,0,0.5,0.5,0.0,1
14616007,B1 League,10,1,1,1,0.6233,1,1,0.6147,22,19,12,61,27,90,22,2.26,1.48,6,0,0.5,0.5,0.0,1
14616008,B1 League,10,0,1,0,0.5109,1,0,0.5314,27,20,27,84,27,107,17,3.11,1.27,6,0,0.5,0.5,0.0,2
14616009,B1 League,10,1,0,0,0.4255,0,0,0.4907,23,25,18,76,27,106,2,2.81,1.39,6,0,0.5,0.5,0.0,2
15347204,"NBL1, South",10,0,1,0,0.6651,1,0,0.5553,27,27,32,97,27,118,16,3.59,1.22,6,0,0.5,0.5,0.0,2
15180647,Indonesian Basketball League,10,1,1,1,0.6074,1,1,0.6366,25,23,27,87,27,114,20,3.22,1.31,6,0,0.5,0.5,0.0,2
15656678,PBA Commissioner's Cup,12,1,1,1,0.5576,1,1,0.5295,26,28,25,110,27,119,25,4.07,1.08,6,0,0.5,0.5,0.0,2
16012627,"Women's National Basketball League, Regular Season",10,0,0,1,0.138,1,0,0.5743,11,10,18,47,27,49,7,1.74,1.04,6,0,0.5,0.5,0.0,0
14967174,China CBA,10,0,0,1,0.4565,0,1,0.4562,19,31,32,88,27,122,2,3.26,1.39,6,0,0.5,0.5,0.0,2
14967175,China CBA,10,0,0,1,0.3893,1,0,0.5216,32,31,27,101,27,119,15,3.74,1.18,6,0,0.5,0.5,0.0,2
14967176,China CBA,10,1,1,1,0.544,1,1,0.5984,31,35,24,102,27,142,6,3.78,1.39,6,0,0.5,0.5,0.0,2
14967178,China CBA,10,0,1,0,0.5583,1,0,0.5907,27,24,37,99,27,120,16,3.67,1.21,6,0,0.5,0.5,0.0,2
14967179,China CBA,10,0,0,1,0.3606,0,1,0.4009,47,22,25,108,27,138,8,4.0,1.28,6,0,0.5,0.5,0.0,2
15939336,"Super League, Playout",10,0,0,1,0.4323,0,1,0.4498,19,24,20,72,27,95,15,2.67,1.32,6,0,0.5,0.5,0.0,1
15972567,"Superliga, Women",10,1,1,1,0.5758,1,1,0.5752,24,18,22,70,27,91,9,2.59,1.3,6,0,0.5,0.5,0.0,1
14441763,United League,10,1,1,1,0.5676,0,0,0.4312,26,27,21,86,27,118,8,3.19,1.37,6,0,0.5,0.5,0.0,2
15656987,"Champions League Asia-East, Group A",10,0,0,1,0.4712,1,0,0.6776,24,25,30,106,27,101,17,3.93,0.95,6,0,0.5,0.5,0.0,2
15990642,Superleague,10,0,0,1,0.3309,1,0,0.5726,25,29,32,98,27,125,5,3.63,1.28,6,0,0.5,0.5,0.0,2
15968494,"Serie A2, Women, Playout",10,0,1,0,0.6778,1,0,0.5791,20,18,17,65,27,82,2,2.41,1.26,6,0,0.5,0.5,0.0,1
16012623,"Women's National Basketball League, Regular Season",10,1,0,0,0.497,1,1,0.6659,17,17,18,60,27,73,5,2.22,1.22,6,0,0.5,0.5,0.0,1
15968499,"Serie A2, Women, Playoffs",10,0,1,0,0.5739,1,0,0.5893,22,17,12,57,27,77,7,2.11,1.35,6,0,0.5,0.5,0.0,1
15736636,U21 Espoirs Elite,10,1,1,1,0.5942,0,0,0.4795,16,19,19,60,27,79,13,2.22,1.32,6,0,0.5,0.5,0.0,1
15991885,"Finland Division 1A Women, Playoffs",10,0,1,0,0.5465,1,0,0.5705,15,26,23,75,27,81,7,2.78,1.08,6,0,0.5,0.5,0.0,1
14441760,United League,10,0,0,1,0.2713,0,1,0.4782,22,20,18,67,27,90,2,2.48,1.34,6,0,0.5,0.5,0.0,1
15566044,1. A SKL,10,0,0,1,0.282,0,1,0.2937,24,27,26,86,27,107,37,3.19,1.24,6,0,0.5,0.5,0.0,2
15665865,Bulgaria NBL,10,0,0,1,0.3209,0,1,0.3913,35,25,28,95,27,141,3,3.52,1.48,6,0,0.5,0.5,0.0,2
15948405,"Extraliga, Women, Placement 5-8",10,1,0,0,0.4914,0,0,0.4336,16,14,19,52,27,65,19,1.93,1.25,6,0,0.5,0.5,0.0,1
15989716,"NKL, Playoffs",10,0,0,1,0.3999,1,0,0.5568,30,27,24,89,27,127,17,3.3,1.43,6,0,0.5,0.5,0.0,2
15999955,"Emir Cup, Knock-out",10,0,1,0,0.5563,1,0,0.5946,26,22,27,85,27,108,18,3.15,1.27,6,0,0.5,0.5,0.0,2
14419293,Betsafe-LKL,10,1,0,0,0.427,0,0,0.4303,29,25,25,90,27,117,33,3.33,1.3,6,0,0.5,0.5,0.0,2
14441759,United League,10,0,0,1,0.4511,0,1,0.494,35,19,21,86,27,120,16,3.19,1.4,6,0,0.5,0.5,0.0,2
15655319,"Euroleague Women, Playoffs",10,0,0,1,0.4923,0,1,0.4972,20,19,23,71,27,95,5,2.63,1.34,6,0,0.5,0.5,0.0,1
15981777,"Korisliiga, Playoffs",10,1,1,1,0.8414,1,1,0.5466,26,27,26,93,27,109,3,3.44,1.17,6,0,0.5,0.5,0.0,2
15985954,"Korisliiga, Playoffs",10,0,1,0,0.5126,1,0,0.6469,27,29,24,95,27,105,15,3.52,1.11,6,0,0.5,0.5,0.0,2
15991887,"Finland Division 1A Women, Playoffs",10,0,0,1,0.4223,0,1,0.4254,26,23,16,78,27,96,12,2.89,1.23,6,0,0.5,0.5,0.0,1
15997344,"1. Division A, Playoffs",10,1,0,0,0.3994,1,1,0.5334,29,33,32,104,27,138,0,3.85,1.33,6,0,0.5,0.5,0.0,2
14456437,Poland 1st Division Basketball,10,0,0,1,0.2464,0,1,0.4376,23,29,23,86,27,108,4,3.19,1.26,6,0,0.5,0.5,0.0,2
14456438,Poland 1st Division Basketball,10,0,1,0,0.5478,1,0,0.5324,23,37,39,112,27,118,22,4.15,1.05,6,0,0.5,0.5,0.0,2
14456439,Poland 1st Division Basketball,10,1,1,1,0.7017,1,1,0.564,26,25,25,81,27,100,2,3.0,1.23,6,0,0.5,0.5,0.0,1
14456440,Poland 1st Division Basketball,10,0,0,1,0.4857,1,0,0.5135,39,30,30,111,27,179,1,4.11,1.61,6,0,0.5,0.5,0.0,3
14456441,Poland 1st Division Basketball,10,0,0,1,0.4644,1,0,0.5189,25,31,21,89,27,150,20,3.3,1.69,6,0,0.5,0.5,0.0,2
14456442,Poland 1st Division Basketball,10,1,1,1,0.6764,1,1,0.5751,22,25,21,76,27,100,4,2.81,1.32,6,0,0.5,0.5,0.0,1
14456443,Poland 1st Division Basketball,10,1,0,0,0.4808,1,1,0.6056,20,25,25,80,27,94,4,2.96,1.18,6,0,0.5,0.5,0.0,1
15684750,"NB I, Women, Relegation Round",10,1,0,0,0.4255,1,1,0.5324,29,26,29,88,27,127,13,3.26,1.44,6,0,0.5,0.5,0.0,2
15706640,SuperSport Premijer Liga,10,1,1,1,0.5575,1,1,0.6017,27,25,28,84,27,120,4,3.11,1.43,6,0,0.5,0.5,0.0,2
15924794,"ABA League 2, Playoffs",10,0,1,0,0.624,1,0,0.5124,29,30,27,96,27,114,12,3.56,1.19,6,0,0.5,0.5,0.0,2
15928048,"Latvia LBL, Playoffs",10,0,1,0,0.6196,1,0,0.5526,32,23,27,110,27,101,5,4.07,0.92,6,0,0.5,0.5,0.0,2
15958941,"Tipos SBL, Playoffs",10,0,0,1,0.4184,0,1,0.4917,17,26,15,65,27,97,9,2.41,1.49,6,0,0.5,0.5,0.0,1
15968497,"Serie A2, Women, Playoffs",10,0,0,1,0.4591,0,1,0.3304,23,26,15,75,27,100,4,2.78,1.33,6,0,0.5,0.5,0.0,1
15981603,"Top Division Women, Play Out",10,1,0,0,0.4417,0,0,0.3753,16,9,11,53,27,56,2,1.96,1.06,6,0,0.5,0.5,0.0,0
15994139,"1 Liga Kobiet, Ćwierćfinały",10,1,0,0,0.396,0,0,0.4657,23,19,18,66,27,87,5,2.44,1.32,6,0,0.5,0.5,0.0,1
15995917,"Basket Liga, Women, Playoffs",10,1,1,1,0.6436,1,1,0.6839,25,26,19,86,27,107,13,3.19,1.24,6,0,0.5,0.5,0.0,2
16007928,"Rwanda Basketball League, Regular Season",10,1,1,1,0.5346,0,0,0.3539,24,27,20,78,27,109,7,2.89,1.4,6,0,0.5,0.5,0.0,2
16008490,"FSHB Superliga, K.K.M 2025-26",10,1,1,1,0.6077,0,0,0.4905,17,24,23,74,27,87,29,2.74,1.18,6,0,0.5,0.5,0.0,1
16012386,Betsafe-LKL,10,1,0,0,0.3781,0,0,0.4419,18,36,24,91,27,104,8,3.37,1.14,6,0,0.5,0.5,0.0,2
14441757,United League,10,0,0,1,0.3492,1,0,0.5242,24,24,21,78,27,104,14,2.89,1.33,6,0,0.5,0.5,0.0,2
15968463,"NBL, Playoffs",10,1,0,0,0.482,0,0,0.423,23,28,25,88,27,111,23,3.26,1.26,6,0,0.5,0.5,0.0,2
15973337,"Champions League, Playoffs",10,1,1,1,0.5243,0,0,0.4892,25,19,18,74,27,95,7,2.74,1.28,6,0,0.5,0.5,0.0,1
15987785,"KML, Playoffs",10,0,0,1,0.4356,0,1,0.4435,29,20,33,92,27,111,25,3.41,1.21,6,0,0.5,0.5,0.0,2
15994137,"1 Liga Kobiet, Ćwierćfinały",10,0,1,0,0.6414,1,0,0.6393,22,27,16,76,27,80,6,2.81,1.05,6,0,0.5,0.5,0.0,1
16008491,"FSHB Superliga, K.K.M 2025-26",10,0,0,1,0.4521,0,1,0.4538,22,28,28,90,27,100,16,3.33,1.11,6,0,0.5,0.5,0.0,1
15558950,"LF Challenge, Regular Season",10,0,1,0,0.6298,0,1,0.4578,14,20,23,67,27,79,7,2.48,1.18,6,0,0.5,0.5,0.0,1
15684747,"NB I, Women, Relegation Round",10,0,0,1,0.4975,0,1,0.4565,22,23,30,81,27,94,20,3.0,1.16,6,0,0.5,0.5,0.0,1
15706642,SuperSport Premijer Liga,10,0,0,1,0.4102,1,0,0.5046,23,22,33,88,27,99,11,3.26,1.12,6,0,0.5,0.5,0.0,1
15706643,SuperSport Premijer Liga,10,1,1,1,0.6357,0,0,0.3729,21,21,21,75,27,99,5,2.78,1.32,6,0,0.5,0.5,0.0,1
15706645,SuperSport Premijer Liga,10,0,1,0,0.6109,0,1,0.4665,29,24,25,85,27,118,14,3.15,1.39,6,0,0.5,0.5,0.0,2
15879066,"Slovenian Second Basketball League, Liga za obstanek",10,1,0,0,0.418,1,1,0.5192,23,25,19,76,27,100,20,2.81,1.32,6,0,0.5,0.5,0.0,1
15958944,"Tipos SBL, Playoffs",10,0,0,1,0.1881,0,1,0.4184,23,25,25,78,27,100,4,2.89,1.28,6,0,0.5,0.5,0.0,1
15974902,"1st DBBL, Playoffs",10,1,0,0,0.2392,0,0,0.4796,20,19,18,61,27,70,8,2.26,1.15,6,0,0.5,0.5,0.0,1
15997345,"1. Liga, Playoffs",10,0,1,0,0.55,1,0,0.5569,33,27,24,94,27,126,18,3.48,1.34,6,0,0.5,0.5,0.0,2
14024420,BNXT League,10,0,0,1,0.3045,1,0,0.5398,15,25,30,80,27,88,2,2.96,1.1,6,0,0.5,0.5,0.0,1
15968504,"Serie A2, Women, Playout",10,1,0,0,0.427,0,0,0.3812,27,29,24,92,27,109,5,3.41,1.18,6,0,0.5,0.5,0.0,2
15999154,"NLB, Playoffs",10,0,0,1,0.4649,0,1,0.383,27,22,20,78,27,99,9,2.89,1.27,6,0,0.5,0.5,0.0,1
14341456,"Serie B, Group B",10,1,0,0,0.3523,0,0,0.4567,20,34,29,90,27,121,5,3.33,1.34,6,0,0.5,0.5,0.0,2
15630347,Germany BBL,10,1,0,0,0.4199,0,0,0.4553,20,23,22,72,27,135,11,2.67,1.88,6,0,0.5,0.5,0.0,2
15891030,France Pro A,10,1,1,1,0.6325,1,1,0.6504,23,30,21,88,27,117,15,3.26,1.33,6,0,0.5,0.5,0.0,2
15974891,"Enovos League, Play Offs",10,1,0,0,0.4723,0,0,0.484,28,26,27,99,27,152,2,3.67,1.54,6,0,0.5,0.5,0.0,3
15974893,"Enovos League, Play Offs",10,0,1,0,0.5065,1,0,0.5082,27,25,24,89,27,100,4,3.3,1.12,6,0,0.5,0.5,0.0,1
15974895,"Enovos League, Play Offs",10,0,1,0,0.536,1,0,0.5192,26,22,23,84,27,110,8,3.11,1.31,6,0,0.5,0.5,0.0,2
15974903,"1st DBBL, Playoffs",10,1,0,0,0.4579,1,1,0.5014,18,32,26,91,27,101,1,3.37,1.11,6,0,0.5,0.5,0.0,2
15981612,"Swiss Basketball League Women, Playoffs",10,1,1,1,0.5021,1,1,0.6101,22,25,24,79,27,104,12,2.93,1.32,6,0,0.5,0.5,0.0,2
15999155,"NLB, Playoffs",10,0,1,0,0.5306,1,0,0.5623,24,18,19,65,27,93,5,2.41,1.43,6,0,0.5,0.5,0.0,1
14341107,"Serie B, Group A",10,1,1,1,0.6209,1,1,0.6009,22,28,31,90,27,107,7,3.33,1.19,6,0,0.5,0.5,0.0,2
14341108,"Serie B, Group A",10,0,0,1,0.417,1,0,0.5647,26,33,28,100,27,109,13,3.7,1.09,6,0,0.5,0.5,0.0,2
14341109,"Serie B, Group A",10,1,1,1,0.5672,1,1,0.6168,24,19,19,77,27,93,1,2.85,1.21,6,0,0.5,0.5,0.0,1
14341110,"Serie B, Group A",10,1,0,0,0.4942,1,1,0.6415,30,25,16,80,27,109,29,2.96,1.36,6,0,0.5,0.5,0.0,2
14341446,"Serie B, Group B",10,0,0,1,0.4672,0,1,0.4609,33,29,18,91,27,127,13,3.37,1.4,6,0,0.5,0.5,0.0,2
14341449,"Serie B, Group B",10,1,0,0,0.4913,1,1,0.5208,24,25,27,79,27,100,2,2.93,1.27,6,0,0.5,0.5,0.0,1
14341451,"Serie B, Group B",10,1,1,1,0.7212,1,1,0.5617,22,19,24,76,27,90,14,2.81,1.18,6,0,0.5,0.5,0.0,1
14341453,"Serie B, Group B",10,1,1,1,0.7274,1,1,0.6072,22,21,20,71,27,82,8,2.63,1.15,6,0,0.5,0.5,0.0,1
14670968,"Serie B, Group A",10,0,0,1,0.4166,0,1,0.4867,18,21,28,78,27,92,16,2.89,1.18,6,0,0.5,0.5,0.0,1
15655320,"Euroleague Women, Playoffs",10,1,1,1,0.7027,1,1,0.5137,25,15,19,62,27,85,17,2.3,1.37,6,0,0.5,0.5,0.0,1
15968491,"Serie A2, Women, Playoffs",10,0,0,1,0.2931,0,1,0.4425,23,25,27,86,27,110,16,3.19,1.28,6,0,0.5,0.5,0.0,2
15968495,"Serie A2, Women, Playoffs",10,0,0,1,0.3024,0,1,0.3989,20,22,20,69,27,77,1,2.56,1.12,6,0,0.5,0.5,0.0,1
15968500,"Serie A2, Women, Playoffs",10,0,0,1,0.3673,0,1,0.4979,21,23,14,67,27,81,7,2.48,1.21,6,0,0.5,0.5,0.0,1
16007929,"Rwanda Basketball League, Regular Season",10,0,0,1,0.1951,0,1,0.2614,16,26,21,74,27,82,32,2.74,1.11,6,0,0.5,0.5,0.0,1
14341104,"Serie B, Group A",10,1,0,0,0.4223,1,1,0.5251,27,24,19,92,27,108,4,3.41,1.17,6,0,0.5,0.5,0.0,2
14341455,"Serie B, Group B",10,1,0,0,0.4293,0,0,0.4506,21,14,11,56,27,90,6,2.07,1.61,6,0,0.5,0.5,0.0,1
14341457,"Serie B, Group B",10,1,0,0,0.3841,1,1,0.5236,22,25,12,66,27,114,2,2.44,1.73,6,0,0.5,0.5,0.0,2
15999157,Colombia LPB,10,1,0,0,0.4018,0,0,0.4204,26,23,25,82,27,101,9,3.04,1.23,6,0,0.5,0.5,0.0,2
15203025,Brazil NBB,10,1,0,0,0.362,0,0,0.4952,25,27,27,90,27,119,3,3.33,1.32,6,0,0.5,0.5,0.0,2
15203027,Brazil NBB,10,0,0,1,0.3951,1,0,0.5089,20,19,22,73,27,90,2,2.7,1.23,6,0,0.5,0.5,0.0,1
15478492,"LBF, Women",10,1,1,1,0.6751,1,1,0.5438,35,30,22,103,27,124,4,3.81,1.2,6,0,0.5,0.5,0.0,2
15478501,"LBF, Women",10,0,1,0,0.5587,1,0,0.5426,21,18,26,75,27,89,9,2.78,1.19,6,0,0.5,0.5,0.0,1
15203026,Brazil NBB,10,1,1,1,0.5182,1,1,0.5337,19,26,21,75,27,103,7,2.78,1.37,6,0,0.5,0.5,0.0,2
15903463,Superliga,10,1,1,1,0.6597,1,1,0.5472,27,19,32,90,27,105,1,3.33,1.17,6,0,0.5,0.5,0.0,2
15265286,Argentina Liga Nacional,10,0,0,1,0.196,0,1,0.459,33,28,25,101,27,123,7,3.74,1.22,6,0,0.5,0.5,0.0,2
15840851,Puerto Rico BSN,10,0,1,0,0.6811,0,1,0.496,36,24,25,91,27,121,17,3.37,1.33,6,0,0.5,0.5,0.0,2
15840852,Puerto Rico BSN,10,1,0,0,0.4461,1,1,0.5876,26,26,25,86,27,109,5,3.19,1.27,6,0,0.5,0.5,0.0,2
16005386,"Liga Argentina, Playoffs",10,0,1,0,0.5007,1,0,0.5291,21,22,19,66,27,100,20,2.44,1.52,6,0,0.5,0.5,0.0,1
15265283,Argentina Liga Nacional,10,0,1,0,0.733,1,0,0.6174,29,23,15,81,27,127,5,3.0,1.57,6,0,0.5,0.5,0.0,2
15265282,Argentina Liga Nacional,10,0,0,1,0.409,0,1,0.4455,22,24,24,79,27,101,3,2.93,1.28,6,0,0.5,0.5,0.0,2
15951145,Chile LNB,10,0,1,0,0.5636,1,0,0.5473,28,15,25,85,27,90,12,3.15,1.06,6,0,0.5,0.5,0.0,1
16005388,"Liga Argentina, Playoffs",10,0,0,1,0.3819,1,0,0.5688,20,25,23,73,27,101,1,2.7,1.38,6,0,0.5,0.5,0.0,2
16005389,"Liga Argentina, Playoffs",10,0,1,0,0.5504,1,0,0.5679,17,16,21,70,27,77,3,2.59,1.1,6,0,0.5,0.5,0.0,1
15999158,Colombia LPB,10,0,1,0,0.5805,1,0,0.6941,30,17,15,68,27,93,29,2.52,1.37,6,0,0.5,0.5,0.0,1
15948101,"LMB, Apertura",10,1,0,0,0.3188,0,0,0.4774,25,26,24,81,27,118,12,3.0,1.46,6,0,0.5,0.5,0.0,2
15948102,"LMB, Apertura",10,0,0,1,0.2936,1,0,0.5505,28,27,23,89,27,119,11,3.3,1.34,6,0,0.5,0.5,0.0,2
15992975,"CIBACOPA , Primera Vuelta",10,1,1,1,0.6369,1,1,0.6231,20,25,32,88,27,103,13,3.26,1.17,6,0,0.5,0.5,0.0,2
15992976,"CIBACOPA , Segunda Vuelta",10,0,1,0,0.6577,1,0,0.6518,25,18,31,91,27,100,18,3.37,1.1,6,0,0.5,0.5,0.0,1
15587310,Mexico LNBP Women,10,1,1,1,0.6242,1,1,0.8243,23,26,33,89,27,107,43,3.3,1.2,6,0,0.5,0.5,0.0,2
15992977,"CIBACOPA , Segunda Vuelta",10,1,1,1,0.6002,1,1,0.5735,28,31,21,90,27,122,18,3.33,1.36,6,0,0.5,0.5,0.0,2
15968664,"Rapid League, Regular Season",10,0,1,0,0.5483,1,0,0.5087,11,15,10,50,27,52,6,1.85,1.04,6,0,0.5,0.5,0.0,0
15981009,MPBL,10,0,0,1,0.4158,1,0,0.5225,21,22,24,81,27,131,11,3.0,1.62,6,0,0.5,0.5,0.0,2
15347664,"NBL1 South, Women",10,0,1,0,0.6573,1,0,0.6635,31,31,21,88,27,123,13,3.26,1.4,6,0,0.5,0.5,0.0,2
15347665,"NBL1 South, Women",10,1,1,1,0.5683,1,1,0.5239,27,28,27,91,27,114,20,3.37,1.25,6,0,0.5,0.5,0.0,2
15978557,"Korean Basketball League, Playoffs",10,0,1,0,0.595,1,0,0.578,23,14,16,61,27,85,7,2.26,1.39,6,0,0.5,0.5,0.0,1
15990644,Superleague,10,0,1,0,0.8893,1,0,0.7133,28,24,34,93,27,132,44,3.44,1.42,6,0,0.5,0.5,0.0,2
16006405,"Azerbaijan Basketball League, Playoff",10,0,0,1,0.4178,0,1,0.3992,30,24,29,90,27,109,3,3.33,1.21,6,0,0.5,0.5,0.0,2
15347205,"NBL1, South",10,1,1,1,0.6013,1,1,0.6128,34,24,28,98,27,123,3,3.63,1.26,6,0,0.5,0.5,0.0,2
15347206,"NBL1, South",10,0,0,1,0.3606,1,0,0.6084,24,26,21,83,27,106,8,3.07,1.28,6,0,0.5,0.5,0.0,2
15998855,"The League, Финал",10,1,1,1,0.678,0,0,0.4565,27,32,20,89,27,113,5,3.3,1.27,6,0,0.5,0.5,0.0,2
14967180,China CBA,10,1,1,1,0.5206,1,1,0.5568,24,35,25,97,27,107,21,3.59,1.1,6,0,0.5,0.5,0.0,2
14967181,China CBA,10,0,1,0,0.5122,1,0,0.5253,18,25,24,75,27,104,10,2.78,1.39,6,0,0.5,0.5,0.0,2
15656988,"Champions League Asia-East, Group A",10,0,0,1,0.2453,0,1,0.4001,36,29,15,95,27,132,2,3.52,1.39,6,0,0.5,0.5,0.0,2
16012398,"Super League, Playoffs",10,0,0,1,0.4893,1,0,0.5644,29,21,20,78,27,90,2,2.89,1.15,6,0,0.5,0.5,0.0,1
15990645,Superleague,10,1,1,1,0.6747,0,0,0.4515,26,26,22,79,27,107,7,2.93,1.35,6,0,0.5,0.5,0.0,2
15665869,Bulgaria NBL,10,1,0,0,0.3317,1,1,0.5594,29,33,39,116,27,123,9,4.3,1.06,6,0,0.5,0.5,0.0,2
15990044,"FBU Superleague, Playoffs",10,1,1,1,0.7703,1,1,0.6063,28,35,24,97,27,115,1,3.59,1.19,6,0,0.5,0.5,0.0,2
16006406,"Azerbaijan Basketball League, PLAY-OFF 1/4",10,0,1,0,0.6061,1,0,0.6145,38,35,36,119,27,147,11,4.41,1.24,6,0,0.5,0.5,0.0,2
15665863,Bulgaria NBL,10,0,0,1,0.3306,0,1,0.4147,23,24,27,85,27,96,2,3.15,1.13,6,0,0.5,0.5,0.0,1
15948406,"Extraliga, Women, Placement 5-8",10,1,1,1,0.684,1,1,0.7004,16,17,19,54,27,70,4,2.0,1.3,6,0,0.5,0.5,0.0,1
15985999,"1. Division B, Playoffs",10,1,0,0,0.4082,1,1,0.5383,30,27,20,84,27,120,8,3.11,1.43,6,0,0.5,0.5,0.0,2
15999953,Estonian National Women's Basketball League,10,1,1,1,0.7046,1,1,0.605,20,26,23,74,27,100,8,2.74,1.35,6,0,0.5,0.5,0.0,1
14775151,Liga Nationala,10,0,1,0,0.7707,1,0,0.5746,27,27,26,93,27,115,5,3.44,1.24,6,0,0.5,0.5,0.0,2
15566045,1. A SKL,10,1,1,1,0.5238,1,1,0.516,23,30,26,83,27,105,13,3.07,1.27,6,0,0.5,0.5,0.0,2
15665864,Bulgaria NBL,10,0,0,1,0.4787,1,0,0.5823,32,30,30,102,27,133,37,3.78,1.3,6,0,0.5,0.5,0.0,2
15953611,"LNB, Women, Playoffs",10,1,1,1,0.5437,1,1,0.6402,24,18,21,73,27,88,4,2.7,1.21,6,0,0.5,0.5,0.0,1
15987786,"KML, Playoffs",10,1,1,1,0.6316,1,1,0.6211,19,33,25,87,27,118,24,3.22,1.36,6,0,0.5,0.5,0.0,2
16012399,"Super League, Playoffs",10,0,1,0,0.6847,1,0,0.5951,33,23,19,86,27,107,5,3.19,1.24,6,0,0.5,0.5,0.0,2
16018874,Superliga e Femrave ,10,0,1,0,0.6062,0,1,0.4788,23,30,21,83,27,100,24,3.07,1.2,6,0,0.5,0.5,0.0,1
15665868,Bulgaria NBL,10,0,1,0,0.6118,1,0,0.6831,22,22,26,97,27,95,3,3.59,0.98,6,0,0.5,0.5,0.0,1
14441762,United League,10,0,1,0,0.6438,1,0,0.6173,26,40,29,100,27,153,13,3.7,1.53,6,0,0.5,0.5,0.0,3
16012413,"RKL Division A, Playoff",10,1,1,1,0.5642,1,1,0.5413,29,16,24,86,27,101,3,3.19,1.17,6,0,0.5,0.5,0.0,2
16012414,"RKL Division A, Playoff",10,0,1,0,0.5334,1,0,0.552,24,27,22,81,27,114,24,3.0,1.41,6,0,0.5,0.5,0.0,2
16012415,"RKL Division A, Playoff",10,1,1,1,0.7968,1,1,0.5622,26,21,26,90,27,117,1,3.33,1.3,6,0,0.5,0.5,0.0,2
15592140,"Basketligaen, Championship round",10,0,1,0,0.5991,1,0,0.6029,27,22,24,88,27,111,1,3.26,1.26,6,0,0.5,0.5,0.0,2
15992534,"Swedish Basketball League Women, Playoffs",10,1,1,1,0.5925,1,1,0.6123,28,25,20,84,27,109,7,3.11,1.3,6,0,0.5,0.5,0.0,2
16012448,"Princ Caffe Superliga, Playoff",10,0,0,1,0.4393,0,1,0.4079,19,30,26,85,27,108,28,3.15,1.27,6,0,0.5,0.5,0.0,2
14024422,BNXT League,10,0,0,1,0.3878,0,1,0.4278,31,34,23,102,27,137,3,3.78,1.34,6,0,0.5,0.5,0.0,2
14210799,Euroleague,10,1,0,0,0.3514,0,0,0.4523,29,28,22,89,27,108,24,3.3,1.21,6,0,0.5,0.5,0.0,2
14210802,Euroleague,10,1,1,1,0.6261,1,1,0.6182,20,32,29,99,27,114,10,3.67,1.15,6,0,0.5,0.5,0.0,2
14210798,Euroleague,10,0,1,0,0.6989,1,0,0.5861,30,23,20,79,27,119,9,2.93,1.51,6,0,0.5,0.5,0.0,2
14024419,BNXT League,10,0,0,1,0.4582,0,1,0.4231,25,24,30,93,27,103,5,3.44,1.11,6,0,0.5,0.5,0.0,2
14210801,Euroleague,10,1,1,1,0.6569,1,1,0.5432,27,19,37,95,27,109,9,3.52,1.15,6,0,0.5,0.5,0.0,2
14341114,"Serie B, Group A",10,0,0,1,0.1992,0,1,0.4029,24,30,31,99,27,113,13,3.67,1.14,6,0,0.5,0.5,0.0,2
14341458,"Serie B, Group B",10,1,1,1,0.6493,1,1,0.5592,30,25,25,85,27,118,4,3.15,1.39,6,0,0.5,0.5,0.0,2
14210803,Euroleague,10,1,1,1,0.5079,1,1,0.5483,32,28,30,100,27,123,13,3.7,1.23,6,0,0.5,0.5,0.0,2
15968502,"Serie A2, Women, Playoffs",10,0,1,0,0.526,1,0,0.5591,21,18,19,67,27,76,8,2.48,1.13,6,0,0.5,0.5,0.0,1
16004208,"1st Division Men, Úrslitakeppni",10,1,1,1,0.5299,1,1,0.6565,23,28,37,90,27,125,1,3.33,1.39,6,0,0.5,0.5,0.0,2
15204230,Brazil NBB,10,1,1,1,0.5298,0,0,0.4479,25,25,31,90,27,106,6,3.33,1.18,6,0,0.5,0.5,0.0,2
15204231,Brazil NBB,10,1,1,1,0.5729,1,1,0.5949,30,24,30,91,27,152,2,3.37,1.67,6,0,0.5,0.5,0.0,3
15478498,"LBF, Women",10,0,0,1,0.4977,1,0,0.5482,22,22,15,68,27,94,2,2.52,1.38,6,0,0.5,0.5,0.0,1
16020346,"Liga Ouro, Quartas",10,0,0,1,0.2631,0,1,0.3601,19,24,31,84,27,100,8,3.11,1.19,6,0,0.5,0.5,0.0,1
15903472,Superliga,10,1,1,1,0.7249,1,1,0.6133,21,30,26,83,27,108,12,3.07,1.3,6,0,0.5,0.5,0.0,2
15903477,Superliga,10,1,1,1,0.5649,1,1,0.5483,13,22,26,74,27,79,3,2.74,1.07,6,0,0.5,0.5,0.0,1
15265285,Argentina Liga Nacional,10,0,0,1,0.4695,0,1,0.4849,20,24,21,77,27,106,2,2.85,1.38,6,0,0.5,0.5,0.0,2
15840853,Puerto Rico BSN,10,1,1,1,0.7449,1,1,0.511,29,23,30,94,27,123,9,3.48,1.31,6,0,0.5,0.5,0.0,2
15840856,Puerto Rico BSN,10,1,1,1,0.8187,1,1,0.6165,25,29,25,92,27,106,8,3.41,1.15,6,0,0.5,0.5,0.0,2
16005390,"Liga Argentina, Playoffs",10,1,1,1,0.6056,1,1,0.5082,22,23,27,80,27,107,1,2.96,1.34,6,0,0.5,0.5,0.0,2
15265284,Argentina Liga Nacional,10,0,1,0,0.5483,1,0,0.6285,22,19,30,80,27,104,12,2.96,1.3,6,0,0.5,0.5,0.0,2
16005393,"Liga Argentina, Playoffs",10,0,1,0,0.5277,1,0,0.609,23,20,28,94,27,105,17,3.48,1.12,6,0,0.5,0.5,0.0,2
16014410,Colombia LPB,10,0,1,0,0.5014,0,1,0.4839,25,24,25,83,27,100,4,3.07,1.2,6,0,0.5,0.5,0.0,1
15968667,"Rapid League, Regular Season",10,0,1,0,0.5093,1,0,0.5084,12,9,10,46,27,50,8,1.7,1.09,6,0,0.5,0.5,0.0,0
15985714,MPBL,10,0,1,0,0.584,1,0,0.5613,23,24,25,81,27,104,10,3.0,1.28,6,0,0.5,0.5,0.0,2
15958214,"LNB, Women, Playouts",10,1,1,1,0.6266,1,1,0.5525,18,26,19,69,27,92,22,2.56,1.33,6,0,0.5,0.5,0.0,1
15958215,"LNB, Women, Playouts",10,1,1,1,0.5444,1,1,0.5293,22,22,24,79,27,93,5,2.93,1.18,6,0,0.5,0.5,0.0,1
15850368,Israeli National League Basketball,10,1,1,1,0.64,0,0,0.3872,26,19,25,79,27,102,24,2.93,1.29,6,0,0.5,0.5,0.0,2
15782005,Israeli National League Basketball,10,0,1,0,0.6846,0,1,0.4293,24,29,31,96,27,113,7,3.56,1.18,6,0,0.5,0.5,0.0,2
15978913,"Korean Basketball League, Playoffs",10,0,0,1,0.3834,0,1,0.4091,27,23,23,83,27,129,9,3.07,1.55,6,0,0.5,0.5,0.0,2
16006407,"Azerbaijan Basketball League, Playoff",10,1,0,0,0.4829,0,0,0.4449,37,26,29,103,27,129,5,3.81,1.25,6,0,0.5,0.5,0.0,2
15859254,B2 League,10,1,1,1,0.5564,0,0,0.484,22,30,29,97,27,107,1,3.59,1.1,6,0,0.5,0.5,0.0,2
15782009,Israeli National League Basketball,10,1,1,1,0.7189,1,1,0.6003,23,29,30,90,27,170,28,3.33,1.89,6,0,0.5,0.5,0.0,3
15347034,"NBL1 West, Women",10,1,1,1,0.7668,0,0,0.3741,23,20,27,76,27,91,27,2.81,1.2,6,0,0.5,0.5,0.0,1
15347035,"NBL1 West, Women",10,1,0,0,0.4176,1,1,0.5198,26,30,18,84,27,113,3,3.11,1.35,6,0,0.5,0.5,0.0,2
15347036,"NBL1 West, Women",10,1,1,1,0.8482,1,1,0.6326,31,24,30,99,27,117,15,3.67,1.18,6,0,0.5,0.5,0.0,2
15347037,"NBL1 West, Women",10,0,1,0,0.6501,0,1,0.4888,28,26,25,84,27,125,7,3.11,1.49,6,0,0.5,0.5,0.0,2
15347207,"NBL1, South",10,1,1,1,0.5591,1,1,0.5556,37,29,28,108,27,123,15,4.0,1.14,6,0,0.5,0.5,0.0,2
15782010,Israeli National League Basketball,10,0,1,0,0.7346,1,0,0.5914,29,33,26,101,27,131,11,3.74,1.3,6,0,0.5,0.5,0.0,2
15782011,Israeli National League Basketball,10,0,1,0,0.561,0,1,0.3949,28,26,22,92,27,114,10,3.41,1.24,6,0,0.5,0.5,0.0,2
15781999,Israeli National League Basketball,10,1,1,1,0.6126,1,1,0.6407,22,25,27,87,27,109,5,3.22,1.25,6,0,0.5,0.5,0.0,2
15782002,Israeli National League Basketball,10,1,1,1,0.6678,1,1,0.518,32,35,29,113,27,131,11,4.19,1.16,6,0,0.5,0.5,0.0,2
16015857,"EYBL U17, CHALLENGE CUP",10,1,1,1,0.5256,1,1,0.5198,18,22,13,60,27,96,6,2.22,1.6,6,0,0.5,0.5,0.0,1
15180648,Indonesian Basketball League,10,1,0,0,0.4533,0,0,0.464,22,26,22,78,27,102,10,2.89,1.31,6,0,0.5,0.5,0.0,2
15214879,"A1 Liga, Women",10,0,0,1,0.2148,0,1,0.3114,25,25,25,87,27,100,36,3.22,1.15,6,0,0.5,0.5,0.0,1
14967182,China CBA,10,1,1,1,0.586,1,1,0.611,23,25,25,81,27,106,4,3.0,1.31,6,0,0.5,0.5,0.0,2
14967183,China CBA,10,0,0,1,0.4634,0,1,0.459,31,25,28,94,27,121,13,3.48,1.29,6,0,0.5,0.5,0.0,2
14967184,China CBA,10,0,0,1,0.4655,1,0,0.6016,34,28,32,105,27,138,12,3.89,1.31,6,0,0.5,0.5,0.0,2
14967186,China CBA,10,0,0,1,0.2376,1,0,0.5149,26,32,22,88,27,122,12,3.26,1.39,6,0,0.5,0.5,0.0,2
14967187,China CBA,10,0,0,1,0.4353,0,1,0.4681,41,33,30,109,27,148,6,4.04,1.36,6,0,0.5,0.5,0.0,2
15985716,MPBL,10,0,1,0,0.5379,1,0,0.5528,21,29,22,80,27,103,13,2.96,1.29,6,0,0.5,0.5,0.0,2
15346647,"NBL1, West",10,1,1,1,0.755,1,1,0.6511,26,28,26,90,27,115,11,3.33,1.28,6,0,0.5,0.5,0.0,2
15346648,"NBL1, West",10,0,0,1,0.2192,0,1,0.4775,32,23,22,84,27,102,6,3.11,1.21,6,0,0.5,0.5,0.0,2
15656990,"Champions League Asia-East, Group A",10,1,0,0,0.4068,0,0,0.3984,29,27,28,96,27,113,5,3.56,1.18,6,0,0.5,0.5,0.0,2
16017566,"Prvenstvo Hrvatske za djevojčice , Poluzavršni turnir skupina B",10,1,1,1,0.7616,1,1,0.7516,21,19,16,58,27,77,37,2.15,1.33,6,0,0.5,0.5,0.0,1
16018889,Liga e Parë,10,0,1,0,0.6463,1,0,0.5599,20,26,24,81,27,99,3,3.0,1.22,6,0,0.5,0.5,0.0,1
14554306,U21 Espoirs Elite,10,1,1,1,0.6556,1,1,0.6729,27,28,17,78,27,121,5,2.89,1.55,6,0,0.5,0.5,0.0,2
16015846,"EYBL U17, CHALLENGE CUP",10,1,1,1,0.5793,1,1,0.6453,24,27,19,75,27,145,65,2.78,1.93,6,0,0.5,0.5,0.0,2
15597964,"Nationale 1, Relegation Round",10,1,1,1,0.7448,1,1,0.7282,29,31,26,97,27,112,34,3.59,1.15,6,0,0.5,0.5,0.0,2
15986887,"NKL, Playoffs",10,1,1,1,0.7286,1,1,0.5915,18,20,29,77,27,88,2,2.85,1.14,6,0,0.5,0.5,0.0,1
15998897,"Basket Liga, Women, Playoffs",10,1,1,1,0.7025,1,1,0.5332,27,26,21,85,27,99,1,3.15,1.16,6,0,0.5,0.5,0.0,1
16006408,"Azerbaijan Basketball League, Playoff",10,0,0,1,0.4586,1,0,0.5102,29,30,34,106,27,115,1,3.93,1.08,6,0,0.5,0.5,0.0,2
15928054,"Latvia LBL, Playoffs",10,1,1,1,0.7537,1,1,0.5557,26,35,28,100,27,136,20,3.7,1.36,6,0,0.5,0.5,0.0,2
15987787,"KML, Playoffs",10,1,1,1,0.7093,1,1,0.5813,22,38,23,94,27,139,29,3.48,1.48,6,0,0.5,0.5,0.0,2
16013839,"Korisliiga, Women, Playoffs",10,0,0,1,0.3997,1,0,0.6031,29,26,25,95,27,113,1,3.52,1.19,6,0,0.5,0.5,0.0,2
16013840,"Korisliiga, Women, Playoffs",10,0,0,1,0.3452,1,0,0.5319,22,14,24,64,27,84,4,2.37,1.31,6,0,0.5,0.5,0.0,1
16016870,"Euroleague Women, Playoffs",10,1,0,0,0.362,0,0,0.3898,16,24,23,70,27,88,12,2.59,1.26,6,0,0.5,0.5,0.0,1
16017560,"Prvenstvo Hrvatske za djevojčice , Poluzavršni turnir skupina A",10,0,1,0,0.5009,1,0,0.5655,16,11,12,48,27,58,18,1.78,1.21,6,0,0.5,0.5,0.0,0
15909021,"1. liga, Women, play-off",10,1,1,1,0.6688,1,1,0.5208,16,24,25,69,27,82,14,2.56,1.19,6,0,0.5,0.5,0.0,1
15909022,"1. liga, Women, play-off",10,1,1,1,0.5642,1,1,0.6059,18,13,28,67,27,81,29,2.48,1.21,6,0,0.5,0.5,0.0,1
15951227,"Zain Basketball League, Playoffs",10,1,0,0,0.4731,0,0,0.4912,22,23,25,87,27,106,4,3.22,1.22,6,0,0.5,0.5,0.0,2
15953610,"LNB, Women, Playoffs",10,0,1,0,0.6327,1,0,0.6341,26,27,20,80,27,108,10,2.96,1.35,6,0,0.5,0.5,0.0,2
15977677,"Hungary Divison A Women, Placement Matches",10,1,1,1,0.7836,1,1,0.6192,24,22,20,76,27,88,10,2.81,1.16,6,0,0.5,0.5,0.0,1
16005382,"Top Division Women, Play Offs",10,0,0,1,0.3913,0,1,0.4845,24,23,30,84,27,108,22,3.11,1.29,6,0,0.5,0.5,0.0,2
16007837,"Hungary NB 1.A, Relegation Round",10,0,1,0,0.538,1,0,0.5245,22,25,30,88,27,115,3,3.26,1.31,6,0,0.5,0.5,0.0,2
16007909,"Hungary NB 1.A, Relegation Round",10,1,0,0,0.4471,1,1,0.6033,25,32,37,102,27,113,35,3.78,1.11,6,0,0.5,0.5,0.0,2
16015558,"Nostra.lt-RKL Division B, Pusfinaliai",10,1,1,1,0.6874,1,1,0.5334,19,23,28,81,27,96,2,3.0,1.19,6,0,0.5,0.5,0.0,1
16017650,"1. Liga, Playoffs",10,1,1,1,0.6934,1,1,0.613,19,29,31,90,27,102,8,3.33,1.13,6,0,0.5,0.5,0.0,2
16015850,"EYBL U17, CHALLENGE CUP",10,0,0,1,0.1859,0,1,0.3466,22,25,24,81,27,103,21,3.0,1.27,6,0,0.5,0.5,0.0,2
15910122,Saku I liiga,10,1,1,1,0.6532,1,1,0.5244,31,39,31,115,27,148,6,4.26,1.29,6,0,0.5,0.5,0.0,2
15982349,"Cyprus Basketball Division A, Playoffs",10,1,1,1,0.7405,1,1,0.6351,27,32,24,91,27,127,11,3.37,1.4,6,0,0.5,0.5,0.0,2
15982793,"Nostra.lt-RKL Division B, Pusfinaliai",10,0,0,1,0.4014,0,1,0.4773,18,30,21,94,27,98,2,3.48,1.04,6,0,0.5,0.5,0.0,1
14210805,Euroleague,10,0,1,0,0.5543,1,0,0.6038,30,24,19,81,27,123,7,3.0,1.52,6,0,0.5,0.5,0.0,2
15485323,"ABA Liga, Relegation Round",10,0,1,0,0.5271,1,0,0.5603,25,20,22,74,27,96,2,2.74,1.3,6,0,0.5,0.5,0.0,1
15592135,"Basketligaen, Championship round",10,0,1,0,0.6719,0,1,0.4132,27,24,33,105,27,119,1,3.89,1.13,6,0,0.5,0.5,0.0,2
15592169,"Basketligaen, Placement round",10,0,1,0,0.5992,1,0,0.6543,28,30,26,96,27,124,0,3.56,1.29,6,0,0.5,0.5,0.0,2
15706647,SuperSport Premijer Liga,10,0,0,1,0.2854,0,1,0.4751,26,25,15,73,27,109,3,2.7,1.49,6,0,0.5,0.5,0.0,2
15909024,"1. liga, Women, play-off",10,1,1,1,0.5706,1,1,0.6379,22,25,19,87,27,99,15,3.22,1.14,6,0,0.5,0.5,0.0,1
15958947,"Tipos SBL, Playoffs",10,1,1,1,0.5441,1,1,0.571,28,27,19,87,27,110,12,3.22,1.26,6,0,0.5,0.5,0.0,2
15977678,"Hungary Divison A Women, Placement Matches",10,1,0,0,0.378,1,1,0.5102,25,12,21,62,27,76,10,2.3,1.23,6,0,0.5,0.5,0.0,1
15984767,"Swedish Basketball League, Playoffs",10,1,1,1,0.6395,1,1,0.548,33,28,32,105,27,139,3,3.89,1.32,6,0,0.5,0.5,0.0,2
14210808,Euroleague,10,0,1,0,0.5542,1,0,0.5879,30,28,29,96,27,131,23,3.56,1.36,6,0,0.5,0.5,0.0,2
14272590,Élite 2,10,1,1,1,0.7563,1,1,0.6524,26,22,25,88,27,111,9,3.26,1.26,6,0,0.5,0.5,0.0,2
16017561,"Prvenstvo Hrvatske za djevojčice , Poluzavršni turnir skupina A",10,1,1,1,0.5307,1,1,0.568,25,16,10,55,27,81,9,2.04,1.47,6,0,0.5,0.5,0.0,1
14024421,BNXT League,10,0,0,1,0.193,0,1,0.424,26,33,23,101,27,120,0,3.74,1.19,6,0,0.5,0.5,0.0,2
14024430,BNXT League,10,1,0,0,0.3402,0,0,0.4279,25,28,35,96,27,122,16,3.56,1.27,6,0,0.5,0.5,0.0,2
14210804,Euroleague,10,1,1,1,0.7212,1,1,0.5926,24,33,28,94,27,129,9,3.48,1.37,6,0,0.5,0.5,0.0,2
14272584,Élite 2,10,0,0,1,0.3092,0,1,0.4699,26,29,29,96,27,131,13,3.56,1.36,6,0,0.5,0.5,0.0,2
14272585,Élite 2,10,1,1,1,0.5688,0,0,0.4451,22,25,22,80,27,110,8,2.96,1.38,6,0,0.5,0.5,0.0,2
14272588,Élite 2,10,1,1,1,0.6067,0,0,0.4833,22,38,25,95,27,115,15,3.52,1.21,6,0,0.5,0.5,0.0,2
14272589,Élite 2,10,0,1,0,0.5636,1,0,0.606,33,24,28,93,27,124,12,3.44,1.33,6,0,0.5,0.5,0.0,2
14373953,Primera FEB,10,1,0,0,0.4013,1,1,0.6772,24,22,28,84,27,101,21,3.11,1.2,6,0,0.5,0.5,0.0,2
14381838,Germany BBL,10,1,1,1,0.5711,1,1,0.6123,24,15,26,78,27,95,9,2.89,1.22,6,0,0.5,0.5,0.0,1
15597863,"Nationale 1, Promotion Round",10,0,1,0,0.5666,0,1,0.4268,22,15,30,76,27,79,9,2.81,1.04,6,0,0.5,0.5,0.0,1
15597865,"Nationale 1, Promotion Round",10,0,1,0,0.5907,0,1,0.3816,25,25,31,99,27,109,9,3.67,1.1,6,0,0.5,0.5,0.0,2
15597957,"Nationale 1, Relegation Round",10,0,0,1,0.4883,1,0,0.581,25,26,27,94,27,119,11,3.48,1.27,6,0,0.5,0.5,0.0,2
15597958,"Nationale 1, Relegation Round",10,1,1,1,0.5953,1,1,0.6303,15,28,27,78,27,105,3,2.89,1.35,6,0,0.5,0.5,0.0,2
15597960,"Nationale 1, Relegation Round",10,0,1,0,0.712,1,0,0.5691,29,27,37,103,27,109,19,3.81,1.06,6,0,0.5,0.5,0.0,2
15745207,"Slovenian Second Basketball League, Liga za obstanek",10,0,1,0,0.5814,0,1,0.4462,22,19,22,75,27,94,22,2.78,1.25,6,0,0.5,0.5,0.0,1
16015847,"EYBL U17, CHALLENGE CUP",10,1,1,1,0.6789,1,1,0.6511,27,23,28,88,27,114,18,3.26,1.3,6,0,0.5,0.5,0.0,2
14210806,Euroleague,10,1,1,1,0.6791,1,1,0.5999,24,29,24,86,27,104,24,3.19,1.21,6,0,0.5,0.5,0.0,2
14270304,France Pro A,10,0,0,1,0.4156,0,1,0.3973,29,30,38,114,27,126,20,4.22,1.11,6,0,0.5,0.5,0.0,2
14272587,Élite 2,10,1,1,1,0.7017,1,1,0.6909,22,19,26,84,27,91,3,3.11,1.08,6,0,0.5,0.5,0.0,1
14272593,Élite 2,10,1,1,1,0.6415,1,1,0.5757,33,24,32,102,27,114,22,3.78,1.12,6,0,0.5,0.5,0.0,2
14538015,SLB,10,1,1,1,0.5347,0,0,0.392,29,32,28,101,27,145,1,3.74,1.44,6,0,0.5,0.5,0.0,2
14538016,SLB,10,1,1,1,0.689,1,1,0.5859,34,28,27,103,27,124,8,3.81,1.2,6,0,0.5,0.5,0.0,2
14538017,SLB,10,0,1,0,0.5204,1,0,0.5817,33,21,25,94,27,115,5,3.48,1.22,6,0,0.5,0.5,0.0,2
15597859,"Nationale 1, Promotion Round",10,0,0,1,0.3962,0,1,0.4847,24,29,24,90,27,110,4,3.33,1.22,6,0,0.5,0.5,0.0,2
15597867,"Nationale 1, Promotion Round",10,1,1,1,0.7549,1,1,0.5764,32,22,24,90,27,118,14,3.33,1.31,6,0,0.5,0.5,0.0,2
15597962,"Nationale 1, Relegation Round",10,1,1,1,0.5169,1,1,0.6049,36,28,32,106,27,139,33,3.93,1.31,6,0,0.5,0.5,0.0,2
16005384,"Top Division Women, Play Offs",10,0,1,0,0.624,1,0,0.5315,31,21,32,97,27,111,17,3.59,1.14,6,0,0.5,0.5,0.0,2
16007931,"Rwanda Basketball League, Regular Season",10,1,1,1,0.6691,0,0,0.4965,20,19,32,84,27,81,7,3.11,0.96,6,0,0.5,0.5,0.0,1
16016871,"Euroleague Women, Playoffs",10,0,0,1,0.3971,0,1,0.3678,17,17,18,64,27,73,13,2.37,1.14,6,0,0.5,0.5,0.0,1
14149321,Belgian Basketball 2nd Division,10,1,0,0,0.4079,0,0,0.4379,28,26,23,83,27,112,10,3.07,1.35,6,0,0.5,0.5,0.0,2
14341839,Serie A2,10,1,1,1,0.5262,1,1,0.5512,17,28,23,78,27,113,3,2.89,1.45,6,0,0.5,0.5,0.0,2
16023015,"Top Division Women, Play Out",10,0,1,0,0.631,1,0,0.6369,17,20,26,79,27,87,13,2.93,1.1,6,0,0.5,0.5,0.0,1
14149323,Belgian Basketball 2nd Division,10,0,1,0,0.6262,0,1,0.4908,31,26,29,95,27,125,13,3.52,1.32,6,0,0.5,0.5,0.0,2
15903186,"Champions League Americas, Knockout stage",10,0,0,1,0.4215,1,0,0.5173,27,23,24,82,27,107,3,3.04,1.3,6,0,0.5,0.5,0.0,2
16014402,Colombia LPB,10,1,1,1,0.6119,0,0,0.3681,20,29,23,76,27,118,22,2.81,1.55,6,0,0.5,0.5,0.0,2
16020348,"Liga Ouro, Quartas",10,1,1,1,0.5812,1,1,0.5164,22,21,25,77,27,103,7,2.85,1.34,6,0,0.5,0.5,0.0,2
15204233,Brazil NBB,10,0,0,1,0.3626,0,1,0.3994,35,32,29,104,27,139,9,3.85,1.34,6,0,0.5,0.5,0.0,2
15478505,"LBF, Women",10,1,0,0,0.3915,0,0,0.3548,24,17,18,66,27,82,20,2.44,1.24,6,0,0.5,0.5,0.0,1
15976296,Superliga,10,1,1,1,0.5446,1,1,0.5528,24,19,25,78,27,105,5,2.89,1.35,6,0,0.5,0.5,0.0,2
15976308,Superliga,10,1,0,0,0.3795,0,0,0.4577,21,31,23,83,27,116,0,3.07,1.4,6,0,0.5,0.5,0.0,2
15265287,Argentina Liga Nacional,10,1,0,0,0.457,0,0,0.4741,19,21,30,79,27,98,10,2.93,1.24,6,0,0.5,0.5,0.0,1
15840857,Puerto Rico BSN,10,0,0,1,0.1949,0,1,0.4065,29,41,36,123,27,148,18,4.56,1.2,6,0,0.5,0.5,0.0,2
16005488,Argentina Liga Nacional,10,0,1,0,0.5743,1,0,0.6471,29,26,21,84,27,114,22,3.11,1.36,6,0,0.5,0.5,0.0,2
16010607,"Liga Nacional Femenina Chile, Fase regular",10,0,0,1,0.3989,1,0,0.5509,22,17,23,69,27,94,0,2.56,1.36,6,0,0.5,0.5,0.0,1
16005398,"Liga Argentina, Playoffs",10,1,0,0,0.4808,0,0,0.4804,25,24,22,79,27,98,16,2.93,1.24,6,0,0.5,0.5,0.0,1
16005399,"Liga Argentina, Playoffs",10,1,1,1,0.585,1,1,0.6321,26,24,17,77,27,125,5,2.85,1.62,6,0,0.5,0.5,0.0,2
15903187,"Champions League Americas, Knockout stage",10,1,1,1,0.6568,1,1,0.5494,18,26,24,71,27,97,17,2.63,1.37,6,0,0.5,0.5,0.0,1
15948103,"LMB, Apertura",10,1,1,1,0.7404,1,1,0.6645,20,24,19,70,27,99,15,2.59,1.41,6,0,0.5,0.5,0.0,1
15587315,Mexico LNBP Women,10,1,0,0,0.3724,1,1,0.5215,17,31,26,81,27,95,11,3.0,1.17,6,0,0.5,0.5,0.0,1
15587316,Mexico LNBP Women,10,0,1,0,0.5737,0,1,0.3464,22,26,22,79,27,99,21,2.93,1.25,6,0,0.5,0.5,0.0,1
15968669,"Rapid League, Regular Season",10,1,1,1,0.7043,1,1,0.5685,8,3,10,30,27,25,9,1.11,0.83,6,0,0.5,0.5,0.0,0
16012748,"CibaCup, Playoffs",10,0,1,0,0.5383,0,1,0.4589,29,28,23,90,27,120,4,3.33,1.33,6,0,0.5,0.5,0.0,2
15348041,"NBL1 East, Women",10,1,1,1,0.9178,1,1,0.9166,21,22,30,79,27,116,54,2.93,1.47,6,0,0.5,0.5,0.0,2
15859253,B2 League,10,0,0,1,0.4393,1,0,0.518,23,22,26,78,27,146,30,2.89,1.87,6,0,0.5,0.5,0.0,2
14616012,B1 League,10,0,1,0,0.6753,1,0,0.5476,28,23,19,84,27,112,2,3.11,1.33,6,0,0.5,0.5,0.0,2
14616014,B1 League,10,1,0,0,0.3447,0,0,0.4392,20,26,24,79,27,103,15,2.93,1.3,6,0,0.5,0.5,0.0,2
14616015,B1 League,10,0,0,1,0.3785,1,0,0.5114,26,17,23,74,27,87,3,2.74,1.18,6,0,0.5,0.5,0.0,1
14616016,B1 League,10,1,0,0,0.3413,0,0,0.4533,26,21,24,86,27,109,5,3.19,1.27,6,0,0.5,0.5,0.0,2
14620695,B2 League,10,1,0,0,0.3451,0,0,0.3899,23,23,23,76,27,100,2,2.81,1.32,6,0,0.5,0.5,0.0,1
14620697,B2 League,10,0,1,0,0.5227,1,0,0.5915,27,19,28,90,27,113,13,3.33,1.26,6,0,0.5,0.5,0.0,2
14620862,B1 League,10,1,0,0,0.3808,1,1,0.5325,24,22,23,72,27,102,10,2.67,1.42,6,0,0.5,0.5,0.0,2
15968672,"Rapid League, Regular Season",10,1,1,1,0.584,1,1,0.657,7,11,5,29,27,40,6,1.07,1.38,6,0,0.5,0.5,0.0,0
14616017,B1 League,10,0,0,1,0.3639,0,1,0.4501,22,29,19,83,27,113,3,3.07,1.36,6,0,0.5,0.5,0.0,2
15347508,"NBL1 North, Women",10,1,0,0,0.3818,1,1,0.5199,18,23,21,77,27,91,5,2.85,1.18,6,0,0.5,0.5,0.0,1
15347670,"NBL1 South, Women",10,1,1,1,0.5517,1,1,0.5785,25,24,14,79,27,120,4,2.93,1.52,6,0,0.5,0.5,0.0,2
15347872,"NBL1, East",10,1,0,0,0.4872,1,1,0.6411,20,22,28,86,27,86,16,3.19,1.0,6,0,0.5,0.5,0.0,1
15348042,"NBL1 East, Women",10,0,0,1,0.3975,1,0,0.5374,17,25,19,71,27,100,12,2.63,1.41,6,0,0.5,0.5,0.0,1
15348043,"NBL1 East, Women",10,1,0,0,0.406,0,0,0.4725,17,26,24,73,27,92,12,2.7,1.26,6,0,0.5,0.5,0.0,1
15348044,"NBL1 East, Women",10,1,1,1,0.8459,1,1,0.6146,23,17,20,67,27,107,23,2.48,1.6,6,0,0.5,0.5,0.0,2
16015854,"EYBL U17, CHALLENGE CUP",10,0,0,1,0.2744,0,1,0.2913,22,26,32,87,27,111,33,3.22,1.28,6,0,0.5,0.5,0.0,2
14616006,B1 League,10,0,0,1,0.4416,1,0,0.5072,22,29,37,102,27,122,10,3.78,1.2,6,0,0.5,0.5,0.0,2
15217619,New Zealand NBL,10,1,1,1,0.7749,1,1,0.6587,23,17,34,83,27,93,5,3.07,1.12,6,0,0.5,0.5,0.0,1
15347671,"NBL1 South, Women",10,1,1,1,0.6144,0,0,0.4991,28,20,24,83,27,105,13,3.07,1.27,6,0,0.5,0.5,0.0,2
15347873,"NBL1, East",10,0,1,0,0.7268,1,0,0.7375,25,30,21,85,27,111,43,3.15,1.31,6,0,0.5,0.5,0.0,2
15348045,"NBL1 East, Women",10,1,1,1,0.5382,0,0,0.4564,26,15,17,64,27,117,21,2.37,1.83,6,0,0.5,0.5,0.0,2
15656864,"Big V, Women",10,1,0,0,0.3856,0,0,0.3666,27,27,24,88,27,114,18,3.26,1.3,6,0,0.5,0.5,0.0,2
15180649,Indonesian Basketball League,10,0,1,0,0.5551,1,0,0.6385,21,27,24,81,27,93,5,3.0,1.15,6,0,0.5,0.5,0.0,1
15347511,"NBL1 North, Women",10,1,1,1,0.5754,1,1,0.6075,32,22,32,97,27,117,21,3.59,1.21,6,0,0.5,0.5,0.0,2
15347512,"NBL1 North, Women",10,1,1,1,0.7512,1,1,0.6504,23,27,24,82,27,121,35,3.04,1.48,6,0,0.5,0.5,0.0,2
15347673,"NBL1 South, Women",10,1,1,1,0.6337,1,1,0.6738,23,22,23,80,27,89,21,2.96,1.11,6,0,0.5,0.5,0.0,1
15347675,"NBL1 South, Women",10,1,1,1,0.7836,1,1,0.5614,21,22,17,64,27,85,15,2.37,1.33,6,0,0.5,0.5,0.0,1
15347676,"NBL1 South, Women",10,1,0,0,0.4313,0,0,0.4283,19,18,33,72,27,87,17,2.67,1.21,6,0,0.5,0.5,0.0,1
15656865,"Big V, Women",10,0,0,1,0.2834,0,1,0.4703,20,18,22,66,27,72,16,2.44,1.09,6,0,0.5,0.5,0.0,1
15346931,"NBL1 Central, Women",10,0,0,1,0.3551,0,1,0.4151,17,16,30,72,27,77,23,2.67,1.07,6,0,0.5,0.5,0.0,1
15346932,"NBL1 Central, Women",10,1,0,0,0.4447,0,0,0.425,16,18,21,64,27,79,3,2.37,1.23,6,0,0.5,0.5,0.0,1
16015848,"EYBL U17, CHALLENGE CUP",10,0,0,1,0.2455,1,0,0.602,29,35,24,98,27,121,19,3.63,1.23,6,0,0.5,0.5,0.0,2
14441764,United League,10,0,0,1,0.2351,0,1,0.488,25,30,21,87,27,118,4,3.22,1.36,6,0,0.5,0.5,0.0,2
15346933,"NBL1 Central, Women",10,0,1,0,0.5822,1,0,0.5852,17,18,20,60,27,73,7,2.22,1.22,6,0,0.5,0.5,0.0,1
15346934,"NBL1 Central, Women",10,0,1,0,0.6254,0,1,0.275,26,26,33,93,27,111,37,3.44,1.19,6,0,0.5,0.5,0.0,2
15347039,"NBL1 West, Women",10,1,1,1,0.5646,0,0,0.4167,24,25,29,103,27,109,5,3.81,1.06,6,0,0.5,0.5,0.0,2
15347040,"NBL1 West, Women",10,0,1,0,0.5947,1,0,0.63,20,29,16,71,27,103,15,2.63,1.45,6,0,0.5,0.5,0.0,2
15347874,"NBL1, East",10,1,1,1,0.6475,1,1,0.6042,27,35,32,103,27,136,34,3.81,1.32,6,0,0.5,0.5,0.0,2
15347875,"NBL1, East",10,0,0,1,0.3651,0,1,0.4196,26,35,22,88,27,104,2,3.26,1.18,6,0,0.5,0.5,0.0,2
15347876,"NBL1, East",10,1,1,1,0.5254,1,1,0.5885,23,23,30,81,27,105,3,3.0,1.3,6,0,0.5,0.5,0.0,2
14616022,B1 League,10,1,0,0,0.248,0,0,0.4903,19,40,38,109,27,124,14,4.04,1.14,6,0,0.5,0.5,0.0,2
14620698,B2 League,10,1,0,0,0.3303,1,1,0.539,24,31,33,98,27,125,1,3.63,1.28,6,0,0.5,0.5,0.0,2
15656681,PBA Commissioner's Cup,12,0,0,1,0.4386,0,1,0.4571,27,23,20,99,27,105,3,3.67,1.06,6,0,0.5,0.5,0.0,2
15347211,"NBL1, South",10,1,1,1,0.6547,1,1,0.5552,32,33,29,108,27,128,26,4.0,1.19,6,0,0.5,0.5,0.0,2
15347877,"NBL1, East",10,1,1,1,0.5391,1,1,0.5685,25,30,33,100,27,110,4,3.7,1.1,6,0,0.5,0.5,0.0,2
15348046,"NBL1 East, Women",10,1,1,1,0.6238,1,1,0.6099,22,25,13,69,27,91,5,2.56,1.32,6,0,0.5,0.5,0.0,1
15656730,Big V,10,1,1,1,0.6204,1,1,0.6832,29,27,24,95,27,110,26,3.52,1.16,6,0,0.5,0.5,0.0,2
15656863,"Big V, Women",10,1,1,1,0.6949,1,1,0.7085,28,27,24,92,27,116,30,3.41,1.26,6,0,0.5,0.5,0.0,2
15180653,Indonesian Basketball League,10,0,1,0,0.5048,1,0,0.6839,29,19,23,82,27,102,8,3.04,1.24,6,0,0.5,0.5,0.0,2
15347042,"NBL1 West, Women",10,1,1,1,0.5763,1,1,0.5981,26,36,26,97,27,125,15,3.59,1.29,6,0,0.5,0.5,0.0,2
15347212,"NBL1, South",10,0,1,0,0.5726,0,1,0.3461,24,28,27,83,27,116,34,3.07,1.4,6,0,0.5,0.5,0.0,2
15347213,"NBL1, South",10,1,1,1,0.5046,1,1,0.631,25,28,27,96,27,128,8,3.56,1.33,6,0,0.5,0.5,0.0,2
15347216,"NBL1, South",10,0,0,1,0.4964,0,1,0.4933,29,28,24,94,27,112,2,3.48,1.19,6,0,0.5,0.5,0.0,2
15347217,"NBL1, South",10,1,1,1,0.5535,0,0,0.4463,29,30,32,102,27,144,8,3.78,1.41,6,0,0.5,0.5,0.0,2
15347398,"NBL1, North",10,1,1,1,0.5377,1,1,0.5284,35,19,26,85,27,113,19,3.15,1.33,6,0,0.5,0.5,0.0,2
15347399,"NBL1, North",10,0,1,0,0.8598,1,0,0.6826,36,32,23,120,27,137,3,4.44,1.14,6,0,0.5,0.5,0.0,2
15623493,"Rwanda Basketball League Women, Regular Season",10,1,1,1,0.6607,1,1,0.5164,26,22,13,71,27,94,0,2.63,1.32,6,0,0.5,0.5,0.0,1
15656731,Big V,10,0,1,0,0.5845,0,1,0.464,29,33,27,98,27,122,18,3.63,1.24,6,0,0.5,0.5,0.0,2
15656732,Big V,10,1,1,1,0.7033,0,0,0.4001,32,31,32,107,27,141,19,3.96,1.32,6,0,0.5,0.5,0.0,2
15656866,"Big V, Women",10,0,0,1,0.4247,0,1,0.4933,27,25,29,111,27,111,1,4.11,1.0,6,0,0.5,0.5,0.0,2
15845182,Jedinstvena kadetska liga,10,1,1,1,0.7243,1,1,0.6103,28,28,24,88,27,118,34,3.26,1.34,6,0,0.5,0.5,0.0,2
16007925,"Rwanda Basketball League Women, Regular Season",10,0,1,0,0.5723,1,0,0.6019,24,24,25,79,27,91,7,2.93,1.15,6,0,0.5,0.5,0.0,1
15346540,"NBL1, Central",10,1,1,1,0.6605,0,0,0.3809,25,22,19,77,27,102,28,2.85,1.32,6,0,0.5,0.5,0.0,2
15347400,"NBL1, North",10,1,1,1,0.6649,1,1,0.524,28,28,38,104,27,123,13,3.85,1.18,6,0,0.5,0.5,0.0,2
16015851,"EYBL U17, CHALLENGE CUP",10,0,0,1,0.1927,0,1,0.278,22,24,27,81,27,108,38,3.0,1.33,6,0,0.5,0.5,0.0,2
15346542,"NBL1, Central",10,0,0,1,0.3832,1,0,0.5427,41,29,32,112,27,135,13,4.15,1.21,6,0,0.5,0.5,0.0,2
15346543,"NBL1, Central",10,1,1,1,0.7496,0,0,0.4694,36,28,38,114,27,127,23,4.22,1.11,6,0,0.5,0.5,0.0,2
15346650,"NBL1, West",10,1,0,0,0.2965,0,0,0.4906,26,22,24,87,27,108,4,3.22,1.24,6,0,0.5,0.5,0.0,2
15346651,"NBL1, West",10,0,0,1,0.4906,0,1,0.4236,18,34,24,88,27,112,4,3.26,1.27,6,0,0.5,0.5,0.0,2
15346652,"NBL1, West",10,0,1,0,0.7899,1,0,0.6321,27,36,28,101,27,127,1,3.74,1.26,6,0,0.5,0.5,0.0,2
15820436,I B MCKL,10,0,1,0,0.9377,1,0,0.6738,23,18,26,80,27,97,41,2.96,1.21,6,0,0.5,0.5,0.0,1
15989717,"NKL, Playoffs",10,1,0,0,0.3752,0,0,0.4517,23,23,24,85,27,106,4,3.15,1.25,6,0,0.5,0.5,0.0,2
14967190,China CBA,10,0,0,1,0.4281,0,1,0.4867,28,35,26,98,27,126,0,3.63,1.29,6,0,0.5,0.5,0.0,2
14967191,China CBA,10,1,1,1,0.6885,1,1,0.5638,24,24,31,89,27,102,18,3.3,1.15,6,0,0.5,0.5,0.0,2
14967192,China CBA,10,0,1,0,0.588,0,1,0.4958,23,24,21,79,27,99,7,2.93,1.25,6,0,0.5,0.5,0.0,1
14441761,United League,10,0,0,1,0.3676,1,0,0.5262,30,26,29,96,27,121,17,3.56,1.26,6,0,0.5,0.5,0.0,2
15180651,Indonesian Basketball League,10,0,0,1,0.3407,1,0,0.5507,31,24,29,92,27,108,2,3.41,1.17,6,0,0.5,0.5,0.0,2
15346657,"NBL1, West",10,0,0,1,0.4366,0,1,0.4929,25,26,28,89,27,118,28,3.3,1.33,6,0,0.5,0.5,0.0,2
16017562,"Prvenstvo Hrvatske za djevojčice , Poluzavršni turnir skupina A",10,0,0,1,0.1847,0,1,0.4031,13,14,11,42,27,50,4,1.56,1.19,6,0,0.5,0.5,0.0,0
16015852,"EYBL U17, CHALLENGE CUP",10,1,1,1,0.5163,0,0,0.427,19,28,28,85,27,123,29,3.15,1.45,6,0,0.5,0.5,0.0,2
14554319,U21 Espoirs Elite,10,0,0,1,0.251,0,1,0.4056,31,25,26,95,27,120,26,3.52,1.26,6,0,0.5,0.5,0.0,2
15592167,"Basketligaen, Placement round",10,0,0,1,0.483,0,1,0.4574,33,27,26,99,27,130,10,3.67,1.31,6,0,0.5,0.5,0.0,2
15986799,Superleague,10,0,1,0,0.6181,1,0,0.6752,29,27,33,94,27,122,4,3.48,1.3,6,0,0.5,0.5,0.0,2
14554313,U21 Espoirs Elite,10,0,0,1,0.4224,0,1,0.4016,26,27,19,79,27,109,9,2.93,1.38,6,0,0.5,0.5,0.0,2
14554317,U21 Espoirs Elite,10,0,1,0,0.6842,1,0,0.5964,34,24,31,98,27,123,5,3.63,1.26,6,0,0.5,0.5,0.0,2
14758624,Stoiximan GBL,10,0,0,1,0.3819,0,1,0.4329,31,38,33,116,27,133,13,4.3,1.15,6,0,0.5,0.5,0.0,2
15204236,Brazil NBB,10,1,1,1,0.537,0,0,0.4448,28,27,29,98,27,127,7,3.63,1.3,6,0,0.5,0.5,0.0,2
16016873,"Serie A2, Women, Playoffs",10,1,0,0,0.4264,1,1,0.5228,14,17,14,50,27,66,0,1.85,1.32,6,0,0.5,0.5,0.0,1
14602708,Portugal LBP,10,1,0,0,0.2564,0,0,0.4349,26,27,17,79,27,105,5,2.93,1.33,6,0,0.5,0.5,0.0,2
15366291,"Portugal Proliga, Relegation Round",10,1,1,1,0.5893,1,1,0.6069,21,21,23,71,27,104,24,2.63,1.46,6,0,0.5,0.5,0.0,2
15988151,"Poland 2nd Basketball League, II Runda",10,0,0,1,0.4397,0,1,0.4698,23,27,20,78,27,114,8,2.89,1.46,6,0,0.5,0.5,0.0,2
15204235,Brazil NBB,10,1,0,0,0.4371,1,1,0.5831,37,16,23,86,27,112,18,3.19,1.3,6,0,0.5,0.5,0.0,2
14220556,Liga Femenina,10,0,0,1,0.4348,1,0,0.5116,22,22,28,83,27,92,20,3.07,1.11,6,0,0.5,0.5,0.0,1
14554312,U21 Espoirs Elite,10,1,1,1,0.6966,1,1,0.5936,30,23,27,90,27,124,22,3.33,1.38,6,0,0.5,0.5,0.0,2
15974920,"LF Challenge, Regular Season",10,0,1,0,0.9224,1,0,0.8903,29,24,27,89,27,117,53,3.3,1.31,6,0,0.5,0.5,0.0,2
15974921,"LF Challenge, Regular Season",10,0,0,1,0.4291,0,1,0.4661,29,16,20,78,27,110,8,2.89,1.41,6,0,0.5,0.5,0.0,2
16005486,Argentina Liga Nacional,10,0,0,1,0.395,1,0,0.5482,20,22,28,73,27,102,14,2.7,1.4,6,0,0.5,0.5,0.0,2
16011829,"Poland 2nd Basketball League, II Runda",10,1,0,0,0.4102,1,1,0.5123,18,26,31,94,27,100,18,3.48,1.06,6,0,0.5,0.5,0.0,1
14456724,Prva Liga,10,0,1,0,0.5676,1,0,0.7907,33,30,29,99,27,139,41,3.67,1.4,6,0,0.5,0.5,0.0,2
14500923,Turkish Basketball Super League,10,1,1,1,0.5996,1,1,0.5879,19,34,22,89,27,112,2,3.3,1.26,6,0,0.5,0.5,0.0,2
14554310,U21 Espoirs Elite,10,0,1,0,0.5082,1,0,0.5386,29,34,26,96,27,130,6,3.56,1.35,6,0,0.5,0.5,0.0,2
15366235,"Portugal Proliga, Championship Round",10,0,0,1,0.4035,1,0,0.5168,21,19,24,71,27,91,11,2.63,1.28,6,0,0.5,0.5,0.0,1
15366239,"Portugal Proliga, Championship Round",10,0,1,0,0.5346,1,0,0.5008,25,27,14,80,27,115,7,2.96,1.44,6,0,0.5,0.5,0.0,2
15818233,Jedinstvena kadetska liga,10,1,0,0,0.3902,0,0,0.3838,24,27,30,90,27,118,28,3.33,1.31,6,0,0.5,0.5,0.0,2
15839504,Jedinstvena kadetska liga,10,1,1,1,0.6916,1,1,0.5877,30,28,27,92,27,124,26,3.41,1.35,6,0,0.5,0.5,0.0,2
15952135,"Extraliga, Women, Playoffs",10,1,0,0,0.3498,1,1,0.547,23,18,18,68,27,84,2,2.52,1.24,6,0,0.5,0.5,0.0,1
15968503,"Serie A2, Women, Playout",10,1,1,1,0.6794,1,1,0.5079,27,17,21,77,27,104,4,2.85,1.35,6,0,0.5,0.5,0.0,2
15974922,"LF Challenge, Regular Season",10,0,0,1,0.4945,1,0,0.5425,19,25,26,82,27,145,3,3.04,1.77,6,0,0.5,0.5,0.0,2
15977675,"Hungary Divison A Women, Playoffs",10,0,1,0,0.5561,1,0,0.5102,17,22,26,72,27,92,2,2.67,1.28,6,0,0.5,0.5,0.0,1
16011830,"Poland 2nd Basketball League, II Runda",10,0,1,0,0.6105,1,0,0.5173,30,33,21,94,27,137,3,3.48,1.46,6,0,0.5,0.5,0.0,2
16016097,"Swedish Basketball League, Playoffs",10,1,1,1,0.6678,1,1,0.6045,26,30,32,102,27,117,3,3.78,1.15,6,0,0.5,0.5,0.0,2
15999956,"Emir Cup, Knock-out",10,0,0,1,0.3665,0,1,0.395,16,28,21,82,27,98,14,3.04,1.2,6,0,0.5,0.5,0.0,1
14758621,Stoiximan GBL,10,1,1,1,0.7063,1,1,0.5901,26,35,27,97,27,126,8,3.59,1.3,6,0,0.5,0.5,0.0,2
15844838,"Kvindebasketligaen , Semifinaler",10,0,1,0,0.6587,1,0,0.6397,24,21,18,69,27,76,4,2.56,1.1,6,0,0.5,0.5,0.0,1
15366246,"Portugal Proliga, Championship Round",10,0,0,1,0.2327,0,1,0.3881,24,19,23,82,27,95,3,3.04,1.16,6,0,0.5,0.5,0.0,1
15566043,1. A SKL,10,1,1,1,0.6889,1,1,0.5828,32,30,31,108,27,134,2,4.0,1.24,6,0,0.5,0.5,0.0,2
15812871,"Campeonato Nacional da 1ª Divisao Feminina, 2ª Fase - Grupo Manutenção Sul",10,1,1,1,0.5244,1,1,0.6348,31,31,28,101,27,123,15,3.74,1.22,6,0,0.5,0.5,0.0,2
15951790,"Zweite Liga, Playoffs",10,1,1,1,0.5575,0,0,0.4815,21,22,23,77,27,87,3,2.85,1.13,6,0,0.5,0.5,0.0,1
15974923,"LF Challenge, Regular Season",10,1,1,1,0.6929,1,1,0.5404,16,13,21,59,27,76,10,2.19,1.29,6,0,0.5,0.5,0.0,1
15974968,"Switzerland LNA, Playoffs",10,1,1,1,0.5986,1,1,0.9062,32,20,40,100,27,164,54,3.7,1.64,6,0,0.5,0.5,0.0,3
15986160,"Premier League, Women, Playoffs",10,0,0,1,0.4251,1,0,0.5037,22,21,17,64,27,97,23,2.37,1.52,6,0,0.5,0.5,0.0,1
16010506,"1. SKL, Women, Playoffs",10,0,0,1,0.4946,0,1,0.4218,20,22,16,62,27,100,10,2.3,1.61,6,0,0.5,0.5,0.0,1
16012774,"Austrian Basketball Superliga, Playoffs",10,0,1,0,0.5592,0,1,0.4908,26,25,25,85,27,100,24,3.15,1.18,6,0,0.5,0.5,0.0,1
16024846,"NLB, Playoffs",10,1,1,1,0.8013,1,1,0.5445,26,21,21,73,27,94,24,2.7,1.29,6,0,0.5,0.5,0.0,1
16024847,"NLB, Playoffs",10,1,1,1,0.6562,1,1,0.6315,35,35,18,95,27,159,33,3.52,1.67,6,0,0.5,0.5,0.0,3
16024848,"NLB, Playoffs",10,0,1,0,0.7026,1,0,0.565,28,29,22,85,27,123,3,3.15,1.45,6,0,0.5,0.5,0.0,2
16017568,"Prvenstvo Hrvatske za djevojčice , Poluzavršni turnir skupina B",10,1,0,0,0.2795,0,0,0.2608,22,22,16,66,27,75,29,2.44,1.14,6,0,0.5,0.5,0.0,1
14195118,"SLB, Women",10,0,1,0,0.6013,1,0,0.73,18,18,17,59,27,84,18,2.19,1.42,6,0,0.5,0.5,0.0,1
14195119,"SLB, Women",10,1,1,1,0.6737,1,1,0.5744,29,25,27,89,27,112,4,3.3,1.26,6,0,0.5,0.5,0.0,2
14445764,"A1 Liga, Women",10,0,1,0,0.6925,1,0,0.7074,17,17,23,62,27,76,8,2.3,1.23,6,0,0.5,0.5,0.0,1
14456727,Prva Liga,10,0,0,1,0.3563,0,1,0.3613,28,26,31,94,27,126,32,3.48,1.34,6,0,0.5,0.5,0.0,2
14706493,1st Division,10,1,1,1,0.7305,0,0,0.4322,24,24,20,81,27,102,2,3.0,1.26,6,0,0.5,0.5,0.0,2
14706495,1st Division,10,1,0,0,0.3429,0,0,0.4713,21,15,30,79,27,85,7,2.93,1.08,6,0,0.5,0.5,0.0,1
14706496,1st Division,10,1,1,1,0.6051,0,0,0.4929,32,22,25,91,27,129,3,3.37,1.42,6,0,0.5,0.5,0.0,2
14706498,1st Division,10,0,0,1,0.3385,0,1,0.4588,28,23,30,89,27,128,12,3.3,1.44,6,0,0.5,0.5,0.0,2
14706499,1st Division,10,0,0,1,0.4196,0,1,0.489,30,32,22,94,27,124,2,3.48,1.32,6,0,0.5,0.5,0.0,2
14706500,1st Division,10,0,1,0,0.5692,0,1,0.4362,34,33,28,109,27,136,4,4.04,1.25,6,0,0.5,0.5,0.0,2
15402643,"NBL, Championship Round",10,1,1,1,0.7017,1,1,0.5194,32,27,34,99,27,123,29,3.67,1.24,6,0,0.5,0.5,0.0,2
15859348,"NBL, Championship Round",10,1,0,0,0.2657,0,0,0.4107,32,24,26,91,27,109,3,3.37,1.2,6,0,0.5,0.5,0.0,2
15859350,"NBL, Championship Round",10,1,0,0,0.4762,1,1,0.6111,31,28,28,97,27,115,23,3.59,1.19,6,0,0.5,0.5,0.0,2
15859362,"NBL, Championship Round",10,0,0,1,0.3814,1,0,0.5299,39,34,29,118,27,128,6,4.37,1.08,6,0,0.5,0.5,0.0,2
15928055,"Latvia LBL, Playoffs",10,1,1,1,0.6284,1,1,0.5742,35,27,28,95,27,130,22,3.52,1.37,6,0,0.5,0.5,0.0,2
15952134,"Extraliga, Women, Playoffs",10,1,1,1,0.5982,1,1,0.6254,22,30,25,88,27,109,7,3.26,1.24,6,0,0.5,0.5,0.0,2
15974960,"Switzerland LNA, Playoffs",10,0,1,0,0.6533,1,0,0.5388,31,29,20,94,27,117,23,3.48,1.24,6,0,0.5,0.5,0.0,2
15974969,"Switzerland LNA, Playoffs",10,1,1,1,0.7147,1,1,0.5925,22,28,23,79,27,112,18,2.93,1.42,6,0,0.5,0.5,0.0,2
15977676,"Hungary Divison A Women, Playoffs",10,1,1,1,0.6898,1,1,0.5868,16,22,28,70,27,86,14,2.59,1.23,6,0,0.5,0.5,0.0,1
15981778,"Korisliiga, Playoffs",10,1,1,1,0.6328,1,1,0.6065,23,29,21,81,27,104,18,3.0,1.28,6,0,0.5,0.5,0.0,2
15987788,"KML, Playoffs",10,1,1,1,0.5953,1,1,0.6144,29,25,35,97,27,122,24,3.59,1.26,6,0,0.5,0.5,0.0,2
15988150,"Poland 2nd Basketball League, II Runda",10,1,1,1,0.5269,0,0,0.472,24,26,26,86,27,95,13,3.19,1.1,6,0,0.5,0.5,0.0,1
15991316,Polish Basketball League,10,0,1,0,0.7292,1,0,0.6176,34,26,25,106,27,115,5,3.93,1.08,6,0,0.5,0.5,0.0,2
15998898,"Basket Liga, Women, Playoffs",10,1,0,0,0.3182,0,0,0.3986,22,24,20,75,27,91,13,2.78,1.21,6,0,0.5,0.5,0.0,1
16007825,"Hungary NB 1.A, Playoffs",10,1,1,1,0.592,1,1,0.6092,20,25,19,75,27,94,0,2.78,1.25,6,0,0.5,0.5,0.0,1
16007828,"Hungary NB 1.A, Playoffs",10,1,1,1,0.6509,1,1,0.6222,27,23,27,85,27,112,18,3.15,1.32,6,0,0.5,0.5,0.0,2
16007830,"Hungary NB 1.A, Playoffs",10,0,1,0,0.712,0,1,0.4422,23,37,29,98,27,123,7,3.63,1.26,6,0,0.5,0.5,0.0,2
16007831,"Hungary NB 1.A, Playoffs",10,1,1,1,0.534,1,1,0.594,23,30,29,88,27,123,7,3.26,1.4,6,0,0.5,0.5,0.0,2
16007838,"Hungary NB 1.A, Relegation Round",10,0,1,0,0.599,1,0,0.553,27,34,39,120,27,137,1,4.44,1.14,6,0,0.5,0.5,0.0,2
16007913,"I A MCKL, Playoffs",10,0,0,1,0.4102,0,1,0.4627,30,28,29,98,27,142,10,3.63,1.45,6,0,0.5,0.5,0.0,2
16008492,"FSHB Superliga, K.K.M 2025-26",10,1,1,1,0.7194,1,1,0.5372,28,28,28,95,27,121,13,3.52,1.27,6,0,0.5,0.5,0.0,2
16008493,"FSHB Superliga, K.K.M 2025-26",10,1,1,1,0.5518,1,1,0.5357,22,31,19,84,27,109,19,3.11,1.3,6,0,0.5,0.5,0.0,2
16011828,"Poland 2nd Basketball League, II Runda",10,1,0,0,0.4913,1,1,0.5312,19,27,26,83,27,86,16,3.07,1.04,6,0,0.5,0.5,0.0,1
16018574,"Poland 1st Division Basketball, Playoffs",10,1,1,1,0.5673,0,0,0.4805,32,27,27,97,27,122,2,3.59,1.26,6,0,0.5,0.5,0.0,2
14270310,France Pro A,10,1,1,1,0.5025,1,1,0.6985,26,26,18,77,27,110,28,2.85,1.43,6,0,0.5,0.5,0.0,2
14344014,Lega A Basket,10,1,1,1,0.5939,0,0,0.4442,21,29,28,93,27,106,22,3.44,1.14,6,0,0.5,0.5,0.0,2
15974924,"LF Challenge, Regular Season",10,0,0,1,0.1849,0,1,0.1684,20,24,27,78,27,101,43,2.89,1.29,6,0,0.5,0.5,0.0,2
14270305,France Pro A,10,1,1,1,0.6217,0,0,0.4522,25,32,25,91,27,125,25,3.37,1.37,6,0,0.5,0.5,0.0,2
14341466,"Serie B, Group B",10,1,1,1,0.5622,0,0,0.4052,28,19,25,83,27,101,5,3.07,1.22,6,0,0.5,0.5,0.0,2
14373954,Primera FEB,10,0,0,1,0.2605,0,1,0.4626,21,24,21,71,27,109,1,2.63,1.54,6,0,0.5,0.5,0.0,2
14381844,Germany BBL,10,0,1,0,0.61,1,0,0.515,27,26,24,89,27,101,3,3.3,1.13,6,0,0.5,0.5,0.0,2
14381879,Germany BBL,10,1,1,1,0.6231,1,1,0.6126,23,25,23,82,27,92,20,3.04,1.12,6,0,0.5,0.5,0.0,1
15903439,Superleague,10,1,1,1,0.5739,0,0,0.459,25,20,20,83,27,102,10,3.07,1.23,6,0,0.5,0.5,0.0,2
15968496,"Serie A2, Women, Playoffs",10,1,0,0,0.475,0,0,0.4042,21,17,19,67,27,81,7,2.48,1.21,6,0,0.5,0.5,0.0,1
16007920,"Sparkasse Prva Liga Zeni, Play off",10,0,1,0,0.7578,1,0,0.6258,26,33,29,95,27,149,7,3.52,1.57,6,0,0.5,0.5,0.0,2
16017394,"1. Division A, Playoffs",10,0,0,1,0.4652,1,0,0.5851,22,30,20,84,27,119,3,3.11,1.42,6,0,0.5,0.5,0.0,2
14195120,"SLB, Women",10,1,0,0,0.2069,0,0,0.4209,33,20,26,88,27,100,12,3.26,1.14,6,0,0.5,0.5,0.0,1
14491621,Liga ACB,10,0,0,1,0.471,0,1,0.3659,24,26,29,96,27,116,6,3.56,1.21,6,0,0.5,0.5,0.0,2
14602712,Portugal LBP,10,0,0,1,0.4086,0,1,0.4219,30,29,27,94,27,114,2,3.48,1.21,6,0,0.5,0.5,0.0,2
14624168,Meridianbet KLS,10,0,0,1,0.3378,0,1,0.4491,31,29,32,111,27,132,8,4.11,1.19,6,0,0.5,0.5,0.0,2
14624170,Meridianbet KLS,10,0,1,0,0.6243,0,1,0.4728,27,27,24,88,27,117,19,3.26,1.33,6,0,0.5,0.5,0.0,2
14624172,Meridianbet KLS,10,1,1,1,0.5897,1,1,0.6562,27,30,28,91,27,131,13,3.37,1.44,6,0,0.5,0.5,0.0,2
14775163,Liga Nationala,10,1,1,1,0.6106,1,1,0.6301,34,37,23,104,27,133,5,3.85,1.28,6,0,0.5,0.5,0.0,2
14775166,Liga Nationala,10,1,1,1,0.7344,1,1,0.5291,21,26,34,87,27,107,3,3.22,1.23,6,0,0.5,0.5,0.0,2
15515861,"ABA Liga, Relegation Round",10,1,1,1,0.5726,1,1,0.5859,26,26,26,87,27,105,11,3.22,1.21,6,0,0.5,0.5,0.0,2
15706646,SuperSport Premijer Liga,10,0,0,1,0.3683,1,0,0.532,27,24,30,89,27,102,10,3.3,1.15,6,0,0.5,0.5,0.0,2
15935034,"NBA, Playoffs",12,0,1,0,0.5255,0,1,0.4834,36,22,35,129,27,128,16,4.78,0.99,6,0,0.5,0.5,0.0,2
15958942,"Tipos SBL, Playoffs",10,0,1,0,0.5735,1,0,0.653,21,25,23,82,27,98,6,3.04,1.2,6,0,0.5,0.5,0.0,1
15958946,"Tipos SBL, Playoffs",10,1,1,1,0.7114,1,1,0.5561,26,25,26,89,27,100,0,3.3,1.12,6,0,0.5,0.5,0.0,1
15974925,"LF Challenge, Regular Season",10,0,0,1,0.2633,0,1,0.4498,22,19,16,71,27,84,12,2.63,1.18,6,0,0.5,0.5,0.0,1
15986174,"Austrian Basketball Superliga, Playoffs",10,0,0,1,0.44,0,1,0.4643,26,24,33,95,27,113,13,3.52,1.19,6,0,0.5,0.5,0.0,2
15990962,"Slovenian Second Basketball League, Polfinale",10,0,1,0,0.6145,1,0,0.531,30,27,28,93,27,121,13,3.44,1.3,6,0,0.5,0.5,0.0,2
15990965,"Slovenian Second Basketball League, Polfinale",10,0,1,0,0.557,1,0,0.5077,26,28,28,97,27,105,9,3.59,1.08,6,0,0.5,0.5,0.0,2
15999957,"Emir Cup, Knock-out",10,1,0,0,0.366,0,0,0.4858,27,26,34,97,27,127,3,3.59,1.31,6,0,0.5,0.5,0.0,2
16005493,"I A MCKL, Playoffs",10,1,0,0,0.45,1,1,0.5084,26,25,32,93,27,119,25,3.44,1.28,6,0,0.5,0.5,0.0,2
16011827,"Poland 2nd Basketball League, II Runda",10,1,0,0,0.4635,0,0,0.4691,34,22,30,97,27,113,19,3.59,1.16,6,0,0.5,0.5,0.0,2
16012776,"Austrian Basketball Superliga, Playoffs",10,1,0,0,0.3965,1,1,0.5569,19,23,32,84,27,105,23,3.11,1.25,6,0,0.5,0.5,0.0,2
16016876,"Serie A2, Women, Playoffs",10,0,1,0,0.7514,1,0,0.6364,19,18,17,56,27,80,6,2.07,1.43,6,0,0.5,0.5,0.0,1
16018861,"1. Division, Women, Playoffs",10,1,1,1,0.669,1,1,0.544,20,21,17,74,27,96,10,2.74,1.3,6,0,0.5,0.5,0.0,1
15690848,Israeli Basketball Super League,10,1,0,0,0.3973,1,1,0.5319,25,34,24,95,27,120,16,3.52,1.26,6,0,0.5,0.5,0.0,2
14220563,Liga Femenina,10,1,1,1,0.5446,0,0,0.4584,26,24,19,77,27,103,5,2.85,1.34,6,0,0.5,0.5,0.0,2
14373952,Primera FEB,10,0,0,1,0.3745,0,1,0.4003,23,21,29,79,27,93,3,2.93,1.18,6,0,0.5,0.5,0.0,1
14456728,Prva Liga,10,0,1,0,0.5372,0,1,0.2785,27,35,30,104,27,148,44,3.85,1.42,6,0,0.5,0.5,0.0,2
14491620,Liga ACB,10,1,1,1,0.5955,1,1,0.5312,18,24,31,82,27,89,5,3.04,1.09,6,0,0.5,0.5,0.0,1
14602713,Portugal LBP,10,0,1,0,0.5527,1,0,0.6067,25,31,33,108,27,153,11,4.0,1.42,6,0,0.5,0.5,0.0,3
15566046,1. A SKL,10,0,1,0,0.6022,1,0,0.5999,24,23,26,101,27,113,5,3.74,1.12,6,0,0.5,0.5,0.0,2
15813614,"Campeonato Nacional da 1ª Divisao Feminina, 2ª Fase - Grupo Manutenção Norte",10,0,0,1,0.4361,0,1,0.365,26,14,18,63,27,105,21,2.33,1.67,6,0,0.5,0.5,0.0,2
16016874,"Superliga, Playoffs",10,1,1,1,0.5386,1,1,0.5781,30,25,17,81,27,117,13,3.0,1.44,6,0,0.5,0.5,0.0,2
16031421,"CN1 Basquetebol, 3ª Fase - Meias-Finais Norte",10,0,1,0,0.5443,1,0,0.6191,19,16,27,72,27,72,14,2.67,1.0,6,0,0.5,0.5,0.0,1
15949292,"LSB - Estadual Amador, Classificação",10,1,1,1,0.9789,1,1,0.9649,19,22,21,70,27,95,65,2.59,1.36,6,0,0.5,0.5,0.0,1
14195121,"SLB, Women",10,1,1,1,0.7282,1,1,0.6991,26,24,27,87,27,108,32,3.22,1.24,6,0,0.5,0.5,0.0,2
14344007,Lega A Basket,10,1,1,1,0.6902,1,1,0.6574,27,32,24,92,27,117,3,3.41,1.27,6,0,0.5,0.5,0.0,2
14374817,"Segunda FEB, Group East",10,0,0,1,0.4893,1,0,0.697,18,34,26,89,27,106,16,3.3,1.19,6,0,0.5,0.5,0.0,2
14374818,"Segunda FEB, Group East",10,0,0,1,0.385,0,1,0.4241,31,21,30,95,27,112,4,3.52,1.18,6,0,0.5,0.5,0.0,2
14374822,"Segunda FEB, Group West",10,0,0,1,0.4924,1,0,0.5308,27,22,27,85,27,109,5,3.15,1.28,6,0,0.5,0.5,0.0,2
14374823,"Segunda FEB, Group East",10,1,1,1,0.5828,1,1,0.5215,17,16,30,71,27,82,2,2.63,1.15,6,0,0.5,0.5,0.0,1
14374824,"Segunda FEB, Group East",10,0,1,0,0.6512,1,0,0.5895,23,27,23,83,27,102,6,3.07,1.23,6,0,0.5,0.5,0.0,2
14374826,"Segunda FEB, Group West",10,1,1,1,0.5875,1,1,0.5434,20,26,16,70,27,98,20,2.59,1.4,6,0,0.5,0.5,0.0,1
14374827,"Segunda FEB, Group West",10,1,1,1,0.5136,0,0,0.4721,21,24,30,81,27,102,14,3.0,1.26,6,0,0.5,0.5,0.0,2
14374828,"Segunda FEB, Group East",10,1,0,0,0.4343,1,1,0.6045,29,33,23,96,27,129,5,3.56,1.34,6,0,0.5,0.5,0.0,2
14374829,"Segunda FEB, Group West",10,0,0,1,0.4401,1,0,0.5349,25,26,23,85,27,104,12,3.15,1.22,6,0,0.5,0.5,0.0,2
14374831,"Segunda FEB, Group West",10,1,0,0,0.4119,1,1,0.5166,26,31,26,92,27,116,2,3.41,1.26,6,0,0.5,0.5,0.0,2
14491618,Liga ACB,10,1,0,0,0.4098,0,0,0.4022,23,24,30,88,27,91,5,3.26,1.03,6,0,0.5,0.5,0.0,1
14605503,Israeli Basketball Super League,10,1,1,1,0.6862,1,1,0.5786,21,23,25,79,27,94,10,2.93,1.19,6,0,0.5,0.5,0.0,1
14624173,Meridianbet KLS,10,1,1,1,0.6868,1,1,0.66,40,34,25,109,27,143,5,4.04,1.31,6,0,0.5,0.5,0.0,2
14624174,Meridianbet KLS,10,0,1,0,0.7016,1,0,0.6283,26,25,26,94,27,110,12,3.48,1.17,6,0,0.5,0.5,0.0,2
15310202,"Segunda FEB, Group East",10,0,0,1,0.3797,0,1,0.4742,29,28,25,90,27,109,7,3.33,1.21,6,0,0.5,0.5,0.0,2
15310214,"Segunda FEB, Group West",10,0,0,1,0.3461,1,0,0.5306,34,26,33,105,27,120,20,3.89,1.14,6,0,0.5,0.5,0.0,2
15310242,"Segunda FEB, Group East",10,0,1,0,0.605,1,0,0.6461,23,29,20,78,27,103,11,2.89,1.32,6,0,0.5,0.5,0.0,2
15790546,"Slovenian Second Basketball League, Liga za obstanek",10,0,1,0,0.6231,1,0,0.5651,26,28,28,91,27,118,14,3.37,1.3,6,0,0.5,0.5,0.0,2
15973684,"1st Division Women, Úrslitakeppni",10,1,1,1,0.6988,1,1,0.6479,25,29,28,96,27,117,3,3.56,1.22,6,0,0.5,0.5,0.0,2
15999159,"France LF2, Women, Regular Season",10,1,1,1,0.6005,0,0,0.4324,22,18,25,71,27,80,16,2.63,1.13,6,0,0.5,0.5,0.0,1
15999160,"France LF2, Women, Regular Season",10,1,1,1,0.567,1,1,0.5921,27,24,18,74,27,88,32,2.74,1.19,6,0,0.5,0.5,0.0,1
15999161,"France LF2, Women, Regular Season",10,1,1,1,0.6528,1,1,0.5282,21,15,18,64,27,81,15,2.37,1.27,6,0,0.5,0.5,0.0,1
16017569,"Prvenstvo Hrvatske za djevojčice , Poluzavršni turnir skupina B",10,1,0,0,0.3709,0,0,0.1528,15,21,20,59,27,84,40,2.19,1.42,6,0,0.5,0.5,0.0,1
16018571,"Poland 1st Division Basketball, Playoffs",10,0,0,1,0.3936,1,0,0.5879,25,27,20,84,27,101,5,3.11,1.2,6,0,0.5,0.5,0.0,2
16018573,"Poland 1st Division Basketball, Playoffs",10,1,1,1,0.5501,1,1,0.5891,30,34,27,101,27,131,7,3.74,1.3,6,0,0.5,0.5,0.0,2
14270303,France Pro A,10,1,1,1,0.6199,0,0,0.4458,36,28,39,114,27,125,5,4.22,1.1,6,0,0.5,0.5,0.0,2
14341115,"Serie B, Group A",10,1,1,1,0.7209,1,1,0.6319,25,20,28,89,27,103,7,3.3,1.16,6,0,0.5,0.5,0.0,2
14341851,Serie A2,10,1,1,1,0.5775,1,1,0.5888,22,26,24,86,27,107,1,3.19,1.24,6,0,0.5,0.5,0.0,2
14791966,Belgian Basketball 2nd Division,10,1,0,0,0.4785,1,1,0.5335,21,21,25,77,27,92,18,2.85,1.19,6,0,0.5,0.5,0.0,1
15974874,"Enovos League, Relegation Group",10,0,1,0,0.564,0,1,0.4657,35,18,30,93,27,120,8,3.44,1.29,6,0,0.5,0.5,0.0,2
16017451,"Enovos League, Play Offs",10,0,1,0,0.5516,1,0,0.5618,26,21,21,81,27,95,15,3.0,1.17,6,0,0.5,0.5,0.0,1
14149326,Belgian Basketball 2nd Division,10,0,1,0,0.5149,1,0,0.593,29,19,25,85,27,101,17,3.15,1.19,6,0,0.5,0.5,0.0,2
14374825,"Segunda FEB, Group West",10,0,0,1,0.4888,1,0,0.5866,16,24,25,78,27,84,8,2.89,1.08,6,0,0.5,0.5,0.0,1
14670969,"Serie B, Group A",10,0,1,0,0.7334,0,1,0.4967,27,24,23,87,27,111,9,3.22,1.28,6,0,0.5,0.5,0.0,2
16016264,"Serie A2, Women, Playoffs",10,0,1,0,0.5345,1,0,0.5015,23,22,22,78,27,86,12,2.89,1.1,6,0,0.5,0.5,0.0,1
15934993,"NBA, Playoffs",12,0,1,0,0.5128,1,0,0.6395,31,37,25,122,27,131,5,4.52,1.07,6,0,0.5,0.5,0.0,2
14602714,Portugal LBP,10,0,0,1,0.2762,0,1,0.3892,32,24,29,90,27,123,27,3.33,1.37,6,0,0.5,0.5,0.0,2
15204237,Brazil NBB,10,0,1,0,0.722,1,0,0.6277,26,23,22,83,27,118,34,3.07,1.42,6,0,0.5,0.5,0.0,2
15817603,"Campeonato Nacional da 1ª Divisao Feminina, 2ª Fase - Grupo Manutenção Norte",10,0,1,0,0.5798,1,0,0.6172,16,18,21,63,27,69,3,2.33,1.1,6,0,0.5,0.5,0.0,1
16005400,"Portugal LFB Women, Playoffs",10,1,1,1,0.5583,0,0,0.4339,20,20,16,62,27,78,8,2.3,1.26,6,0,0.5,0.5,0.0,1
16015560,Colombia LPB,10,0,0,1,0.2762,0,1,0.4702,24,31,32,95,27,116,2,3.52,1.22,6,0,0.5,0.5,0.0,2
15818219,"Campeonato Nacional da 1ª Divisao Feminina, 2ª Fase - Grupo Manutenção Sul",10,0,0,1,0.3008,0,1,0.4928,20,23,17,69,27,88,6,2.56,1.28,6,0,0.5,0.5,0.0,1
16029383,"Champions League Americas, Knockout stage",10,0,1,0,0.5553,1,0,0.5438,24,27,21,80,27,110,30,2.96,1.38,6,0,0.5,0.5,0.0,2
15974958,LNB 2,10,1,1,1,0.6315,1,1,0.6538,23,25,20,76,27,102,34,2.81,1.34,6,0,0.5,0.5,0.0,2
16010610,"Liga Nacional Femenina Chile, Fase regular",10,1,0,0,0.251,0,0,0.3,18,30,22,79,27,104,26,2.93,1.32,6,0,0.5,0.5,0.0,2
15935019,"NBA, Playoffs",12,1,1,1,0.5847,1,1,0.5071,26,31,26,113,27,125,5,4.19,1.11,6,0,0.5,0.5,0.0,2
15974928,LNB 2,10,0,1,0,0.718,1,0,0.5962,17,22,26,71,27,88,18,2.63,1.24,6,0,0.5,0.5,0.0,1
15974959,LNB 2,10,0,1,0,0.5742,1,0,0.554,20,13,20,60,27,106,2,2.22,1.77,6,0,0.5,0.5,0.0,2
15976304,Superliga,10,1,1,1,0.6334,1,1,0.6381,35,28,32,107,27,132,6,3.96,1.23,6,0,0.5,0.5,0.0,2
16019759,"Liga Nacional Femenina Chile, Fase regular",10,1,1,1,0.7322,1,1,0.6779,17,19,18,59,27,77,37,2.19,1.31,6,0,0.5,0.5,0.0,1
15587317,Mexico LNBP Women,10,1,1,1,0.5955,1,1,0.5871,26,28,21,87,27,104,10,3.22,1.2,6,0,0.5,0.5,0.0,2
16005394,"Liga Femenina, Women, Clausura, Playoffs",10,0,0,1,0.2727,1,0,0.522,24,21,21,74,27,94,12,2.74,1.27,6,0,0.5,0.5,0.0,1
15963680,Chile LNB,10,0,1,0,0.5218,1,0,0.6001,27,33,25,93,27,125,29,3.44,1.34,6,0,0.5,0.5,0.0,2
16005405,"Liga Argentina, Playoffs",10,0,0,1,0.4661,1,0,0.5602,25,24,32,92,27,137,1,3.41,1.49,6,0,0.5,0.5,0.0,2
16029384,"Champions League Americas, Knockout stage",10,0,1,0,0.5529,1,0,0.6031,29,18,27,85,27,106,14,3.15,1.25,6,0,0.5,0.5,0.0,2
15968647,"Rapid League, Regular Season",10,1,0,0,0.4967,1,1,0.5877,7,4,5,22,27,20,10,0.81,0.91,6,0,0.5,0.5,0.0,0
15347514,"NBL1 North, Women",10,0,0,1,0.1867,0,1,0.291,25,18,23,72,27,129,49,2.67,1.79,6,0,0.5,0.5,0.0,2
15348048,"NBL1 East, Women",10,1,1,1,0.7987,1,1,0.7195,30,23,27,89,27,113,27,3.3,1.27,6,0,0.5,0.5,0.0,2
15348049,"NBL1 East, Women",10,1,1,1,0.5894,0,0,0.4616,24,20,23,71,27,89,1,2.63,1.25,6,0,0.5,0.5,0.0,1
15346659,"NBL1, West",10,0,0,1,0.3605,0,1,0.433,17,29,21,75,27,106,2,2.78,1.41,6,0,0.5,0.5,0.0,2
15347401,"NBL1, North",10,0,0,1,0.2109,0,1,0.4178,22,35,30,93,27,121,7,3.44,1.3,6,0,0.5,0.5,0.0,2
15347878,"NBL1, East",10,1,0,0,0.4082,1,1,0.5474,34,31,29,111,27,135,5,4.11,1.22,6,0,0.5,0.5,0.0,2
15347879,"NBL1, East",10,1,1,1,0.6566,1,1,0.7107,26,20,26,76,27,95,41,2.81,1.25,6,0,0.5,0.5,0.0,1
15347881,"NBL1, East",10,0,0,1,0.3623,0,1,0.3667,22,23,15,67,27,104,4,2.48,1.55,6,0,0.5,0.5,0.0,2
14616024,B1 League,10,1,1,1,0.5905,1,1,0.6285,31,21,20,78,27,115,5,2.89,1.47,6,0,0.5,0.5,0.0,2
14620704,B2 League,10,0,1,0,0.5731,0,1,0.4184,28,20,28,82,27,109,3,3.04,1.33,6,0,0.5,0.5,0.0,2
14620865,B1 League,10,0,1,0,0.6909,1,0,0.5138,26,34,30,104,27,132,18,3.85,1.27,6,0,0.5,0.5,0.0,2
14620867,B1 League,10,0,0,1,0.409,0,1,0.3859,28,23,27,92,27,157,9,3.41,1.71,6,0,0.5,0.5,0.0,3
14620868,B1 League,10,0,1,0,0.6997,1,0,0.5097,30,23,18,77,27,103,3,2.85,1.34,6,0,0.5,0.5,0.0,2
15656867,"Big V, Women",10,0,1,0,0.5048,1,0,0.5368,17,23,22,74,27,73,5,2.74,0.99,6,0,0.5,0.5,0.0,1
16031929,"EYBL U17, CHALLENGE CUP",10,0,0,1,0.4163,1,0,0.5832,21,22,33,83,27,99,25,3.07,1.19,6,0,0.5,0.5,0.0,1
14620864,B1 League,10,0,0,1,0.261,0,1,0.3782,27,26,28,88,27,110,20,3.26,1.25,6,0,0.5,0.5,0.0,2
15346544,"NBL1, Central",10,1,1,1,0.7287,1,1,0.6329,32,27,28,94,27,124,22,3.48,1.32,6,0,0.5,0.5,0.0,2
15909026,"1. liga, Women, play-off",10,0,0,1,0.1108,0,1,0.3875,16,17,18,59,27,75,31,2.19,1.27,6,0,0.5,0.5,0.0,1
14620707,B2 League,10,0,1,0,0.6762,1,0,0.6021,29,29,23,91,27,120,12,3.37,1.32,6,0,0.5,0.5,0.0,2
15180652,Indonesian Basketball League,10,0,1,0,0.5233,1,0,0.5435,23,23,30,96,27,117,1,3.56,1.22,6,0,0.5,0.5,0.0,2
15909028,"1. liga, Women, play-off",10,1,0,0,0.2491,1,1,0.5095,29,25,31,87,27,106,8,3.22,1.22,6,0,0.5,0.5,0.0,2
16017570,"Prvenstvo Hrvatske za djevojčice , Poluzavršni turnir skupina B",10,1,1,1,0.9741,1,1,0.9433,15,12,14,45,27,56,42,1.67,1.24,6,0,0.5,0.5,0.0,0
16017564,"Prvenstvo Hrvatske za djevojčice , Poluzavršni turnir skupina A",10,1,1,1,0.5807,1,1,0.545,14,17,13,53,27,55,5,1.96,1.04,6,0,0.5,0.5,0.0,0
15656683,PBA Commissioner's Cup,12,1,0,0,0.4753,1,1,0.646,25,21,20,92,27,110,2,3.41,1.2,6,0,0.5,0.5,0.0,2
16031928,"EYBL U17, CHALLENGE CUP",10,1,1,1,0.7117,1,1,0.6271,20,29,26,81,27,110,16,3.0,1.36,6,0,0.5,0.5,0.0,2
14220554,Liga Femenina,10,1,1,1,0.6893,1,1,0.6465,32,20,16,75,27,116,34,2.78,1.55,6,0,0.5,0.5,0.0,2
14220561,Liga Femenina,10,0,1,0,0.7559,1,0,0.6344,18,21,21,69,27,88,2,2.56,1.28,6,0,0.5,0.5,0.0,1
14491619,Liga ACB,10,1,1,1,0.5673,0,0,0.4414,29,22,21,90,27,115,5,3.33,1.28,6,0,0.5,0.5,0.0,2
14758625,Stoiximan GBL,10,0,0,1,0.3626,1,0,0.5374,20,26,28,82,27,117,7,3.04,1.43,6,0,0.5,0.5,0.0,2
15665866,Bulgaria NBL,10,1,1,1,0.7171,1,1,0.6295,23,32,24,88,27,111,5,3.26,1.26,6,0,0.5,0.5,0.0,2
15903438,Superleague,10,1,1,1,0.6017,0,0,0.4497,22,26,36,97,27,112,20,3.59,1.15,6,0,0.5,0.5,0.0,2
15974926,"LF Challenge, Regular Season",10,0,0,1,0.4297,1,0,0.5999,14,21,22,66,27,74,6,2.44,1.12,6,0,0.5,0.5,0.0,1
16035050,"Azerbaijan Basketball League, Playoff",10,0,0,1,0.3702,1,0,0.5349,23,32,26,106,27,121,11,3.93,1.14,6,0,0.5,0.5,0.0,2
14128979,Polish Basketball League,10,0,0,1,0.4337,0,1,0.4819,27,24,27,84,27,107,15,3.11,1.27,6,0,0.5,0.5,0.0,2
14373958,Primera FEB,10,1,1,1,0.5614,0,0,0.4799,28,22,24,84,27,103,7,3.11,1.23,6,0,0.5,0.5,0.0,2
14491617,Liga ACB,10,0,0,1,0.3986,0,1,0.4498,24,29,27,89,27,108,6,3.3,1.21,6,0,0.5,0.5,0.0,2
15827224,"Campeonato Nacional da 1ª Divisao Feminina, 2ª Fase - Grupo Promoção",10,0,0,1,0.3917,0,1,0.3788,19,26,15,64,27,85,7,2.37,1.33,6,0,0.5,0.5,0.0,1
15909027,"1. liga, Women, play-off",10,0,0,1,0.4603,1,0,0.5056,27,23,19,74,27,98,10,2.74,1.32,6,0,0.5,0.5,0.0,1
14220559,Liga Femenina,10,1,0,0,0.3797,0,0,0.4336,21,19,32,80,27,93,13,2.96,1.16,6,0,0.5,0.5,0.0,1
15485315,"ABA Liga, Relegation Round",10,0,1,0,0.6015,1,0,0.5957,22,19,28,77,27,95,1,2.85,1.23,6,0,0.5,0.5,0.0,1
16012416,"RKL Division A, Playoff",10,0,0,1,0.459,0,1,0.4995,24,27,18,92,27,101,3,3.41,1.1,6,0,0.5,0.5,0.0,2
16017571,"Prvenstvo Hrvatske za djevojčice , Poluzavršni turnir skupina B",10,1,1,1,0.5689,1,1,0.5535,12,23,22,59,27,79,1,2.19,1.34,6,0,0.5,0.5,0.0,1
14967193,China CBA,10,0,1,0,0.5549,1,0,0.6522,27,38,25,115,27,143,15,4.26,1.24,6,0,0.5,0.5,0.0,2
14967194,China CBA,10,0,1,0,0.595,1,0,0.5337,27,31,30,99,27,123,1,3.67,1.24,6,0,0.5,0.5,0.0,2
14967195,China CBA,10,0,1,0,0.7008,1,0,0.6381,34,46,26,114,27,153,1,4.22,1.34,6,0,0.5,0.5,0.0,3
14024429,BNXT League,10,1,1,1,0.7525,1,1,0.5975,24,21,22,76,27,93,19,2.81,1.22,6,0,0.5,0.5,0.0,1
14456725,Prva Liga,10,0,0,1,0.4418,1,0,0.5539,27,18,30,82,27,107,3,3.04,1.3,6,0,0.5,0.5,0.0,2
14967196,China CBA,10,1,0,0,0.3012,1,1,0.5689,30,32,25,93,27,138,34,3.44,1.48,6,0,0.5,0.5,0.0,2
15180654,Indonesian Basketball League,10,0,0,1,0.2253,0,1,0.4142,23,21,22,73,27,94,2,2.7,1.29,6,0,0.5,0.5,0.0,1
15986159,"Premier League, Women, Playoffs",10,1,1,1,0.6796,1,1,0.5977,22,16,17,65,27,91,13,2.41,1.4,6,0,0.5,0.5,0.0,1
16007921,"Sparkasse Prva Liga Zeni, Play off",10,1,1,1,0.5278,1,1,0.5316,18,16,12,57,27,88,14,2.11,1.54,6,0,0.5,0.5,0.0,1
16012417,"RKL Division A, Playoff",10,0,0,1,0.43,1,0,0.5535,20,27,26,82,27,100,8,3.04,1.22,6,0,0.5,0.5,0.0,1
16012418,"RKL Division A, Playoff",10,1,1,1,0.6837,1,1,0.5445,29,20,27,93,27,99,21,3.44,1.06,6,0,0.5,0.5,0.0,1
16022630,"Super League, Playoffs",10,0,1,0,0.5373,1,0,0.5602,27,32,21,96,27,114,14,3.56,1.19,6,0,0.5,0.5,0.0,2
14149329,Belgian Basketball 2nd Division,10,0,1,0,0.5959,1,0,0.5513,26,31,35,99,27,129,25,3.67,1.3,6,0,0.5,0.5,0.0,2
15989481,Superleague,10,0,0,1,0.4952,1,0,0.5862,29,28,18,82,27,105,5,3.04,1.28,6,0,0.5,0.5,0.0,2
14024426,BNXT League,10,1,1,1,0.722,1,1,0.6002,30,37,30,111,27,142,22,4.11,1.28,6,0,0.5,0.5,0.0,2
14024432,BNXT League,10,1,1,1,0.7339,1,1,0.6619,23,18,15,65,27,112,6,2.41,1.72,6,0,0.5,0.5,0.0,2
14024433,BNXT League,10,1,1,1,0.5395,1,1,0.6291,23,29,29,94,27,115,13,3.48,1.22,6,0,0.5,0.5,0.0,2
14024435,BNXT League,10,0,1,0,0.6015,1,0,0.61,26,31,30,98,27,125,17,3.63,1.28,6,0,0.5,0.5,0.0,2
14024436,BNXT League,10,1,1,1,0.7954,0,0,0.4151,16,29,31,92,27,102,2,3.41,1.11,6,0,0.5,0.5,0.0,2
14024437,BNXT League,10,1,1,1,0.7078,0,0,0.4838,34,29,14,89,27,117,21,3.3,1.31,6,0,0.5,0.5,0.0,2
14149325,Belgian Basketball 2nd Division,10,0,0,1,0.2695,1,0,0.524,32,26,34,98,27,132,10,3.63,1.35,6,0,0.5,0.5,0.0,2
15605027,"Rwanda Basketball League, Regular Season",10,1,1,1,0.5328,1,1,0.5855,26,27,33,96,27,118,10,3.56,1.23,6,0,0.5,0.5,0.0,2
16022640,"Israeli Women Basketball Premier League, Playoffs",10,0,0,1,0.3899,1,0,0.5348,21,18,22,73,27,90,2,2.7,1.23,6,0,0.5,0.5,0.0,1
16024851,"NLB, Playoffs",10,0,1,0,0.6064,1,0,0.693,23,13,23,72,27,91,27,2.67,1.26,6,0,0.5,0.5,0.0,1
16035051,"Azerbaijan Basketball League, Playoff",10,1,0,0,0.4477,1,1,0.6181,29,25,29,92,27,118,14,3.41,1.28,6,0,0.5,0.5,0.0,2
14445763,"A1 Liga, Women",10,0,1,0,0.5346,1,0,0.5093,25,22,21,76,27,85,11,2.81,1.12,6,0,0.5,0.5,0.0,1
16005407,"Portugal LFB Women, Playoffs",10,1,0,0,0.4409,0,0,0.4463,30,15,18,74,27,83,5,2.74,1.12,6,0,0.5,0.5,0.0,1
14428874,Betsafe-LKL,10,0,0,1,0.3964,1,0,0.528,23,30,20,80,27,110,2,2.96,1.38,6,0,0.5,0.5,0.0,2
14270306,France Pro A,10,0,0,1,0.3593,0,1,0.3997,30,28,27,97,27,127,13,3.59,1.31,6,0,0.5,0.5,0.0,2
14344008,Lega A Basket,10,1,1,1,0.6921,1,1,0.5862,18,23,25,85,27,81,3,3.15,0.95,6,0,0.5,0.5,0.0,1
14441766,United League,10,0,1,0,0.6307,1,0,0.6026,34,29,27,126,27,135,13,4.67,1.07,6,0,0.5,0.5,0.0,2
14538019,SLB,10,0,1,0,0.6088,0,1,0.4075,20,23,35,88,27,102,2,3.26,1.16,6,0,0.5,0.5,0.0,2
14538020,SLB,10,0,1,0,0.6012,1,0,0.56,30,27,29,97,27,121,1,3.59,1.25,6,0,0.5,0.5,0.0,2
15478493,"LBF, Women",10,0,1,0,0.525,1,0,0.5456,25,23,25,81,27,110,8,3.0,1.36,6,0,0.5,0.5,0.0,2
15592173,"Basketligaen, Placement round",10,0,1,0,0.5744,1,0,0.5668,32,27,26,97,27,116,22,3.59,1.2,6,0,0.5,0.5,0.0,2
15831709,Jedinstvena kadetska liga,10,0,1,0,0.5231,1,0,0.5375,29,29,20,84,27,107,5,3.11,1.27,6,0,0.5,0.5,0.0,2
15974961,"Switzerland LNA, Playoffs",10,1,1,1,0.5369,1,1,0.5528,26,36,31,105,27,172,30,3.89,1.64,6,0,0.5,0.5,0.0,3
15981702,"Swiss Basketball League Women, Playoffs",10,1,1,1,0.6833,1,1,0.5616,29,30,24,92,27,118,20,3.41,1.28,6,0,0.5,0.5,0.0,2
14344005,Lega A Basket,10,0,1,0,0.6384,1,0,0.7559,34,33,38,119,27,142,28,4.41,1.19,6,0,0.5,0.5,0.0,2
14445762,"A1 Liga, Women",10,1,0,0,0.4858,1,1,0.5688,16,25,27,80,27,93,17,2.96,1.16,6,0,0.5,0.5,0.0,1
15690844,Israeli Basketball Super League,10,0,0,1,0.3642,1,0,0.5615,24,28,32,93,27,111,7,3.44,1.19,6,0,0.5,0.5,0.0,2
14341846,Serie A2,10,0,0,1,0.383,0,1,0.4625,26,33,29,103,27,137,9,3.81,1.33,6,0,0.5,0.5,0.0,2
15637175,"Campeonato Nacional da 1ª Divisao Feminina, 2ª Fase - Grupo Promoção",10,1,1,1,0.662,1,1,0.5458,11,18,14,53,27,57,1,1.96,1.08,6,0,0.5,0.5,0.0,0
15829750,"Campeonato Nacional da 1ª Divisao Feminina, 2ª Fase - Grupo Promoção",10,1,1,1,0.5599,1,1,0.6114,29,25,20,91,27,108,6,3.37,1.19,6,0,0.5,0.5,0.0,2
16031426,"CN1 Basquetebol, 3ª Fase - Meias-Finais Sul",10,1,1,1,0.608,0,0,0.4037,23,23,23,84,27,95,5,3.11,1.13,6,0,0.5,0.5,0.0,1
14605498,Israeli Basketball Super League,10,1,1,1,0.5713,1,1,0.5658,27,27,24,88,27,110,26,3.26,1.25,6,0,0.5,0.5,0.0,2
14270311,France Pro A,10,0,1,0,0.5673,1,0,0.5679,35,28,29,102,27,127,3,3.78,1.25,6,0,0.5,0.5,0.0,2
15829749,"Campeonato Nacional da 1ª Divisao Feminina, 2ª Fase - Grupo Promoção",10,0,0,1,0.2249,0,1,0.2981,22,16,14,60,27,78,22,2.22,1.3,6,0,0.5,0.5,0.0,1
16017478,"Enovos League, Play Offs",10,1,1,1,0.6281,1,1,0.5162,21,27,27,85,27,102,22,3.15,1.2,6,0,0.5,0.5,0.0,2
16018895,"Rwanda Basketball League, Regular Season",10,0,0,1,0.1894,0,1,0.361,17,28,24,81,27,93,15,3.0,1.15,6,0,0.5,0.5,0.0,1
14341113,"Serie B, Group A",10,0,0,1,0.3736,0,1,0.4535,22,26,18,74,27,93,11,2.74,1.26,6,0,0.5,0.5,0.0,1
14341117,"Serie B, Group A",10,1,1,1,0.6863,1,1,0.57,29,21,34,94,27,114,12,3.48,1.21,6,0,0.5,0.5,0.0,2
14341121,"Serie B, Group A",10,1,0,0,0.3806,0,0,0.3898,25,34,21,89,27,105,1,3.3,1.18,6,0,0.5,0.5,0.0,2
14341124,"Serie B, Group A",10,0,0,1,0.4524,0,1,0.4318,21,26,30,94,27,108,26,3.48,1.15,6,0,0.5,0.5,0.0,2
14341126,"Serie B, Group A",10,1,0,0,0.4946,1,1,0.5986,26,20,27,82,27,101,1,3.04,1.23,6,0,0.5,0.5,0.0,2
14341459,"Serie B, Group B",10,1,1,1,0.6899,1,1,0.5531,28,28,36,99,27,118,8,3.67,1.19,6,0,0.5,0.5,0.0,2
14341460,"Serie B, Group B",10,0,1,0,0.529,1,0,0.614,21,20,21,84,27,93,5,3.11,1.11,6,0,0.5,0.5,0.0,1
14341463,"Serie B, Group B",10,0,1,0,0.5678,0,1,0.4031,25,17,26,75,27,91,7,2.78,1.21,6,0,0.5,0.5,0.0,1
14341469,"Serie B, Group B",10,0,1,0,0.6065,0,1,0.3765,30,28,21,85,27,106,26,3.15,1.25,6,0,0.5,0.5,0.0,2
14341841,Serie A2,10,0,1,0,0.5405,1,0,0.6393,26,22,21,77,27,104,12,2.85,1.35,6,0,0.5,0.5,0.0,2
14341842,Serie A2,10,1,0,0,0.4985,1,1,0.5779,25,24,25,79,27,114,14,2.93,1.44,6,0,0.5,0.5,0.0,2
14341844,Serie A2,10,0,0,1,0.2613,0,1,0.3695,22,28,21,80,27,112,4,2.96,1.4,6,0,0.5,0.5,0.0,2
14341845,Serie A2,10,1,0,0,0.3731,0,0,0.3819,21,26,26,83,27,103,1,3.07,1.24,6,0,0.5,0.5,0.0,2
14341847,Serie A2,10,1,0,0,0.4707,1,1,0.5971,25,29,26,85,27,112,20,3.15,1.32,6,0,0.5,0.5,0.0,2
14344010,Lega A Basket,10,0,1,0,0.5118,0,1,0.4597,19,26,28,86,27,106,6,3.19,1.23,6,0,0.5,0.5,0.0,2
14373956,Primera FEB,10,0,1,0,0.6003,0,1,0.4506,25,18,31,80,27,102,2,2.96,1.27,6,0,0.5,0.5,0.0,2
14373959,Primera FEB,10,0,1,0,0.6439,0,1,0.3852,18,29,23,93,27,104,6,3.44,1.12,6,0,0.5,0.5,0.0,2
14381831,Germany BBL,10,1,0,0,0.3206,0,0,0.3405,25,23,27,87,27,108,26,3.22,1.24,6,0,0.5,0.5,0.0,2
14491614,Liga ACB,10,1,0,0,0.4003,1,1,0.5286,22,30,19,76,27,111,5,2.81,1.46,6,0,0.5,0.5,0.0,2
15366293,"Portugal Proliga, Relegation Round",10,1,1,1,0.5123,0,0,0.47,17,26,17,71,27,84,4,2.63,1.18,6,0,0.5,0.5,0.0,1
15706649,SuperSport Premijer Liga,10,0,0,1,0.3265,1,0,0.588,24,20,18,71,27,124,12,2.63,1.75,6,0,0.5,0.5,0.0,2
15926392,"LSB - Estadual Amador, Classificação",10,0,0,1,0.4546,1,0,0.5383,21,19,25,81,27,86,14,3.0,1.06,6,0,0.5,0.5,0.0,1
16005383,"Top Division Women, Play Offs",10,1,1,1,0.7835,1,1,0.7849,26,25,17,72,27,134,46,2.67,1.86,6,0,0.5,0.5,0.0,2
16016877,"Poland 2nd Basketball League, II Runda",10,0,1,0,0.767,0,1,0.4714,22,18,24,79,27,90,4,2.93,1.14,6,0,0.5,0.5,0.0,1
16018301,"Superliga, Women",10,0,0,1,0.2994,0,1,0.4455,23,19,22,74,27,83,5,2.74,1.12,6,0,0.5,0.5,0.0,1
16018579,"Poland 1st Division Basketball, Playoffs",10,1,1,1,0.604,1,1,0.5212,34,29,32,105,27,121,5,3.89,1.15,6,0,0.5,0.5,0.0,2
14428875,Betsafe-LKL,10,1,1,1,0.5613,0,0,0.4369,30,27,32,99,27,123,7,3.67,1.24,6,0,0.5,0.5,0.0,2
14538022,SLB,10,1,1,1,0.5519,1,1,0.5508,28,29,31,102,27,143,3,3.78,1.4,6,0,0.5,0.5,0.0,2
15986007,"1. Division B, Playoffs",10,0,1,0,0.6937,1,0,0.5431,27,27,30,96,27,113,9,3.56,1.18,6,0,0.5,0.5,0.0,2
14605528,Israeli Basketball Super League,10,0,1,0,0.5104,1,0,0.5265,28,23,23,80,27,110,10,2.96,1.38,6,0,0.5,0.5,0.0,2
14341464,"Serie B, Group B",10,1,0,0,0.4609,1,1,0.5082,22,26,20,73,27,106,20,2.7,1.45,6,0,0.5,0.5,0.0,2
14344002,Lega A Basket,10,0,1,0,0.6525,0,1,0.4922,24,33,29,101,27,124,8,3.74,1.23,6,0,0.5,0.5,0.0,2
14491622,Liga ACB,10,1,1,1,0.7263,1,1,0.6197,29,27,35,112,27,109,5,4.15,0.97,6,0,0.5,0.5,0.0,2
15935029,"NBA, Playoffs",12,1,0,0,0.4408,1,1,0.5139,26,36,27,113,27,121,19,4.19,1.07,6,0,0.5,0.5,0.0,2
15968466,"NBL, Playoffs",10,0,1,0,0.5999,1,0,0.5758,27,25,30,98,27,111,3,3.63,1.13,6,0,0.5,0.5,0.0,2
15990825,"ABA Liga, Championship Round",10,1,1,1,0.7761,1,1,0.5293,33,28,32,102,27,131,1,3.78,1.28,6,0,0.5,0.5,0.0,2
16017898,"Emir Cup, Knock-out",10,1,1,1,0.6814,1,1,0.5848,27,29,26,97,27,115,19,3.59,1.19,6,0,0.5,0.5,0.0,2
16031427,"CN1 Basquetebol, 3ª Fase - Meias-Finais Sul",10,1,0,0,0.3808,1,1,0.609,28,24,19,82,27,117,7,3.04,1.43,6,0,0.5,0.5,0.0,2
16031433,A1 Liga,10,1,0,0,0.3728,0,0,0.4153,37,18,18,79,27,103,27,2.93,1.3,6,0,0.5,0.5,0.0,2
14270307,France Pro A,10,0,1,0,0.5968,1,0,0.66,21,28,24,90,27,103,5,3.33,1.14,6,0,0.5,0.5,0.0,2
15366233,"Portugal Proliga, Championship Round",10,0,0,1,0.2198,0,1,0.2746,17,21,22,64,27,76,30,2.37,1.19,6,0,0.5,0.5,0.0,1
15485283,"ABA Liga, Championship Round",10,1,0,0,0.4312,1,1,0.5888,26,29,18,86,27,111,7,3.19,1.29,6,0,0.5,0.5,0.0,2
15690846,Israeli Basketball Super League,10,1,1,1,0.8027,1,1,0.5464,30,26,28,97,27,109,3,3.59,1.12,6,0,0.5,0.5,0.0,2
15982322,Liga Košarkaškog saveza Herceg Bosne - Playoff,10,0,0,1,0.2082,0,1,0.432,24,27,22,84,27,111,3,3.11,1.32,6,0,0.5,0.5,0.0,2
16021967,"Iceland Women's Basketball Premier League, Playoffs",10,0,1,0,0.604,0,1,0.4927,25,25,26,92,27,106,12,3.41,1.15,6,0,0.5,0.5,0.0,2
14624171,Meridianbet KLS,10,0,1,0,0.6435,1,0,0.5704,26,38,24,99,27,128,6,3.67,1.29,6,0,0.5,0.5,0.0,2
15706648,SuperSport Premijer Liga,10,1,0,0,0.4866,0,0,0.4775,25,27,22,86,27,109,5,3.19,1.27,6,0,0.5,0.5,0.0,2
16010612,"Liga Nacional Femenina Chile, Fase regular",10,0,1,0,0.5529,1,0,0.6766,19,30,17,71,27,116,30,2.63,1.63,6,0,0.5,0.5,0.0,2
16018581,"Poland 1st Division Basketball, Playoffs",10,0,1,0,0.5616,1,0,0.6709,20,32,32,101,27,109,13,3.74,1.08,6,0,0.5,0.5,0.0,2
16018896,"Rwanda Basketball League, Regular Season",10,1,1,1,0.6601,1,1,0.6207,28,35,23,99,27,131,3,3.67,1.32,6,0,0.5,0.5,0.0,2
16028343,"Euroleague Women, Playoffs",10,0,1,0,0.5698,1,0,0.5582,22,20,15,63,27,94,8,2.33,1.49,6,0,0.5,0.5,0.0,1
16004204,"1st Division Men, Úrslitakeppni",10,1,0,0,0.4094,1,1,0.5202,30,23,31,95,27,110,16,3.52,1.16,6,0,0.5,0.5,0.0,2
15478500,"LBF, Women",10,0,1,0,0.5011,1,0,0.5329,21,22,22,72,27,86,6,2.67,1.19,6,0,0.5,0.5,0.0,1
16010613,"Liga Nacional Femenina Chile, Fase regular",10,1,0,0,0.3653,1,1,0.5537,19,24,28,81,27,100,16,3.0,1.23,6,0,0.5,0.5,0.0,1
16015561,Colombia LPB,10,0,0,1,0.4174,0,1,0.4189,25,28,34,98,27,119,1,3.63,1.21,6,0,0.5,0.5,0.0,2
15974954,LNB 2,10,1,0,0,0.3905,1,1,0.5144,21,26,20,77,27,107,15,2.85,1.39,6,0,0.5,0.5,0.0,2
15974957,LNB 2,10,0,1,0,0.5067,0,1,0.4796,32,28,29,98,27,115,21,3.63,1.17,6,0,0.5,0.5,0.0,2
15976302,Superliga,10,0,0,1,0.357,0,1,0.4443,27,22,23,85,27,105,3,3.15,1.24,6,0,0.5,0.5,0.0,2
15976303,Superliga,10,1,0,0,0.4908,0,0,0.4875,26,20,32,86,27,108,10,3.19,1.26,6,0,0.5,0.5,0.0,2
15840858,Puerto Rico BSN,10,1,1,1,0.6864,0,0,0.4816,28,27,30,100,27,121,3,3.7,1.21,6,0,0.5,0.5,0.0,2
15840871,Puerto Rico BSN,10,1,1,1,0.517,0,0,0.4555,38,37,37,126,27,146,2,4.67,1.16,6,0,0.5,0.5,0.0,2
15974956,LNB 2,10,0,0,1,0.453,0,1,0.3333,22,22,19,77,27,101,29,2.85,1.31,6,0,0.5,0.5,0.0,2
15981644,Superliga,10,0,0,1,0.4967,1,0,0.5279,32,34,25,108,27,131,11,4.0,1.21,6,0,0.5,0.5,0.0,2
16014403,Colombia LPB,10,0,0,1,0.3426,0,1,0.4059,20,24,26,79,27,110,20,2.93,1.39,6,0,0.5,0.5,0.0,2
15587319,Mexico LNBP Women,10,1,0,0,0.4952,1,1,0.5909,32,21,19,77,27,156,6,2.85,2.03,6,0,0.5,0.5,0.0,3
16005402,"Liga Femenina, Women, Clausura, Playoffs",10,0,0,1,0.4112,1,0,0.5014,21,14,22,62,27,80,18,2.3,1.29,6,0,0.5,0.5,0.0,1
16020347,"Liga Ouro, Quartas",10,1,1,1,0.786,1,1,0.6863,28,29,22,91,27,111,1,3.37,1.22,6,0,0.5,0.5,0.0,2
15265291,Argentina Liga Nacional,10,0,1,0,0.5337,0,1,0.3857,27,19,26,82,27,104,20,3.04,1.27,6,0,0.5,0.5,0.0,2
15951784,"LMB, Apertura",10,0,1,0,0.5561,1,0,0.511,28,24,35,98,27,124,28,3.63,1.27,6,0,0.5,0.5,0.0,2
15951801,"LMB, Apertura",10,0,0,1,0.2685,0,1,0.4433,26,29,23,91,27,114,8,3.37,1.25,6,0,0.5,0.5,0.0,2
16010611,"Liga Nacional Femenina Chile, Fase regular",10,0,1,0,0.5579,0,1,0.3742,23,20,18,67,27,113,19,2.48,1.69,6,0,0.5,0.5,0.0,2
15265292,Argentina Liga Nacional,10,1,0,0,0.4744,1,1,0.658,28,24,24,83,27,111,7,3.07,1.34,6,0,0.5,0.5,0.0,2
15265293,Argentina Liga Nacional,10,1,1,1,0.6726,0,0,0.3937,31,20,23,87,27,99,7,3.22,1.14,6,0,0.5,0.5,0.0,1
15976305,Chile LNB,10,1,1,1,0.747,1,1,0.706,32,28,28,102,27,120,10,3.78,1.18,6,0,0.5,0.5,0.0,2
16005401,"Liga Femenina, Women, Clausura, Playoffs",10,1,1,1,0.7515,1,1,0.6233,18,14,16,58,27,76,4,2.15,1.31,6,0,0.5,0.5,0.0,1
14967197,China CBA,10,0,1,0,0.6554,1,0,0.528,27,23,27,82,27,101,31,3.04,1.23,6,0,0.5,0.5,0.0,2
14967199,China CBA,10,1,1,1,0.6576,1,1,0.5292,22,36,36,109,27,125,1,4.04,1.15,6,0,0.5,0.5,0.0,2
14967200,China CBA,10,1,1,1,0.742,1,1,0.6434,31,31,27,97,27,133,13,3.59,1.37,6,0,0.5,0.5,0.0,2
14967201,China CBA,10,1,1,1,0.7139,1,1,0.5529,31,30,28,99,27,131,23,3.67,1.32,6,0,0.5,0.5,0.0,2
14967202,China CBA,10,1,0,0,0.3403,0,0,0.4815,31,37,29,115,27,127,1,4.26,1.1,6,0,0.5,0.5,0.0,2
14967203,China CBA,10,1,1,1,0.8522,1,1,0.6926,33,27,31,98,27,127,9,3.63,1.3,6,0,0.5,0.5,0.0,2
15180650,Indonesian Basketball League,10,0,0,1,0.4692,1,0,0.5829,27,23,26,85,27,117,17,3.15,1.38,6,0,0.5,0.5,0.0,2
15943155,Israeli National League Basketball,10,1,0,0,0.4095,0,0,0.3986,27,30,17,87,27,148,0,3.22,1.7,6,0,0.5,0.5,0.0,2
16022641,"Israeli Women Basketball Premier League, Playoffs",10,0,1,0,0.5604,1,0,0.5481,16,22,22,68,27,94,8,2.52,1.38,6,0,0.5,0.5,0.0,1
15485322,"ABA Liga, Relegation Round",10,0,1,0,0.5563,1,0,0.6036,25,35,29,104,27,126,4,3.85,1.21,6,0,0.5,0.5,0.0,2
15566047,1. A SKL,10,1,1,1,0.6048,0,0,0.4339,25,32,26,88,27,113,3,3.26,1.28,6,0,0.5,0.5,0.0,2
15874966,United League,10,1,0,0,0.4402,1,1,0.5916,28,26,20,83,27,108,8,3.07,1.3,6,0,0.5,0.5,0.0,2
15986157,"Premier League, Women, Playoffs",10,0,0,1,0.2964,0,1,0.4529,22,27,29,88,27,106,4,3.26,1.2,6,0,0.5,0.5,0.0,2
16013848,"Korisliiga, Women, Playoffs",10,0,1,0,0.7184,1,0,0.5993,18,24,16,65,27,80,0,2.41,1.23,6,0,0.5,0.5,0.0,1
15665870,Bulgaria NBL,10,0,0,1,0.3803,1,0,0.5235,33,27,28,99,27,126,2,3.67,1.27,6,0,0.5,0.5,0.0,2
15665874,Bulgaria NBL,10,1,1,1,0.8032,1,1,0.6644,32,33,35,112,27,137,1,4.15,1.22,6,0,0.5,0.5,0.0,2
16009637,"Tipos SBL, Playoffs",10,0,0,1,0.4638,0,1,0.4152,25,27,42,109,27,120,14,4.04,1.1,6,0,0.5,0.5,0.0,2
16013011,"ZBL, Playoffs",10,1,0,0,0.4963,0,0,0.4575,32,31,28,99,27,123,21,3.67,1.24,6,0,0.5,0.5,0.0,2
15665871,Bulgaria NBL,10,1,1,1,0.8558,1,1,0.5846,25,20,23,73,27,105,1,2.7,1.44,6,0,0.5,0.5,0.0,2
15485316,"ABA Liga, Relegation Round",10,1,0,0,0.3102,0,0,0.4892,25,28,27,92,27,112,8,3.41,1.22,6,0,0.5,0.5,0.0,2
15592141,"Basketligaen, Championship round",10,0,1,0,0.5219,0,1,0.4383,25,22,28,82,27,111,13,3.04,1.35,6,0,0.5,0.5,0.0,2
15592142,"Basketligaen, Championship round",10,1,1,1,0.5626,1,1,0.6003,22,19,29,81,27,98,28,3.0,1.21,6,0,0.5,0.5,0.0,1
16018570,"Poland 1st Division Basketball, Playoffs",10,1,1,1,0.7473,1,1,0.5576,25,33,28,101,27,119,11,3.74,1.18,6,0,0.5,0.5,0.0,2
14024434,BNXT League,10,1,1,1,0.7335,1,1,0.6641,27,29,29,92,27,118,18,3.41,1.28,6,0,0.5,0.5,0.0,2
14381834,Germany BBL,10,0,0,1,0.4455,0,1,0.4619,30,22,27,85,27,110,22,3.15,1.29,6,0,0.5,0.5,0.0,2
14381882,Germany BBL,10,0,1,0,0.5276,1,0,0.543,22,33,29,96,27,121,17,3.56,1.26,6,0,0.5,0.5,0.0,2
16023431,"A1 Women, Playoffs",10,0,1,0,0.7082,1,0,0.6488,23,22,14,66,27,95,5,2.44,1.44,6,0,0.5,0.5,0.0,1
14341461,"Serie B, Group B",10,0,0,1,0.2777,0,1,0.4435,23,20,23,78,27,99,5,2.89,1.27,6,0,0.5,0.5,0.0,1
14341462,"Serie B, Group B",10,0,0,1,0.3861,1,0,0.5074,16,24,24,71,27,97,17,2.63,1.37,6,0,0.5,0.5,0.0,1
16021969,"Iceland Women's Basketball Premier League, Playoffs",10,1,1,1,0.6687,1,1,0.6252,23,19,28,76,27,99,13,2.81,1.3,6,0,0.5,0.5,0.0,1
15939320,"LNB, Apertura",10,0,0,1,0.3838,1,0,0.5502,20,21,22,67,27,87,19,2.48,1.3,6,0,0.5,0.5,0.0,1
16005408,"Liga Argentina, Playoffs",10,1,1,1,0.5147,1,1,0.5287,22,20,28,81,27,91,11,3.0,1.12,6,0,0.5,0.5,0.0,1
16005409,"Liga Argentina, Playoffs",10,0,0,1,0.3115,0,1,0.493,21,18,19,69,27,86,10,2.56,1.25,6,0,0.5,0.5,0.0,1
15976306,Chile LNB,10,0,0,1,0.4947,1,0,0.5248,27,27,31,98,27,123,3,3.63,1.26,6,0,0.5,0.5,0.0,2
16005410,"Liga Argentina, Playoffs",10,0,0,1,0.2649,0,1,0.471,20,24,24,76,27,104,18,2.81,1.37,6,0,0.5,0.5,0.0,2
16014400,Colombia LPB,10,0,1,0,0.5805,1,0,0.6117,25,21,34,94,27,117,1,3.48,1.24,6,0,0.5,0.5,0.0,2
15951785,"LMB, Apertura",10,1,1,1,0.5829,1,1,0.5204,17,19,25,67,27,127,39,2.48,1.9,6,0,0.5,0.5,0.0,2
15967865,"LNB, Women, Playouts",10,0,0,1,0.428,0,1,0.4527,21,15,25,64,27,89,1,2.37,1.39,6,0,0.5,0.5,0.0,1
15656685,PBA Commissioner's Cup,12,0,0,1,0.4526,0,1,0.3974,25,27,33,106,27,126,20,3.93,1.19,6,0,0.5,0.5,0.0,2
15967862,"LNB, Women, Playouts",10,0,0,1,0.395,0,1,0.3373,23,25,16,70,27,89,29,2.59,1.27,6,0,0.5,0.5,0.0,1
16031346,"FBU Superleague, Playoffs",10,0,1,0,0.5595,1,0,0.5576,28,17,22,76,27,98,14,2.81,1.29,6,0,0.5,0.5,0.0,1
16043170,U19 ABA League,10,1,1,1,0.6784,1,1,0.5384,28,26,19,81,27,102,6,3.0,1.26,6,0,0.5,0.5,0.0,2
15656993,"Champions League Asia-East, Group B",10,1,1,1,0.539,1,1,0.5663,30,21,24,83,27,117,7,3.07,1.41,6,0,0.5,0.5,0.0,2
16044447,MPBL,10,1,1,1,0.7373,1,1,0.6468,20,21,19,68,27,88,8,2.52,1.29,6,0,0.5,0.5,0.0,1
16043171,U19 ABA League,10,1,1,1,0.5845,1,1,0.5932,22,33,22,91,27,115,33,3.37,1.26,6,0,0.5,0.5,0.0,2
15986163,"Premier League, Women, Playoffs",10,0,1,0,0.685,1,0,0.6358,21,21,19,66,27,93,7,2.44,1.41,6,0,0.5,0.5,0.0,1
16033356,"Brazil NBB, Playoffs",10,0,0,1,0.3245,1,0,0.5661,26,26,27,91,27,104,14,3.37,1.14,6,0,0.5,0.5,0.0,2
16044539,"Egyptian Basketball Super League, Regular Season",10,1,1,1,0.5617,1,1,0.6028,22,22,21,71,27,97,5,2.63,1.37,6,0,0.5,0.5,0.0,1
14554321,U21 Espoirs Elite,10,0,0,1,0.4331,1,0,0.6028,25,24,40,94,27,115,27,3.48,1.22,6,0,0.5,0.5,0.0,2
16033362,"Brazil NBB, Playoffs",10,1,1,1,0.5594,1,1,0.5224,27,32,28,97,27,116,12,3.59,1.2,6,0,0.5,0.5,0.0,2
14554328,U21 Espoirs Elite,10,1,1,1,0.5464,1,1,0.6366,36,18,23,86,27,123,33,3.19,1.43,6,0,0.5,0.5,0.0,2
15566048,1. A SKL,10,0,1,0,0.7129,1,0,0.5476,20,27,34,92,27,110,20,3.41,1.2,6,0,0.5,0.5,0.0,2
16035862,"NBL, Playoff",10,1,0,0,0.4042,0,0,0.4644,26,21,20,81,27,101,9,3.0,1.25,6,0,0.5,0.5,0.0,2
15985957,"Korisliiga, Playoffs",10,1,1,1,0.5581,1,1,0.6548,38,24,36,111,27,139,5,4.11,1.25,6,0,0.5,0.5,0.0,2
16007821,"Hungary NB 1.A, Playoffs",10,1,1,1,0.5529,1,1,0.5387,30,29,33,98,27,123,11,3.63,1.26,6,0,0.5,0.5,0.0,2
16017396,"1. Division A, Playoffs",10,0,1,0,0.6056,1,0,0.5343,30,23,28,91,27,113,5,3.37,1.24,6,0,0.5,0.5,0.0,2
16030446,"Finland Division 1A Women, Playoffs",10,1,1,1,0.6351,1,1,0.5545,19,19,19,61,27,88,20,2.26,1.44,6,0,0.5,0.5,0.0,1
14428877,Betsafe-LKL,10,1,1,1,0.5073,1,1,0.6376,26,26,28,89,27,107,15,3.3,1.2,6,0,0.5,0.5,0.0,2
15909031,"1. liga, Women, play-off",10,1,0,0,0.42,1,1,0.5442,21,19,21,72,27,75,9,2.67,1.04,6,0,0.5,0.5,0.0,1
15952412,"Extraliga, Women, Playoffs",10,0,0,1,0.1318,0,1,0.3058,15,12,24,55,27,67,17,2.04,1.22,6,0,0.5,0.5,0.0,1
15975479,"Super League, Championship Round",10,0,1,0,0.7344,1,0,0.5815,27,30,30,96,27,120,22,3.56,1.25,6,0,0.5,0.5,0.0,2
16007822,"Hungary NB 1.A, Playoffs",10,0,0,1,0.322,0,1,0.3657,32,28,32,97,27,124,28,3.59,1.28,6,0,0.5,0.5,0.0,2
16013015,"ZBL, Playoffs",10,1,1,1,0.5102,0,0,0.4603,23,25,19,75,27,94,12,2.78,1.25,6,0,0.5,0.5,0.0,1
16015600,"Tipos SBL, Playoffs",10,1,1,1,0.6563,1,1,0.5284,27,32,35,108,27,118,12,4.0,1.09,6,0,0.5,0.5,0.0,2
15592168,"Basketligaen, Placement round",10,1,1,1,0.6443,0,0,0.4896,29,23,22,82,27,122,14,3.04,1.49,6,0,0.5,0.5,0.0,2
15597965,"Nationale 1, Relegation Round",10,0,0,1,0.3098,0,1,0.3601,21,31,22,79,27,117,25,2.93,1.48,6,0,0.5,0.5,0.0,2
15982351,"Cyprus Basketball Division A, Playoffs",10,0,0,1,0.3859,0,1,0.4119,23,24,23,86,27,132,4,3.19,1.53,6,0,0.5,0.5,0.0,2
16007835,"Hungary NB 1.A, Playoffs",10,1,0,0,0.211,0,0,0.4172,24,32,24,92,27,109,5,3.41,1.18,6,0,0.5,0.5,0.0,2
16007829,"Hungary NB 1.A, Playoffs",10,1,0,0,0.3951,0,0,0.4144,25,24,23,82,27,108,14,3.04,1.32,6,0,0.5,0.5,0.0,2
16017302,"Swedish Basketball Superettan, Playoffs",10,1,1,1,0.5728,1,1,0.5664,24,32,31,102,27,117,15,3.78,1.15,6,0,0.5,0.5,0.0,2
16021973,"Swedish Basketball League Women, Playoffs",10,1,1,1,0.6188,1,1,0.634,16,22,27,78,27,95,27,2.89,1.22,6,0,0.5,0.5,0.0,1
16036895,"Swedish Basketball League, Playoffs",10,0,1,0,0.7154,1,0,0.5889,23,31,22,91,27,123,5,3.37,1.35,6,0,0.5,0.5,0.0,2
15974963,"Switzerland LNA, Playoffs",10,0,0,1,0.4593,1,0,0.5785,33,29,30,105,27,116,14,3.89,1.1,6,0,0.5,0.5,0.0,2
15974966,"Switzerland LNA, Playoffs",10,1,1,1,0.7019,1,1,0.7228,25,33,33,101,27,122,38,3.74,1.21,6,0,0.5,0.5,0.0,2
16040109,Liga e Parë,10,0,0,1,0.4431,0,1,0.4987,31,29,28,101,27,124,4,3.74,1.23,6,0,0.5,0.5,0.0,2
14272596,Élite 2,10,1,0,0,0.3867,0,0,0.4043,31,26,20,85,27,114,30,3.15,1.34,6,0,0.5,0.5,0.0,2
14272597,Élite 2,10,1,1,1,0.7043,1,1,0.5735,24,23,25,84,27,98,4,3.11,1.17,6,0,0.5,0.5,0.0,1
14272598,Élite 2,10,0,0,1,0.4205,0,1,0.4822,28,27,20,85,27,111,5,3.15,1.31,6,0,0.5,0.5,0.0,2
14272599,Élite 2,10,1,1,1,0.7202,1,1,0.5854,21,33,29,93,27,111,9,3.44,1.19,6,0,0.5,0.5,0.0,2
14272601,Élite 2,10,1,0,0,0.4169,0,0,0.4911,26,25,30,102,27,116,2,3.78,1.14,6,0,0.5,0.5,0.0,2
14272603,Élite 2,10,1,1,1,0.5354,1,1,0.5864,19,23,27,82,27,108,6,3.04,1.32,6,0,0.5,0.5,0.0,2
14373961,Primera FEB,10,1,0,0,0.4411,0,0,0.4162,24,28,28,100,27,121,9,3.7,1.21,6,0,0.5,0.5,0.0,2
15485286,"ABA Liga, Championship Round",10,0,1,0,0.6244,0,1,0.4888,28,25,26,87,27,103,15,3.22,1.18,6,0,0.5,0.5,0.0,2
15597858,"Nationale 1, Promotion Round",10,0,0,1,0.3607,1,0,0.5984,19,32,20,82,27,99,23,3.04,1.21,6,0,0.5,0.5,0.0,1
15597868,"Nationale 1, Promotion Round",10,1,1,1,0.6785,1,1,0.5467,19,28,24,85,27,99,1,3.15,1.16,6,0,0.5,0.5,0.0,1
15597869,"Nationale 1, Promotion Round",10,0,1,0,0.5703,1,0,0.6147,26,31,22,87,27,120,4,3.22,1.38,6,0,0.5,0.5,0.0,2
15597871,"Nationale 1, Promotion Round",10,0,0,1,0.48,0,1,0.3874,31,35,24,112,27,124,4,4.15,1.11,6,0,0.5,0.5,0.0,2
15597873,"Nationale 1, Promotion Round",10,0,1,0,0.6031,1,0,0.6605,19,20,28,82,27,87,5,3.04,1.06,6,0,0.5,0.5,0.0,1
15597963,"Nationale 1, Relegation Round",10,1,1,1,0.5087,0,0,0.4636,21,30,27,87,27,108,0,3.22,1.24,6,0,0.5,0.5,0.0,2
15597966,"Nationale 1, Relegation Round",10,0,0,1,0.36,0,1,0.4761,22,26,36,98,27,117,11,3.63,1.19,6,0,0.5,0.5,0.0,2
15597969,"Nationale 1, Relegation Round",10,0,0,1,0.3944,0,1,0.4008,27,28,21,89,27,102,10,3.3,1.15,6,0,0.5,0.5,0.0,2
15597971,"Nationale 1, Relegation Round",10,1,1,1,0.5647,0,0,0.4052,29,30,16,84,27,110,8,3.11,1.31,6,0,0.5,0.5,0.0,2
15756474,"Nationale 1, Relegation Round",10,0,0,1,0.3724,0,1,0.491,22,35,23,91,27,122,8,3.37,1.34,6,0,0.5,0.5,0.0,2
15923104,"Euroleague, Play-in",10,0,1,0,0.7562,1,0,0.5751,26,30,23,90,27,147,7,3.33,1.63,6,0,0.5,0.5,0.0,2
14128915,Polish Basketball League,10,1,0,0,0.4771,0,0,0.4572,40,30,29,109,27,125,9,4.04,1.15,6,0,0.5,0.5,0.0,2
16043173,U19 ABA League,10,0,1,0,0.5614,1,0,0.5157,31,29,22,92,27,118,12,3.41,1.28,6,0,0.5,0.5,0.0,2
14272595,Élite 2,10,1,1,1,0.6092,1,1,0.5148,26,23,20,84,27,95,21,3.11,1.13,6,0,0.5,0.5,0.0,1
14272600,Élite 2,10,0,0,1,0.3888,0,1,0.4284,31,33,32,109,27,133,3,4.04,1.22,6,0,0.5,0.5,0.0,2
15597864,"Nationale 1, Promotion Round",10,1,1,1,0.5444,1,1,0.6228,24,27,24,81,27,105,11,3.0,1.3,6,0,0.5,0.5,0.0,2
15597967,"Nationale 1, Relegation Round",10,1,0,0,0.3903,0,0,0.4389,23,25,27,82,27,117,7,3.04,1.43,6,0,0.5,0.5,0.0,2
15886384,SLB,10,1,0,0,0.458,0,0,0.4446,28,29,28,93,27,114,6,3.44,1.23,6,0,0.5,0.5,0.0,2
16040891,"Top Division Women, Play Offs",10,1,0,0,0.491,0,0,0.4894,27,22,19,79,27,94,6,2.93,1.19,6,0,0.5,0.5,0.0,1
14373967,Primera FEB,10,1,1,1,0.5668,0,0,0.4293,28,26,36,102,27,124,14,3.78,1.22,6,0,0.5,0.5,0.0,2
15923102,"Euroleague, Play-in",10,0,1,0,0.6312,0,1,0.4739,26,16,20,76,27,106,20,2.81,1.39,6,0,0.5,0.5,0.0,2
16020349,"Liga Ouro, Quartas",10,1,1,1,0.7265,1,1,0.6397,20,28,18,74,27,103,3,2.74,1.39,6,0,0.5,0.5,0.0,2
15478494,"LBF, Women",10,0,0,1,0.2445,0,1,0.4362,17,19,22,67,27,76,12,2.48,1.13,6,0,0.5,0.5,0.0,1
15844847,"Campeonato Nacional da 1ª Divisao Feminina, 2ª Fase - Grupo Manutenção Sul",10,0,1,0,0.5538,0,1,0.4578,23,16,25,69,27,112,8,2.56,1.62,6,0,0.5,0.5,0.0,2
16033358,"Brazil NBB, Playoffs",10,1,1,1,0.7401,1,1,0.6241,28,39,29,105,27,143,3,3.89,1.36,6,0,0.5,0.5,0.0,2
16014401,Colombia LPB,10,1,1,1,0.5787,0,0,0.4909,28,34,25,102,27,135,3,3.78,1.32,6,0,0.5,0.5,0.0,2
15976293,Superliga,10,0,0,1,0.441,1,0,0.619,33,30,26,98,27,123,9,3.63,1.26,6,0,0.5,0.5,0.0,2
15976294,Superliga,10,1,0,0,0.4755,0,0,0.4993,18,22,25,70,27,89,11,2.59,1.27,6,0,0.5,0.5,0.0,1
15976300,Superliga,10,0,0,1,0.2183,0,1,0.4402,19,23,28,79,27,101,13,2.93,1.28,6,0,0.5,0.5,0.0,2
16005414,"Liga Argentina, Playoffs",10,1,1,1,0.7193,1,1,0.5237,23,27,21,86,27,108,12,3.19,1.26,6,0,0.5,0.5,0.0,2
16033361,"Brazil NBB, Playoffs",10,0,0,1,0.3865,1,0,0.526,17,24,28,81,27,96,10,3.0,1.19,6,0,0.5,0.5,0.0,1
15840864,Puerto Rico BSN,10,0,0,1,0.459,1,0,0.6017,27,37,24,105,27,132,0,3.89,1.26,6,0,0.5,0.5,0.0,2
16005411,"Liga Argentina, Playoffs",10,1,1,1,0.5801,1,1,0.5315,21,27,30,85,27,109,9,3.15,1.28,6,0,0.5,0.5,0.0,2
16005412,"Liga Argentina, Playoffs",10,0,1,0,0.5163,1,0,0.5227,21,16,19,63,27,112,14,2.33,1.78,6,0,0.5,0.5,0.0,2
16005413,"Liga Argentina, Playoffs",10,1,1,1,0.5721,0,0,0.4773,20,18,22,66,27,80,2,2.44,1.21,6,0,0.5,0.5,0.0,1
15951799,"LMB, Apertura",10,1,1,1,0.5425,0,0,0.4684,31,20,19,77,27,102,30,2.85,1.32,6,0,0.5,0.5,0.0,2
16041744,"CIBACOPA , Segunda Vuelta",10,0,1,0,0.6268,1,0,0.6527,33,39,35,118,27,159,13,4.37,1.35,6,0,0.5,0.5,0.0,3
16041746,"CIBACOPA , Segunda Vuelta",10,0,1,0,0.7558,1,0,0.5557,28,31,45,120,27,138,4,4.44,1.15,6,0,0.5,0.5,0.0,2
15656687,PBA Commissioner's Cup,12,0,1,0,0.6941,1,0,0.6001,25,25,46,123,27,135,11,4.56,1.1,6,0,0.5,0.5,0.0,2
16050803,U19 ABA League,10,0,1,0,0.6842,1,0,0.5495,24,28,24,91,27,110,2,3.37,1.21,6,0,0.5,0.5,0.0,2
14620869,B1 League,10,0,1,0,0.7275,1,0,0.5649,17,24,20,78,27,86,4,2.89,1.1,6,0,0.5,0.5,0.0,1
14620872,B1 League,10,0,0,1,0.4581,1,0,0.6365,23,25,19,76,27,101,13,2.81,1.33,6,0,0.5,0.5,0.0,2
14620873,B1 League,10,1,1,1,0.561,0,0,0.4138,23,26,20,80,27,95,9,2.96,1.19,6,0,0.5,0.5,0.0,1
14620875,B1 League,10,0,0,1,0.2745,1,0,0.5131,20,30,24,82,27,122,24,3.04,1.49,6,0,0.5,0.5,0.0,2
14620876,B1 League,10,1,1,1,0.7608,1,1,0.6307,28,38,29,104,27,128,2,3.85,1.23,6,0,0.5,0.5,0.0,2
14620877,B1 League,10,1,1,1,0.6753,0,0,0.4839,21,26,25,82,27,113,11,3.04,1.38,6,0,0.5,0.5,0.0,2
14620879,B1 League,10,1,1,1,0.5288,1,1,0.6366,23,35,27,95,27,121,9,3.52,1.27,6,0,0.5,0.5,0.0,2
15180655,Indonesian Basketball League,10,1,0,0,0.3311,0,0,0.3999,22,35,30,94,27,119,25,3.48,1.27,6,0,0.5,0.5,0.0,2
16012632,"Women's National Basketball League, Regular Season",10,1,1,1,0.5405,1,1,0.6259,16,19,13,53,27,68,12,1.96,1.28,6,0,0.5,0.5,0.0,1
16050804,U19 ABA League,10,0,1,0,0.5178,0,1,0.4692,26,22,25,79,27,94,14,2.93,1.19,6,0,0.5,0.5,0.0,1
16012625,"Women's National Basketball League, Regular Season",10,0,0,1,0.427,0,1,0.4711,12,23,17,63,27,77,17,2.33,1.22,6,0,0.5,0.5,0.0,1
15665390,"Portugal Proliga, Championship Round",10,1,0,0,0.3921,0,0,0.4115,22,19,22,70,27,94,16,2.59,1.34,6,0,0.5,0.5,0.0,1
14554327,U21 Espoirs Elite,10,0,0,1,0.4425,0,1,0.4553,32,28,24,90,27,125,27,3.33,1.39,6,0,0.5,0.5,0.0,2
15902153,Jedinstvena kadetska liga,10,0,0,1,0.4102,0,1,0.4658,35,29,29,107,27,124,24,3.96,1.16,6,0,0.5,0.5,0.0,2
14441769,United League,10,1,1,1,0.5546,1,1,0.6312,23,20,26,79,27,87,13,2.93,1.1,6,0,0.5,0.5,0.0,1
15925679,Stoiximan GBL,10,1,0,0,0.496,1,1,0.6485,27,26,22,86,27,116,10,3.19,1.35,6,0,0.5,0.5,0.0,2
15981646,"Super League, Championship Round",10,0,1,0,0.5726,0,1,0.4612,26,42,29,112,27,133,27,4.15,1.19,6,0,0.5,0.5,0.0,2
16038482,"Superleague, Rel/Prom Playoffs",10,1,1,1,0.6669,0,0,0.4567,24,29,28,88,27,118,22,3.26,1.34,6,0,0.5,0.5,0.0,2
16052797,"Azerbaijan Basketball League, PLAY OFF 1/2",10,1,1,1,0.8023,1,1,0.6103,31,31,20,89,27,123,11,3.3,1.38,6,0,0.5,0.5,0.0,2
14419305,Betsafe-LKL,10,1,1,1,0.6561,1,1,0.5972,23,32,31,95,27,118,10,3.52,1.24,6,0,0.5,0.5,0.0,2
16050801,U19 ABA League,10,0,1,0,0.6281,1,0,0.5353,33,32,24,95,27,126,0,3.52,1.33,6,0,0.5,0.5,0.0,2
16019834,Betsafe-LKL,10,1,1,1,0.616,1,1,0.6965,37,17,22,86,27,113,15,3.19,1.31,6,0,0.5,0.5,0.0,2
14441768,United League,10,1,1,1,0.6648,1,1,0.5912,24,20,18,70,27,100,14,2.59,1.43,6,0,0.5,0.5,0.0,1
15684758,"NB I, Women, Relegation Round",10,0,1,0,0.6515,1,0,0.6497,31,29,26,102,27,126,10,3.78,1.24,6,0,0.5,0.5,0.0,2
15952411,"Extraliga, Women, Playoffs",10,1,0,0,0.4668,0,0,0.4961,17,23,29,79,27,83,17,2.93,1.05,6,0,0.5,0.5,0.0,1
15979222,"Hungary Divison A Women, Playoffs",10,0,0,1,0.158,0,1,0.4157,21,21,15,58,27,94,26,2.15,1.62,6,0,0.5,0.5,0.0,1
15981643,"Super League, Relegation Round",10,1,0,0,0.4411,1,1,0.5875,23,30,29,89,27,123,9,3.3,1.38,6,0,0.5,0.5,0.0,2
16007820,"Hungary NB 1.A, Relegation Round",10,1,1,1,0.6014,1,1,0.6161,26,30,23,97,27,119,7,3.59,1.23,6,0,0.5,0.5,0.0,2
16007839,"Hungary NB 1.A, Relegation Round",10,1,0,0,0.4827,1,1,0.6375,36,31,30,109,27,129,9,4.04,1.18,6,0,0.5,0.5,0.0,2
16011824,"Hungary NB 1.A, Relegation Round",10,1,1,1,0.7725,1,1,0.6463,24,27,27,87,27,107,3,3.22,1.23,6,0,0.5,0.5,0.0,2
16013012,"ZBL, Playoffs",10,0,1,0,0.503,1,0,0.5278,24,24,23,79,27,97,25,2.93,1.23,6,0,0.5,0.5,0.0,1
16035863,"NBL, Playoff",10,1,0,0,0.451,0,0,0.4221,22,21,28,82,27,107,3,3.04,1.3,6,0,0.5,0.5,0.0,2
16037375,"1. Liga, Playoffs",10,1,1,1,0.706,1,1,0.6274,23,18,25,83,27,100,8,3.07,1.2,6,0,0.5,0.5,0.0,1
16042405,"Super League, Playoffs",10,1,0,0,0.404,0,0,0.459,19,22,25,79,27,80,16,2.93,1.01,6,0,0.5,0.5,0.0,1
16044448,"1. Division, Women, Playoffs",10,0,1,0,0.6037,0,1,0.4746,21,23,30,87,27,101,1,3.22,1.16,6,0,0.5,0.5,0.0,2
16045252,United League,10,1,1,1,0.6475,1,1,0.6417,27,22,25,82,27,111,27,3.04,1.35,6,0,0.5,0.5,0.0,2
14381860,Germany BBL,10,0,0,1,0.4919,1,0,0.5117,20,38,28,97,27,116,4,3.59,1.2,6,0,0.5,0.5,0.0,2
14441775,United League,10,1,0,0,0.2264,1,1,0.5166,25,20,26,78,27,106,18,2.89,1.36,6,0,0.5,0.5,0.0,2
16007922,"Sparkasse Prva Liga Zeni, Play off",10,1,1,1,0.5016,1,1,0.5162,30,24,16,81,27,104,14,3.0,1.28,6,0,0.5,0.5,0.0,2
16040710,Estonian National Women's Basketball League,10,0,1,0,0.6458,1,0,0.546,13,20,12,48,27,62,6,1.78,1.29,6,0,0.5,0.5,0.0,1
16042406,"NBL, Playoffs",10,1,1,1,0.6622,1,1,0.6084,30,26,22,84,27,118,0,3.11,1.4,6,0,0.5,0.5,0.0,2
14441767,United League,10,1,1,1,0.576,1,1,0.6499,26,34,27,99,27,124,14,3.67,1.25,6,0,0.5,0.5,0.0,2
15684748,"NB I, Women, Relegation Round",10,0,1,0,0.761,1,0,0.6254,21,16,21,67,27,83,23,2.48,1.24,6,0,0.5,0.5,0.0,1
15975478,"Super League, Relegation Round",10,1,0,0,0.3882,0,0,0.4822,28,23,30,91,27,114,14,3.37,1.25,6,0,0.5,0.5,0.0,2
15979551,"Hungary Divison A Women, Placement Matches",10,1,1,1,0.7118,0,0,0.437,31,26,28,92,27,114,6,3.41,1.24,6,0,0.5,0.5,0.0,2
15982352,"Cyprus Basketball Division A, Playoffs",10,0,1,0,0.5297,0,1,0.4746,26,24,28,89,27,109,9,3.3,1.22,6,0,0.5,0.5,0.0,2
15986169,"Austrian Basketball Superliga, Playoffs",10,0,1,0,0.6917,1,0,0.501,30,26,23,90,27,119,3,3.33,1.32,6,0,0.5,0.5,0.0,2
16012775,"Austrian Basketball Superliga, Playoffs",10,1,1,1,0.5371,1,1,0.5577,25,23,32,96,27,104,6,3.56,1.08,6,0,0.5,0.5,0.0,2
16017308,"Swedish Basketball Superettan, Playoffs",10,1,1,1,0.6983,1,1,0.6286,28,22,24,80,27,105,1,2.96,1.31,6,0,0.5,0.5,0.0,2
15974970,"Switzerland LNA, Playoffs",10,1,1,1,0.5948,1,1,0.673,19,23,32,82,27,100,6,3.04,1.22,6,0,0.5,0.5,0.0,1
16022639,"Superliga, Playoffs",10,1,1,1,0.6883,1,1,0.6307,18,26,21,71,27,131,1,2.63,1.85,6,0,0.5,0.5,0.0,2
14373965,Primera FEB,10,1,1,1,0.6963,1,1,0.5653,28,22,25,81,27,101,9,3.0,1.25,6,0,0.5,0.5,0.0,2
16043069,Liga Košarkaškog saveza Herceg Bosne - Playoff,10,0,0,1,0.4936,1,0,0.6277,19,25,23,74,27,89,9,2.74,1.2,6,0,0.5,0.5,0.0,1
16050802,U19 ABA League,10,0,0,1,0.4422,1,0,0.5555,30,25,32,95,27,119,13,3.52,1.25,6,0,0.5,0.5,0.0,2
14341440,"Serie B, Group B",10,0,0,1,0.3347,1,0,0.5315,23,28,33,101,27,99,17,3.74,0.98,6,0,0.5,0.5,0.0,1
14373966,Primera FEB,10,0,0,1,0.3799,1,0,0.5054,24,22,27,79,27,131,11,2.93,1.66,6,0,0.5,0.5,0.0,2
14373968,Primera FEB,10,1,0,0,0.4352,1,1,0.5821,27,22,20,81,27,115,13,3.0,1.42,6,0,0.5,0.5,0.0,2
14373969,Primera FEB,10,0,1,0,0.5391,1,0,0.5466,24,29,25,89,27,114,2,3.3,1.28,6,0,0.5,0.5,0.0,2
15981668,"Super League, Relegation Round",10,1,0,0,0.4232,1,1,0.5311,21,23,40,93,27,106,8,3.44,1.14,6,0,0.5,0.5,0.0,2
15981700,"Swiss Basketball League Women, Playoffs",10,1,1,1,0.5074,1,1,0.5649,28,28,24,92,27,118,0,3.41,1.28,6,0,0.5,0.5,0.0,2
16016199,"ABA League 2, Playoffs",10,1,1,1,0.5628,1,1,0.5312,29,27,18,86,27,119,3,3.19,1.38,6,0,0.5,0.5,0.0,2
14373962,Primera FEB,10,1,0,0,0.4582,1,1,0.6336,21,19,29,82,27,102,12,3.04,1.24,6,0,0.5,0.5,0.0,2
16008117,"Serie B, Group B",10,0,0,1,0.434,0,1,0.485,20,21,23,86,27,98,12,3.19,1.14,6,0,0.5,0.5,0.0,1
16037847,"Iceland Basketball Premier League, Playoffs",10,1,1,1,0.7199,1,1,0.5904,17,23,28,75,27,106,2,2.78,1.41,6,0,0.5,0.5,0.0,2
16016878,Colombia LPB,10,1,1,1,0.595,0,0,0.4119,21,16,16,62,27,89,11,2.3,1.44,6,0,0.5,0.5,0.0,1
16033364,"Brazil NBB, Playoffs",10,1,0,0,0.427,1,1,0.5301,27,26,30,89,27,119,7,3.3,1.34,6,0,0.5,0.5,0.0,2
15478503,"LBF, Women",10,1,0,0,0.4282,0,0,0.4136,23,19,19,65,27,84,22,2.41,1.29,6,0,0.5,0.5,0.0,1
15478504,"LBF, Women",10,1,1,1,0.5481,1,1,0.5289,19,16,23,65,27,91,7,2.41,1.4,6,0,0.5,0.5,0.0,1
16029431,"Liga Argentina, Playoffs",10,1,1,1,0.6919,1,1,0.512,25,31,32,92,27,138,14,3.41,1.5,6,0,0.5,0.5,0.0,2
16044315,"Liga Argentina, Playoffs",10,1,0,0,0.4795,0,0,0.4634,32,29,19,93,27,130,6,3.44,1.4,6,0,0.5,0.5,0.0,2
16050822,Chile LNB,10,1,1,1,0.6755,1,1,0.5666,30,20,18,76,27,98,14,2.81,1.29,6,0,0.5,0.5,0.0,1
16050825,Chile LNB,10,0,1,0,0.5295,1,0,0.5599,30,24,28,96,27,99,3,3.56,1.03,6,0,0.5,0.5,0.0,1
15587320,Mexico LNBP Women,10,0,1,0,0.5093,1,0,0.5651,26,31,24,94,27,154,14,3.48,1.64,6,0,0.5,0.5,0.0,3
16041748,"CIBACOPA , Segunda Vuelta",10,1,0,0,0.4826,0,0,0.4834,33,28,36,108,27,139,25,4.0,1.29,6,0,0.5,0.5,0.0,2
16041751,"CIBACOPA , Segunda Vuelta",10,1,1,1,0.5338,1,1,0.5104,23,21,32,85,27,107,5,3.15,1.26,6,0,0.5,0.5,0.0,2
16041749,"CIBACOPA , Segunda Vuelta",10,1,1,1,0.6258,1,1,0.5489,26,30,39,110,27,113,25,4.07,1.03,6,0,0.5,0.5,0.0,2
16041750,"CIBACOPA , Segunda Vuelta",10,1,1,1,0.6297,1,1,0.5007,24,32,32,95,27,122,10,3.52,1.28,6,0,0.5,0.5,0.0,2
16048304,"CIBACOPA , Segunda Vuelta",10,1,0,0,0.4536,0,0,0.4921,31,32,31,100,27,140,34,3.7,1.4,6,0,0.5,0.5,0.0,2
16024967,"Korean Basketball League, Playoffs",10,0,0,1,0.4521,0,1,0.4945,19,17,24,70,27,83,9,2.59,1.19,6,0,0.5,0.5,0.0,1
16055380,U19 ABA League,10,0,1,0,0.6717,1,0,0.5623,26,23,35,94,27,114,24,3.48,1.21,6,0,0.5,0.5,0.0,2
14445767,"A1 Liga, Women",10,0,0,1,0.2464,0,1,0.2466,27,24,27,89,27,109,45,3.3,1.22,6,0,0.5,0.5,0.0,2
15696833," Liga 1 Masculin, Faza II",10,0,1,0,0.8083,1,0,0.6853,22,21,23,74,27,92,24,2.74,1.24,6,0,0.5,0.5,0.0,1
16055381,U19 ABA League,10,0,0,1,0.4415,1,0,0.5354,24,30,23,87,27,119,13,3.22,1.37,6,0,0.5,0.5,0.0,2
14605476,Israeli Basketball Super League,10,1,1,1,0.5629,0,0,0.4031,27,24,31,91,27,120,0,3.37,1.32,6,0,0.5,0.5,0.0,2
16038483,"Superleague, Playoffs",10,0,1,0,0.6534,0,1,0.4897,20,24,32,86,27,100,10,3.19,1.16,6,0,0.5,0.5,0.0,1
16042408,"Super League, Playoffs",10,1,1,1,0.6909,1,1,0.537,28,32,31,101,27,113,1,3.74,1.12,6,0,0.5,0.5,0.0,2
14554329,U21 Espoirs Elite,10,1,1,1,0.8036,1,1,0.6102,16,21,21,66,27,112,40,2.44,1.7,6,0,0.5,0.5,0.0,2
15898442,Meridianbet KLS,10,1,1,1,0.693,1,1,0.5767,25,29,33,102,27,125,19,3.78,1.23,6,0,0.5,0.5,0.0,2
16038484,"Superleague, Playoffs",10,0,0,1,0.3762,0,1,0.4272,26,26,26,85,27,113,17,3.15,1.33,6,0,0.5,0.5,0.0,2
16039594,"Superliga, Women",10,1,0,0,0.431,1,1,0.5682,18,18,23,84,27,80,4,3.11,0.95,6,0,0.5,0.5,0.0,1
16039702,"NKL, Playoffs",10,1,1,1,0.6175,0,0,0.4175,30,38,28,105,27,142,4,3.89,1.35,6,0,0.5,0.5,0.0,2
16052798,"Azerbaijan Basketball League, PLAY OFF 1/2",10,1,1,1,0.6653,1,1,0.5437,31,32,31,101,27,172,0,3.74,1.7,6,0,0.5,0.5,0.0,3
16055665,"European North Basketball League, Playoffs",10,1,1,1,0.5333,1,1,0.5727,26,33,22,90,27,127,17,3.33,1.41,6,0,0.5,0.5,0.0,2
14428880,Betsafe-LKL,10,0,1,0,0.5107,0,1,0.42,36,32,34,111,27,133,23,4.11,1.2,6,0,0.5,0.5,0.0,2
16016879,"Korisliiga, Women, Playoffs",10,0,1,0,0.529,1,0,0.5162,21,20,17,67,27,97,3,2.48,1.45,6,0,0.5,0.5,0.0,1
16055382,U19 ABA League,10,1,1,1,0.6985,0,0,0.4978,26,32,32,103,27,137,25,3.81,1.33,6,0,0.5,0.5,0.0,2
15566051,1. A SKL,10,1,1,1,0.7598,1,1,0.6269,29,25,21,96,27,104,8,3.56,1.08,6,0,0.5,0.5,0.0,2
15868076,Israeli National League Basketball,10,1,1,1,0.6152,0,0,0.4266,30,25,22,89,27,116,4,3.3,1.3,6,0,0.5,0.5,0.0,2
16017303,"Swedish Basketball Superettan, Playoffs",10,1,1,1,0.5769,0,0,0.4386,28,20,20,79,27,107,13,2.93,1.35,6,0,0.5,0.5,0.0,2
16033143,"Latvia LBL, Playoffs",10,1,1,1,0.7313,1,1,0.5815,26,18,25,80,27,100,14,2.96,1.25,6,0,0.5,0.5,0.0,1
16033308,"Israeli Women Basketball Premier League, Playoffs",10,0,1,0,0.5364,1,0,0.5813,20,25,18,71,27,103,23,2.63,1.45,6,0,0.5,0.5,0.0,2
16035866,"NBL, Playoff",10,0,1,0,0.5035,1,0,0.5764,37,28,30,108,27,136,2,4.0,1.26,6,0,0.5,0.5,0.0,2
16040256,"Prva Liga, Playoffs",10,1,1,1,0.5691,1,1,0.6235,19,21,29,79,27,92,8,2.93,1.16,6,0,0.5,0.5,0.0,1
16040723,"Prva Liga, Playoffs",10,1,1,1,0.7164,1,1,0.6333,23,15,16,59,27,90,0,2.19,1.53,6,0,0.5,0.5,0.0,1
15820444,I B MCKL,10,0,1,0,0.6811,1,0,0.5192,24,28,28,85,27,108,24,3.15,1.27,6,0,0.5,0.5,0.0,2
16044548,"RKL Division A, Playoff",10,1,1,1,0.6881,1,1,0.5414,23,24,28,88,27,100,16,3.26,1.14,6,0,0.5,0.5,0.0,1
16044550,"RKL Division A, Playoff",10,0,0,1,0.4439,1,0,0.5533,25,22,21,77,27,101,7,2.85,1.31,6,0,0.5,0.5,0.0,2
16044551,"RKL Division A, Playoff",10,1,1,1,0.5465,1,1,0.5663,24,26,19,88,27,111,5,3.26,1.26,6,0,0.5,0.5,0.0,2
16056519,"Kvindebasketligaen , Bronzekamp",10,0,0,1,0.445,1,0,0.6392,15,20,24,70,27,74,10,2.59,1.06,6,0,0.5,0.5,0.0,1
16044552,"RKL Division A, Playoff",10,1,1,1,0.5307,1,1,0.6216,31,26,25,89,27,104,12,3.3,1.17,6,0,0.5,0.5,0.0,2
15592170,"Basketligaen, Placement round",10,0,1,0,0.607,1,0,0.5072,22,30,27,92,27,116,8,3.41,1.26,6,0,0.5,0.5,0.0,2
15592172,"Basketligaen, Placement round",10,1,1,1,0.655,1,1,0.5741,18,27,26,78,27,98,18,2.89,1.26,6,0,0.5,0.5,0.0,1
15706655,SuperSport Premijer Liga,10,0,0,1,0.3509,1,0,0.5354,20,20,27,78,27,88,10,2.89,1.13,6,0,0.5,0.5,0.0,1
16017398,"Swedish Basketball Superettan, Playoffs",10,1,0,0,0.4738,0,0,0.3946,28,27,21,83,27,112,24,3.07,1.35,6,0,0.5,0.5,0.0,2
16042409,"NBL, Playoffs",10,0,1,0,0.6227,1,0,0.6289,27,32,32,103,27,129,1,3.81,1.25,6,0,0.5,0.5,0.0,2
16033294,"Israeli Women Basketball Premier League, Playoffs",10,1,1,1,0.6498,1,1,0.6386,26,31,25,87,27,120,4,3.22,1.38,6,0,0.5,0.5,0.0,2
16038485,"Superliga, Playoffs",10,1,1,1,0.5528,1,1,0.6191,27,27,30,95,27,103,9,3.52,1.08,6,0,0.5,0.5,0.0,2
16047873,"I A MCKL, Playoffs",10,1,1,1,0.7335,0,0,0.4934,34,30,28,98,27,140,4,3.63,1.43,6,0,0.5,0.5,0.0,2
15868077,Israeli National League Basketball,10,0,0,1,0.3618,1,0,0.5394,28,28,34,96,27,129,29,3.56,1.34,6,0,0.5,0.5,0.0,2
15859257,Liga Femenina,10,0,1,0,0.5913,0,1,0.4959,26,21,17,76,27,133,9,2.81,1.75,6,0,0.5,0.5,0.0,2
15985813,Germany BBL,10,0,1,0,0.6271,0,1,0.4994,22,24,34,91,27,112,6,3.37,1.23,6,0,0.5,0.5,0.0,2
16055664,"European North Basketball League, Playoffs",10,1,1,1,0.5524,1,1,0.5588,30,46,30,124,27,138,12,4.59,1.11,6,0,0.5,0.5,0.0,2
14605497,Israeli Basketball Super League,10,1,0,0,0.2649,0,0,0.4415,19,29,28,88,27,104,12,3.26,1.18,6,0,0.5,0.5,0.0,2
16023432,"A1 Women, Playoffs",10,0,1,0,0.5573,1,0,0.5461,28,26,15,78,27,101,21,2.89,1.29,6,0,0.5,0.5,0.0,2
16055383,U19 ABA League,10,1,1,1,0.5637,1,1,0.5168,28,37,26,107,27,131,29,3.96,1.22,6,0,0.5,0.5,0.0,2
15996316,"Austrian Women's Basketball Bundesliga, Playoffs",10,0,1,0,0.7173,1,0,0.6469,26,23,30,87,27,95,29,3.22,1.09,6,0,0.5,0.5,0.0,1
14024438,BNXT League,10,1,1,1,0.7367,1,1,0.621,20,21,26,80,27,91,9,2.96,1.14,6,0,0.5,0.5,0.0,1
16004205,"1st Division Men, Úrslitakeppni",10,0,1,0,0.5903,1,0,0.6403,25,25,29,94,27,113,11,3.48,1.2,6,0,0.5,0.5,0.0,2
16021968,"Iceland Women's Basketball Premier League, Playoffs",10,1,1,1,0.7078,1,1,0.6505,23,28,26,86,27,111,7,3.19,1.29,6,0,0.5,0.5,0.0,2
15478502,"LBF, Women",10,0,0,1,0.1143,0,1,0.3294,23,16,20,66,27,86,20,2.44,1.3,6,0,0.5,0.5,0.0,1
15939321,"LNB, Apertura",10,1,0,0,0.4291,1,1,0.5436,21,24,30,82,27,99,11,3.04,1.21,6,0,0.5,0.5,0.0,1
15981653,Superliga,10,0,0,1,0.3991,0,1,0.4383,24,29,27,91,27,122,8,3.37,1.34,6,0,0.5,0.5,0.0,2
15981655,Superliga,10,0,0,1,0.4013,1,0,0.5253,20,30,28,85,27,114,26,3.15,1.34,6,0,0.5,0.5,0.0,2
15939331,"LNB, Apertura",10,1,1,1,0.5383,1,1,0.5493,30,27,19,82,27,127,15,3.04,1.55,6,0,0.5,0.5,0.0,2
16038855,"Liga Argentina, Playoffs",10,0,1,0,0.5186,1,0,0.5067,33,26,21,89,27,114,6,3.3,1.28,6,0,0.5,0.5,0.0,2
15840865,Puerto Rico BSN,10,1,0,0,0.4918,0,0,0.3176,27,35,30,103,27,137,29,3.81,1.33,6,0,0.5,0.5,0.0,2
15840866,Puerto Rico BSN,10,0,1,0,0.6517,0,1,0.4735,29,32,27,96,27,144,4,3.56,1.5,6,0,0.5,0.5,0.0,2
15840867,Puerto Rico BSN,10,0,1,0,0.521,1,0,0.5171,26,24,32,93,27,118,0,3.44,1.27,6,0,0.5,0.5,0.0,2
16050777,"Liga Argentina, Playoffs",10,0,1,0,0.5035,1,0,0.5186,23,29,25,91,27,102,12,3.37,1.12,6,0,0.5,0.5,0.0,2
16050778,"Liga Argentina, Playoffs",10,1,1,1,0.5367,1,1,0.5832,28,25,24,90,27,104,2,3.33,1.16,6,0,0.5,0.5,0.0,2
16050779,"Liga Argentina, Playoffs",10,0,0,1,0.3934,0,1,0.4836,24,24,26,82,27,104,24,3.04,1.27,6,0,0.5,0.5,0.0,2
16050829,Chile LNB,10,0,0,1,0.2629,1,0,0.5711,32,30,35,106,27,120,18,3.93,1.13,6,0,0.5,0.5,0.0,2
16017461,Colombia LPB,10,1,1,1,0.53,0,0,0.4711,21,24,25,81,27,115,1,3.0,1.42,6,0,0.5,0.5,0.0,2
15587321,Mexico LNBP Women,10,0,1,0,0.6845,1,0,0.5802,24,23,25,85,27,108,4,3.15,1.27,6,0,0.5,0.5,0.0,2
15951791,"LMB, Apertura",10,1,1,1,0.6816,1,1,0.6109,25,29,34,95,27,122,32,3.52,1.28,6,0,0.5,0.5,0.0,2
15587323,Mexico LNBP Women,10,0,1,0,0.7078,1,0,0.502,24,35,29,93,27,125,3,3.44,1.34,6,0,0.5,0.5,0.0,2
15587324,Mexico LNBP Women,10,1,1,1,0.6819,1,1,0.5662,26,43,26,110,27,139,7,4.07,1.26,6,0,0.5,0.5,0.0,2
16041752,"CIBACOPA , Segunda Vuelta",10,1,1,1,0.52,0,0,0.4508,35,32,32,111,27,127,15,4.11,1.14,6,0,0.5,0.5,0.0,2
15968653,"Rapid League, Regular Season",10,1,0,0,0.4792,1,1,0.6259,11,12,7,41,27,39,3,1.52,0.95,6,0,0.5,0.5,0.0,0
15347515,"NBL1 North, Women",10,1,1,1,0.6525,1,1,0.6466,38,33,36,119,27,139,13,4.41,1.17,6,0,0.5,0.5,0.0,2
15347517,"NBL1 North, Women",10,0,0,1,0.274,0,1,0.3687,16,23,25,74,27,111,21,2.74,1.5,6,0,0.5,0.5,0.0,2
15347680,"NBL1 South, Women",10,1,1,1,0.7578,1,1,0.52,22,24,30,90,27,95,7,3.33,1.06,6,0,0.5,0.5,0.0,1
15346936,"NBL1 Central, Women",10,0,1,0,0.5963,1,0,0.6259,22,20,16,64,27,96,10,2.37,1.5,6,0,0.5,0.5,0.0,1
15346938,"NBL1 Central, Women",10,0,1,0,0.51,1,0,0.5662,26,28,18,80,27,101,35,2.96,1.26,6,0,0.5,0.5,0.0,2
15656689,PBA Commissioner's Cup,12,1,1,1,0.6583,1,1,0.6543,24,26,36,116,27,117,3,4.3,1.01,6,0,0.5,0.5,0.0,2
14605529,Israeli Basketball Super League,10,1,1,1,0.7237,0,0,0.3885,28,23,24,87,27,113,19,3.22,1.3,6,0,0.5,0.5,0.0,2
15868072,Israeli National League Basketball,10,0,0,1,0.4143,1,0,0.5542,32,18,28,90,27,101,7,3.33,1.12,6,0,0.5,0.5,0.0,2
16024968,"Korean Basketball League, Playoffs",10,0,1,0,0.5864,1,0,0.6019,29,20,23,79,27,115,9,2.93,1.46,6,0,0.5,0.5,0.0,2
15347882,"NBL1, East",10,1,0,0,0.2918,0,0,0.4965,29,31,30,99,27,140,8,3.67,1.41,6,0,0.5,0.5,0.0,2
15347043,"NBL1 West, Women",10,1,1,1,0.6284,1,1,0.6461,33,26,18,85,27,108,2,3.15,1.27,6,0,0.5,0.5,0.0,2
14756760,Israeli National League Basketball,10,1,1,1,0.761,1,1,0.5574,28,21,27,87,27,114,6,3.22,1.31,6,0,0.5,0.5,0.0,2
15347044,"NBL1 West, Women",10,0,0,1,0.4298,1,0,0.516,16,24,20,69,27,91,15,2.56,1.32,6,0,0.5,0.5,0.0,1
15347046,"NBL1 West, Women",10,0,1,0,0.6821,1,0,0.6974,20,33,26,88,27,115,11,3.26,1.31,6,0,0.5,0.5,0.0,2
15347404,"NBL1, North",10,0,1,0,0.7251,0,1,0.4228,24,28,28,91,27,99,13,3.37,1.09,6,0,0.5,0.5,0.0,1
15868073,Israeli National League Basketball,10,1,1,1,0.7232,1,1,0.6264,33,21,25,96,27,123,7,3.56,1.28,6,0,0.5,0.5,0.0,2
15868075,Israeli National League Basketball,10,0,1,0,0.5096,1,0,0.5549,19,31,27,94,27,104,6,3.48,1.11,6,0,0.5,0.5,0.0,2
14605485,Israeli Basketball Super League,10,1,1,1,0.5667,0,0,0.4767,29,30,25,94,27,130,4,3.48,1.38,6,0,0.5,0.5,0.0,2
16063804,"The League, Финал",10,1,1,1,0.6588,1,1,0.518,27,28,22,82,27,147,23,3.04,1.79,6,0,0.5,0.5,0.0,2
15180656,Indonesian Basketball League,10,1,1,1,0.5718,0,0,0.4877,22,25,23,81,27,93,3,3.0,1.15,6,0,0.5,0.5,0.0,1
14967205,China CBA,10,1,1,1,0.699,0,0,0.4998,28,31,33,106,27,117,7,3.93,1.1,6,0,0.5,0.5,0.0,2
14967206,China CBA,10,0,0,1,0.1619,0,1,0.3912,25,27,32,94,27,120,16,3.48,1.28,6,0,0.5,0.5,0.0,2
14967207,China CBA,10,0,1,0,0.6094,1,0,0.5263,33,27,32,102,27,134,8,3.78,1.31,6,0,0.5,0.5,0.0,2
14967209,China CBA,10,0,1,0,0.6323,1,0,0.6062,30,26,32,97,27,123,21,3.59,1.27,6,0,0.5,0.5,0.0,2
14967210,China CBA,10,1,1,1,0.679,1,1,0.544,35,33,32,118,27,139,17,4.37,1.18,6,0,0.5,0.5,0.0,2
14967211,China CBA,10,1,1,1,0.6134,0,0,0.469,28,31,27,94,27,140,12,3.48,1.49,6,0,0.5,0.5,0.0,2
14967212,China CBA,10,1,0,0,0.3012,0,0,0.257,22,29,33,87,27,132,38,3.22,1.52,6,0,0.5,0.5,0.0,2
14967213,China CBA,10,1,1,1,0.6934,1,1,0.6947,23,30,20,80,27,114,34,2.96,1.43,6,0,0.5,0.5,0.0,2
14967214,China CBA,10,0,1,0,0.6356,1,0,0.6141,30,30,29,98,27,137,17,3.63,1.4,6,0,0.5,0.5,0.0,2
15180657,Indonesian Basketball League,10,0,0,1,0.3687,1,0,0.5068,30,25,17,82,27,112,16,3.04,1.37,6,0,0.5,0.5,0.0,2
15346661,"NBL1, West",10,0,0,1,0.3152,1,0,0.5085,30,26,25,88,27,127,5,3.26,1.44,6,0,0.5,0.5,0.0,2
16038486,"Superleague, Playoffs",10,0,1,0,0.5383,1,0,0.611,21,29,28,93,27,108,14,3.44,1.16,6,0,0.5,0.5,0.0,2
15988581,"Premier League, Women, Playoffs",10,1,1,1,0.7683,1,1,0.6592,19,26,25,80,27,101,5,2.96,1.26,6,0,0.5,0.5,0.0,2
16035750,"LNBM Mozzart, Playoffs",10,1,1,1,0.6646,1,1,0.5567,27,32,19,95,27,119,7,3.52,1.25,6,0,0.5,0.5,0.0,2
16063911,"Prvenstvo Hrvatske za dječake , Skupina 3",10,1,0,0,0.4781,0,0,0.4932,19,19,20,70,27,83,21,2.59,1.19,6,0,0.5,0.5,0.0,1
16063917,"Prvenstvo Hrvatske za dječake , Skupina 4",10,0,1,0,0.7435,1,0,0.726,34,29,19,92,27,120,38,3.41,1.3,6,0,0.5,0.5,0.0,2
16038487,"Superleague, Rel/Prom Playoffs",10,1,1,1,0.6039,0,0,0.4987,25,16,31,80,27,94,14,2.96,1.18,6,0,0.5,0.5,0.0,1
16038488,"Superleague, Playoffs",10,0,1,0,0.5714,1,0,0.6806,30,27,26,92,27,130,20,3.41,1.41,6,0,0.5,0.5,0.0,2
16039700,"NKL, Playoffs",10,0,1,0,0.5764,1,0,0.5259,21,23,23,76,27,98,8,2.81,1.29,6,0,0.5,0.5,0.0,1
16063900,"Prvenstvo Hrvatske za dječake , Skupina 1",10,1,1,1,0.6951,1,1,0.5209,19,20,22,69,27,88,12,2.56,1.28,6,0,0.5,0.5,0.0,1
16063905,"Prvenstvo Hrvatske za dječake , Skupina 2",10,1,0,0,0.4246,1,1,0.5181,24,14,25,71,27,72,20,2.63,1.01,6,0,0.5,0.5,0.0,1
16015599,"Korisliiga, Playoffs",10,1,1,1,0.5525,1,1,0.5423,21,27,25,81,27,94,4,3.0,1.16,6,0,0.5,0.5,0.0,1
16030448,"Finland Division 1A Women, Playoffs",10,1,1,1,0.594,0,0,0.4711,24,21,19,69,27,92,22,2.56,1.33,6,0,0.5,0.5,0.0,1
16031187,"Korisliiga, Playoffs",10,1,0,0,0.3105,0,0,0.4526,25,22,27,79,27,96,2,2.93,1.22,6,0,0.5,0.5,0.0,1
16040712,Estonian National Women's Basketball League,10,1,1,1,0.5494,1,1,0.5513,28,31,27,111,27,118,4,4.11,1.06,6,0,0.5,0.5,0.0,2
16007824,"Hungary NB 1.A, Playoffs",10,1,1,1,0.6748,1,1,0.5963,24,35,27,92,27,116,18,3.41,1.26,6,0,0.5,0.5,0.0,2
16007826,"Hungary NB 1.A, Playoffs",10,1,1,1,0.5315,1,1,0.5786,29,20,31,88,27,120,30,3.26,1.36,6,0,0.5,0.5,0.0,2
16007834,"Hungary NB 1.A, Playoffs",10,0,1,0,0.6572,1,0,0.6302,30,31,29,102,27,137,35,3.78,1.34,6,0,0.5,0.5,0.0,2
16007836,"Hungary NB 1.A, Playoffs",10,0,1,0,0.8211,1,0,0.8211,33,30,29,97,27,140,40,3.59,1.44,6,0,0.5,0.5,0.0,2
16035751,"Liga Nationala, Relegation Playoffs",10,1,1,1,0.7947,1,1,0.5551,26,34,26,100,27,116,8,3.7,1.16,6,0,0.5,0.5,0.0,2
16035752,"Liga Nationala, Relegation Playoffs",10,1,1,1,0.7816,1,1,0.6433,27,19,24,79,27,102,20,2.93,1.29,6,0,0.5,0.5,0.0,2
16035869,"NBL, Playoff",10,0,1,0,0.5165,1,0,0.5692,29,30,33,100,27,118,14,3.7,1.18,6,0,0.5,0.5,0.0,2
16036798,"Liga Nationala, Relegation Playoffs",10,0,1,0,0.5645,1,0,0.6169,26,30,25,93,27,117,21,3.44,1.26,6,0,0.5,0.5,0.0,2
16042410,"Super League, Playoffs",10,0,0,1,0.3998,1,0,0.565,31,14,29,83,27,85,7,3.07,1.02,6,0,0.5,0.5,0.0,1
16052593,"I A MCKL, Playoffs",10,0,0,1,0.4229,0,1,0.4353,34,22,28,95,27,127,27,3.52,1.34,6,0,0.5,0.5,0.0,2
15982353,"Cyprus Basketball Division A, Playoffs",10,1,1,1,0.7249,1,1,0.6406,32,24,22,87,27,116,12,3.22,1.33,6,0,0.5,0.5,0.0,2
16030704,"1st DBBL, Playoffs",10,0,0,1,0.4726,1,0,0.6021,24,20,18,70,27,103,5,2.59,1.47,6,0,0.5,0.5,0.0,2
16033144,"Latvia LBL, Playoffs",10,1,1,1,0.6713,1,1,0.6313,34,21,25,88,27,115,3,3.26,1.31,6,0,0.5,0.5,0.0,2
15485319,"ABA Liga, Relegation Round",10,0,1,0,0.5658,0,1,0.4636,33,20,30,95,27,110,16,3.52,1.16,6,0,0.5,0.5,0.0,2
15975476,"Super League, Championship Round",10,1,1,1,0.5584,0,0,0.4449,35,30,21,96,27,119,29,3.56,1.24,6,0,0.5,0.5,0.0,2
16017304,"Swedish Basketball Superettan, Playoffs",10,0,0,1,0.3324,0,1,0.3553,28,16,25,75,27,91,5,2.78,1.21,6,0,0.5,0.5,0.0,1
16017458,"Swedish Basketball Superettan, Playoffs",10,1,1,1,0.5367,0,0,0.3916,26,32,26,96,27,120,14,3.56,1.25,6,0,0.5,0.5,0.0,2
16024393,"Swedish Basketball League Women, Playoffs",10,0,0,1,0.4799,0,1,0.4748,22,21,22,69,27,99,7,2.56,1.43,6,0,0.5,0.5,0.0,1
16063918,"Prvenstvo Hrvatske za dječake , Skupina 4",10,1,1,1,0.9638,1,1,0.9409,21,19,28,77,27,90,54,2.85,1.17,6,0,0.5,0.5,0.0,1
16063899,"Prvenstvo Hrvatske za dječake , Skupina 1",10,0,0,1,0.4035,1,0,0.5058,20,24,25,81,27,85,3,3.0,1.05,6,0,0.5,0.5,0.0,1
15923103,"Euroleague, Play-in",10,1,1,1,0.567,1,1,0.6425,21,23,25,74,27,103,9,2.74,1.39,6,0,0.5,0.5,0.0,2
14272608,Élite 2,10,1,1,1,0.7201,0,0,0.4648,27,27,29,96,27,111,9,3.56,1.16,6,0,0.5,0.5,0.0,2
14272609,Élite 2,10,0,0,1,0.343,1,0,0.5639,25,23,22,80,27,99,7,2.96,1.24,6,0,0.5,0.5,0.0,1
14272612,Élite 2,10,0,0,1,0.4626,1,0,0.5125,21,24,20,81,27,91,1,3.0,1.12,6,0,0.5,0.5,0.0,1
14272613,Élite 2,10,0,1,0,0.7398,1,0,0.5051,23,19,30,80,27,100,2,2.96,1.25,6,0,0.5,0.5,0.0,1
14272614,Élite 2,10,1,1,1,0.5538,1,1,0.525,28,37,31,102,27,124,2,3.78,1.22,6,0,0.5,0.5,0.0,2
14381845,Germany BBL,10,0,1,0,0.8821,1,0,0.5455,40,32,38,118,27,154,24,4.37,1.31,6,0,0.5,0.5,0.0,3
15597878,"Nationale 1, Promotion Round",10,0,0,1,0.3992,0,1,0.4094,21,22,20,70,27,101,11,2.59,1.44,6,0,0.5,0.5,0.0,2
15706651,SuperSport Premijer Liga,10,1,1,1,0.6666,1,1,0.5268,26,26,30,95,27,109,5,3.52,1.15,6,0,0.5,0.5,0.0,2
16033270,"Slovenian Second Basketball League, Finale",10,0,1,0,0.5493,1,0,0.5891,20,27,17,71,27,113,7,2.63,1.59,6,0,0.5,0.5,0.0,2
16043590,"Poland 2nd Basketball League, Ćwierćfinały",10,0,1,0,0.5988,1,0,0.514,33,26,33,107,27,116,8,3.96,1.08,6,0,0.5,0.5,0.0,2
14024440,BNXT League,10,1,1,1,0.5419,0,0,0.4997,26,25,22,82,27,107,3,3.04,1.3,6,0,0.5,0.5,0.0,2
14272604,Élite 2,10,1,0,0,0.476,1,1,0.5159,23,19,27,76,27,86,4,2.81,1.13,6,0,0.5,0.5,0.0,1
14272610,Élite 2,10,1,1,1,0.768,1,1,0.5431,25,27,20,82,27,103,3,3.04,1.26,6,0,0.5,0.5,0.0,2
14538023,SLB,10,0,1,0,0.5247,1,0,0.633,24,23,31,83,27,116,10,3.07,1.4,6,0,0.5,0.5,0.0,2
15869484,"Slovenian Second Basketball League, Liga za obstanek",10,0,0,1,0.4347,0,1,0.4985,32,25,29,94,27,130,6,3.48,1.38,6,0,0.5,0.5,0.0,2
16024858,"NLB, Playoffs",10,0,0,1,0.4446,1,0,0.5835,27,18,26,83,27,92,12,3.07,1.11,6,0,0.5,0.5,0.0,1
16063526,"Belgian Basketball 2nd Division, Playoffs",10,1,0,0,0.4814,1,1,0.6071,25,24,30,91,27,121,21,3.37,1.33,6,0,0.5,0.5,0.0,2
16021972,"Iceland Women's Basketball Premier League, Playoffs",10,0,0,1,0.2125,0,1,0.3864,24,34,29,95,27,164,18,3.52,1.73,6,0,0.5,0.5,0.0,3
16014397,Colombia LPB,10,1,1,1,0.5202,1,1,0.5687,23,30,26,97,27,114,0,3.59,1.18,6,0,0.5,0.5,0.0,2
16033355,"Brazil NBB, Playoffs",10,0,0,1,0.3805,0,1,0.4386,23,18,28,75,27,97,13,2.78,1.29,6,0,0.5,0.5,0.0,1
16033400,"Brazil NBB, Playoffs",10,1,1,1,0.6833,0,0,0.4453,30,27,30,97,27,119,3,3.59,1.23,6,0,0.5,0.5,0.0,2
16040659,"LNBF , Fase Regular",10,1,0,0,0.3383,0,0,0.4407,20,24,17,69,27,94,28,2.56,1.36,6,0,0.5,0.5,0.0,1
15840870,Puerto Rico BSN,10,0,0,1,0.2631,0,1,0.3718,29,33,28,101,27,140,22,3.74,1.39,6,0,0.5,0.5,0.0,2
15840872,Puerto Rico BSN,10,1,1,1,0.7256,0,0,0.4646,30,28,30,117,27,175,1,4.33,1.5,6,0,0.5,0.5,0.0,3
16033360,"Brazil NBB, Playoffs",10,1,0,0,0.4675,1,1,0.5226,26,23,27,83,27,118,10,3.07,1.42,6,0,0.5,0.5,0.0,2
16050813,Chile LNB,10,1,1,1,0.5768,1,1,0.5279,27,25,25,87,27,103,21,3.22,1.18,6,0,0.5,0.5,0.0,2
16051846,"Argentina Liga Nacional, Playoffs",10,1,0,0,0.32,1,1,0.5755,30,35,27,105,27,136,14,3.89,1.3,6,0,0.5,0.5,0.0,2
16050824,Chile LNB,10,1,1,1,0.5528,1,1,0.5574,27,27,24,85,27,100,16,3.15,1.18,6,0,0.5,0.5,0.0,1
16050826,Chile LNB,10,1,1,1,0.6239,1,1,0.6791,24,37,31,99,27,125,3,3.67,1.26,6,0,0.5,0.5,0.0,2
16017456,Colombia LPB,10,1,0,0,0.1942,0,0,0.4012,22,26,24,80,27,106,14,2.96,1.32,6,0,0.5,0.5,0.0,2
15587326,Mexico LNBP Women,10,0,0,1,0.3754,1,0,0.5592,23,19,26,79,27,90,0,2.93,1.14,6,0,0.5,0.5,0.0,1
15587327,Mexico LNBP Women,10,0,0,1,0.4737,0,1,0.4632,21,19,23,70,27,91,11,2.59,1.3,6,0,0.5,0.5,0.0,1
15587328,Mexico LNBP Women,10,0,1,0,0.5434,1,0,0.5488,22,25,24,77,27,87,1,2.85,1.13,6,0,0.5,0.5,0.0,1
15968656,"Rapid League, Regular Season",10,1,1,1,0.5151,0,0,0.404,10,4,13,34,27,34,2,1.26,1.0,6,0,0.5,0.5,0.0,0
15869724,"Belize Elite Basketball League, Regular Season",10,0,1,0,0.5632,0,1,0.4009,29,26,32,92,27,119,11,3.41,1.29,6,0,0.5,0.5,0.0,2
16047998,"CIBACOPA , Segunda Vuelta",10,1,1,1,0.5808,0,0,0.4657,26,32,32,101,27,126,28,3.74,1.25,6,0,0.5,0.5,0.0,2
16041753,"CIBACOPA , Segunda Vuelta",10,1,1,1,0.5921,1,1,0.5657,21,31,34,98,27,105,1,3.63,1.07,6,0,0.5,0.5,0.0,2
16050082,"CIBACOPA , Segunda Vuelta",10,1,1,1,0.6578,0,0,0.4778,27,26,26,93,27,119,5,3.44,1.28,6,0,0.5,0.5,0.0,2
15968659,"Rapid League, Regular Season",10,0,0,1,0.487,0,1,0.4672,14,12,8,42,27,48,2,1.56,1.14,6,0,0.5,0.5,0.0,0
15346939,"NBL1 Central, Women",10,1,1,1,0.5107,1,1,0.5437,26,14,27,71,27,96,8,2.63,1.35,6,0,0.5,0.5,0.0,1
16024971,"Korean Basketball League, Playoffs",10,0,0,1,0.2562,1,0,0.5651,19,27,27,80,27,102,8,2.96,1.27,6,0,0.5,0.5,0.0,2
14620709,B2 League,10,1,1,1,0.5881,1,1,0.6206,29,25,28,95,27,114,0,3.52,1.2,6,0,0.5,0.5,0.0,2
14620712,B2 League,10,0,1,0,0.6238,0,1,0.4589,17,27,33,86,27,102,14,3.19,1.19,6,0,0.5,0.5,0.0,2
14620885,B1 League,10,1,0,0,0.3735,0,0,0.464,25,31,20,86,27,129,7,3.19,1.5,6,0,0.5,0.5,0.0,2
14620890,B1 League,10,1,0,0,0.4748,1,1,0.5215,21,27,20,74,27,106,16,2.74,1.43,6,0,0.5,0.5,0.0,2
14620891,B1 League,10,0,0,1,0.3385,1,0,0.5349,18,23,25,82,27,93,13,3.04,1.13,6,0,0.5,0.5,0.0,1
15348052,"NBL1 East, Women",10,1,0,0,0.4844,1,1,0.5764,19,22,25,73,27,90,22,2.7,1.23,6,0,0.5,0.5,0.0,1
15346547,"NBL1, Central",10,1,1,1,0.6518,1,1,0.5607,28,17,12,70,27,82,6,2.59,1.17,6,0,0.5,0.5,0.0,1
15347047,"NBL1 West, Women",10,1,0,0,0.4593,1,1,0.5179,36,22,15,84,27,119,11,3.11,1.42,6,0,0.5,0.5,0.0,2
15968662,"Rapid League, Regular Season",10,1,0,0,0.4712,0,0,0.4785,12,10,6,35,27,53,5,1.3,1.51,6,0,0.5,0.5,0.0,0
15347681,"NBL1 South, Women",10,0,0,1,0.3702,1,0,0.544,29,23,19,79,27,118,12,2.93,1.49,6,0,0.5,0.5,0.0,2
15348055,"NBL1 East, Women",10,0,0,1,0.2697,0,1,0.1089,20,26,19,72,27,109,45,2.67,1.51,6,0,0.5,0.5,0.0,2
15348056,"NBL1 East, Women",10,1,0,0,0.3337,0,0,0.3149,19,20,20,68,27,88,8,2.52,1.29,6,0,0.5,0.5,0.0,1
15348057,"NBL1 East, Women",10,0,0,1,0.4011,0,1,0.4121,27,30,30,98,27,127,3,3.63,1.3,6,0,0.5,0.5,0.0,2
15347518,"NBL1 North, Women",10,0,1,0,0.7296,1,0,0.7777,23,23,23,80,27,121,35,2.96,1.51,6,0,0.5,0.5,0.0,2
15656868,"Big V, Women",10,1,1,1,0.9645,1,1,0.9434,27,22,25,85,27,104,54,3.15,1.22,6,0,0.5,0.5,0.0,2
15656869,"Big V, Women",10,0,0,1,0.3275,0,1,0.3388,20,24,19,72,27,88,14,2.67,1.22,6,0,0.5,0.5,0.0,1
14620892,B1 League,10,1,1,1,0.7142,1,1,0.6135,19,23,15,69,27,101,5,2.56,1.46,6,0,0.5,0.5,0.0,2
15347685,"NBL1 South, Women",10,0,0,1,0.4011,1,0,0.6478,25,25,25,80,27,104,10,2.96,1.3,6,0,0.5,0.5,0.0,2
15347686,"NBL1 South, Women",10,0,1,0,0.5705,0,1,0.4013,23,35,25,95,27,110,2,3.52,1.16,6,0,0.5,0.5,0.0,2
15346942,"NBL1 Central, Women",10,0,0,1,0.1985,0,1,0.4626,16,23,22,68,27,87,9,2.52,1.28,6,0,0.5,0.5,0.0,1
15346944,"NBL1 Central, Women",10,0,1,0,0.6484,0,1,0.4784,26,19,23,81,27,100,12,3.0,1.23,6,0,0.5,0.5,0.0,1
15347888,"NBL1, East",10,0,0,1,0.3599,0,1,0.4719,23,27,21,78,27,102,4,2.89,1.31,6,0,0.5,0.5,0.0,2
15347889,"NBL1, East",10,0,0,1,0.2618,0,1,0.3051,24,23,20,73,27,92,26,2.7,1.26,6,0,0.5,0.5,0.0,1
15656735,Big V,10,0,1,0,0.5767,1,0,0.6214,23,20,23,76,27,100,10,2.81,1.32,6,0,0.5,0.5,0.0,1
15879868," Liga 1 Masculin, Faza II",10,0,0,1,0.3307,1,0,0.5069,29,28,26,90,27,111,1,3.33,1.23,6,0,0.5,0.5,0.0,2
15656691,PBA Commissioner's Cup,12,1,0,0,0.4413,1,1,0.6595,24,23,25,99,27,94,6,3.67,0.95,6,0,0.5,0.5,0.0,1
15656737,Big V,10,1,1,1,0.765,1,1,0.6889,33,29,28,104,27,125,5,3.85,1.2,6,0,0.5,0.5,0.0,2
16069398,"Azerbaijan Basketball League, PLAY OFF 1/2",10,0,0,1,0.3795,0,1,0.4418,26,26,20,86,27,105,1,3.19,1.22,6,0,0.5,0.5,0.0,2
16063907,"Prvenstvo Hrvatske za dječake , Skupina 2",10,0,0,1,0.4644,1,0,0.5397,17,21,22,67,27,69,21,2.48,1.03,6,0,0.5,0.5,0.0,1
15347226,"NBL1, South",10,0,1,0,0.5014,0,1,0.437,34,28,39,113,27,125,13,4.19,1.11,6,0,0.5,0.5,0.0,2
16012773,"Portugal LFB Women, Playoffs",10,1,1,1,0.6296,1,1,0.6965,22,26,24,84,27,101,5,3.11,1.2,6,0,0.5,0.5,0.0,2
15346666,"NBL1, West",10,0,0,1,0.2712,0,1,0.4441,29,37,28,106,27,154,6,3.93,1.45,6,0,0.5,0.5,0.0,3
15868715,Jedinstvena kadetska liga,10,1,1,1,0.5547,1,1,0.6245,26,20,26,87,27,107,1,3.22,1.23,6,0,0.5,0.5,0.0,2
16038516,"Superleague, Playoffs",10,1,1,1,0.682,1,1,0.5921,22,19,20,71,27,103,3,2.63,1.45,6,0,0.5,0.5,0.0,2
16063000,"1 Liga Kobiet, Półfinały",10,1,1,1,0.5281,0,0,0.4102,27,21,17,74,27,94,12,2.74,1.27,6,0,0.5,0.5,0.0,1
16039701,"NKL, Playoffs",10,0,0,1,0.4527,1,0,0.5863,27,26,26,85,27,120,6,3.15,1.41,6,0,0.5,0.5,0.0,2
14128985,Polish Basketball League,10,1,0,0,0.3587,1,1,0.5221,18,33,24,86,27,101,9,3.19,1.17,6,0,0.5,0.5,0.0,2
14445772,"A1 Liga, Women",10,1,0,0,0.4994,1,1,0.5604,29,26,33,97,27,110,12,3.59,1.13,6,0,0.5,0.5,0.0,2
14554325,U21 Espoirs Elite,10,0,1,0,0.5902,1,0,0.5691,21,28,23,81,27,108,16,3.0,1.33,6,0,0.5,0.5,0.0,2
14758629,Stoiximan GBL,10,1,1,1,0.6238,1,1,0.6639,22,24,25,86,27,108,16,3.19,1.26,6,0,0.5,0.5,0.0,2
16038517,"Superleague, Playoffs",10,0,1,0,0.559,1,0,0.5706,33,23,22,89,27,121,7,3.3,1.36,6,0,0.5,0.5,0.0,2
16055059,"Hungary Divison A Women, Placement Matches",10,1,1,1,0.6127,1,1,0.6163,18,23,27,75,27,94,8,2.78,1.25,6,0,0.5,0.5,0.0,1
16063901,"Prvenstvo Hrvatske za dječake , Skupina 1",10,1,1,1,0.5942,1,1,0.7397,28,24,27,89,27,100,42,3.3,1.12,6,0,0.5,0.5,0.0,1
16064842,"Egyptian Women's Basketball Super League, Regular Season",10,1,1,1,0.6464,1,1,0.5188,22,18,25,70,27,91,17,2.59,1.3,6,0,0.5,0.5,0.0,1
15876111,"Campeonato Nacional da 1ª Divisao Feminina, 2ª Fase - Grupo Manutenção Sul",10,1,1,1,0.6162,1,1,0.6684,15,19,20,60,27,71,3,2.22,1.18,6,0,0.5,0.5,0.0,1
15868719,Jedinstvena kadetska liga,10,0,1,0,0.5014,1,0,0.531,21,23,26,79,27,101,5,2.93,1.28,6,0,0.5,0.5,0.0,2
15876102,France Women's Basketball Cup,10,0,1,0,0.7906,1,0,0.6441,20,25,20,75,27,93,13,2.78,1.24,6,0,0.5,0.5,0.0,1
15879870," Liga 1 Masculin, Faza II",10,0,1,0,0.6557,1,0,0.5727,24,17,26,76,27,93,5,2.81,1.22,6,0,0.5,0.5,0.0,1
14428885,Betsafe-LKL,10,0,0,1,0.3608,0,1,0.4972,24,26,25,83,27,113,3,3.07,1.36,6,0,0.5,0.5,0.0,2
14602715,Portugal LBP,10,1,0,0,0.2716,0,0,0.4496,27,23,19,75,27,92,2,2.78,1.23,6,0,0.5,0.5,0.0,1
14602716,Portugal LBP,10,0,0,1,0.3915,0,1,0.457,25,26,27,88,27,102,18,3.26,1.16,6,0,0.5,0.5,0.0,2
14602717,Portugal LBP,10,1,1,1,0.5362,1,1,0.5539,32,28,24,89,27,128,18,3.3,1.44,6,0,0.5,0.5,0.0,2
14602718,Portugal LBP,10,0,1,0,0.6296,1,0,0.6549,27,22,30,91,27,114,10,3.37,1.25,6,0,0.5,0.5,0.0,2
14602719,Portugal LBP,10,1,1,1,0.5357,1,1,0.5369,26,29,23,91,27,119,11,3.37,1.31,6,0,0.5,0.5,0.0,2
14602720,Portugal LBP,10,1,0,0,0.4176,1,1,0.6159,27,16,26,73,27,104,10,2.7,1.42,6,0,0.5,0.5,0.0,2
15366300,"Portugal Proliga, Relegation Round",10,1,1,1,0.5345,1,1,0.6172,23,25,24,88,27,105,5,3.26,1.19,6,0,0.5,0.5,0.0,2
15656967,"Africa League, Group Sahara",10,0,1,0,0.5238,1,0,0.5227,24,26,24,79,27,108,10,2.93,1.37,6,0,0.5,0.5,0.0,2
15665872,Bulgaria NBL,10,0,1,0,0.824,1,0,0.6292,24,22,41,99,27,105,3,3.67,1.06,6,0,0.5,0.5,0.0,2
15982354,"Cyprus Basketball Division A, Playoffs",10,1,1,1,0.5508,1,1,0.6099,31,18,31,83,27,104,20,3.07,1.25,6,0,0.5,0.5,0.0,2
16042417,"Super League, Playoffs",10,1,1,1,0.658,1,1,0.581,21,30,25,82,27,109,11,3.04,1.33,6,0,0.5,0.5,0.0,2
16005466,"Liga Femenina, Women, Clausura, Playoffs",10,1,1,1,0.5525,0,0,0.4519,16,16,28,69,27,76,2,2.56,1.1,6,0,0.5,0.5,0.0,1
16051854,"Argentina Liga Nacional, Playoffs",10,0,1,0,0.5777,1,0,0.5603,24,27,31,97,27,113,7,3.59,1.16,6,0,0.5,0.5,0.0,2
16063913,"Prvenstvo Hrvatske za dječake , Skupina 3",10,0,0,1,0.3471,0,1,0.4351,24,27,28,89,27,109,5,3.3,1.22,6,0,0.5,0.5,0.0,2
15991195,"Premier League, Women, Playoffs",10,1,0,0,0.4317,0,0,0.4696,20,22,24,79,27,100,2,2.93,1.27,6,0,0.5,0.5,0.0,1
14195123,"SLB, Women",10,1,1,1,0.5642,1,1,0.5904,23,25,19,82,27,109,13,3.04,1.33,6,0,0.5,0.5,0.0,2
14554324,U21 Espoirs Elite,10,0,1,0,0.6938,1,0,0.6284,27,28,30,95,27,106,20,3.52,1.12,6,0,0.5,0.5,0.0,2
15366234,"Portugal Proliga, Championship Round",10,1,0,0,0.3739,1,1,0.5499,19,20,27,77,27,87,3,2.85,1.13,6,0,0.5,0.5,0.0,1
15485325,"ABA Liga, Relegation Round",10,0,0,1,0.4324,0,1,0.4928,25,29,32,95,27,114,10,3.52,1.2,6,0,0.5,0.5,0.0,2
15895401,Meridianbet KLS,10,0,0,1,0.494,0,1,0.4524,33,25,29,96,27,119,19,3.56,1.24,6,0,0.5,0.5,0.0,2
15981648,"Zweite Liga, Relegation Round",10,1,0,0,0.4261,0,0,0.4566,16,30,21,74,27,98,12,2.74,1.32,6,0,0.5,0.5,0.0,1
15981654,"Super League, Relegation Round",10,1,1,1,0.6326,0,0,0.4242,25,24,27,83,27,119,17,3.07,1.43,6,0,0.5,0.5,0.0,2
16036896,"Zweite Liga, Playoffs",10,0,1,0,0.7766,1,0,0.5231,24,37,31,103,27,117,33,3.81,1.14,6,0,0.5,0.5,0.0,2
16040105,Saku I liiga,10,1,1,1,0.6074,1,1,0.5814,22,20,31,79,27,91,9,2.93,1.15,6,0,0.5,0.5,0.0,1
16050078,"Poland 2nd Basketball League, Ćwierćfinały",10,0,1,0,0.6185,1,0,0.5431,18,29,18,74,27,94,14,2.74,1.27,6,0,0.5,0.5,0.0,1
16054496,"Hungary Divison A Women, Playoffs",10,0,1,0,0.5379,1,0,0.5516,25,26,19,79,27,102,18,2.93,1.29,6,0,0.5,0.5,0.0,2
16063919,"Prvenstvo Hrvatske za dječake , Skupina 4",10,0,0,1,0.4219,1,0,0.5472,18,29,23,77,27,96,4,2.85,1.25,6,0,0.5,0.5,0.0,1
16050780,"Swedish Basketball League, Playoffs",10,0,0,1,0.3518,1,0,0.5715,27,19,25,86,27,146,0,3.19,1.7,6,0,0.5,0.5,0.0,2
14758626,Stoiximan GBL,10,0,0,1,0.4112,1,0,0.5081,28,22,30,89,27,117,1,3.3,1.31,6,0,0.5,0.5,0.0,2
14758627,Stoiximan GBL,10,1,1,1,0.714,1,1,0.6412,19,22,23,74,27,91,1,2.74,1.23,6,0,0.5,0.5,0.0,1
14758628,Stoiximan GBL,10,1,1,1,0.5796,1,1,0.5055,27,25,35,100,27,114,0,3.7,1.14,6,0,0.5,0.5,0.0,2
14758630,Stoiximan GBL,10,1,1,1,0.7153,1,1,0.636,29,27,31,94,27,128,10,3.48,1.36,6,0,0.5,0.5,0.0,2
14758631,Stoiximan GBL,10,1,1,1,0.6664,0,0,0.4373,30,31,30,100,27,123,1,3.7,1.23,6,0,0.5,0.5,0.0,2
16063902,"Prvenstvo Hrvatske za dječake , Skupina 1",10,1,1,1,0.73,1,1,0.7167,29,32,24,99,27,122,50,3.67,1.23,6,0,0.5,0.5,0.0,2
14128981,Polish Basketball League,10,1,1,1,0.5933,1,1,0.5059,36,24,27,99,27,129,7,3.67,1.3,6,0,0.5,0.5,0.0,2
15878571,"Campeonato Nacional da 1ª Divisao Feminina, 2ª Fase - Grupo Manutenção Sul",10,1,1,1,0.6168,0,0,0.4471,20,18,26,75,27,77,11,2.78,1.03,6,0,0.5,0.5,0.0,1
15974962,"Switzerland LNA, Playoffs",10,0,0,1,0.2547,0,1,0.2566,18,24,21,72,27,92,42,2.67,1.28,6,0,0.5,0.5,0.0,1
15974964,"Switzerland LNA, Playoffs",10,0,0,1,0.3033,0,1,0.4077,32,28,24,94,27,111,17,3.48,1.18,6,0,0.5,0.5,0.0,2
15974965,"Switzerland LNA, Playoffs",10,1,0,0,0.3875,0,0,0.4556,32,25,26,93,27,112,4,3.44,1.2,6,0,0.5,0.5,0.0,2
16031422,"CN1 Basquetebol, 3ª Fase - Meias-Finais Norte",10,1,0,0,0.437,0,0,0.4704,21,25,28,79,27,95,9,2.93,1.2,6,0,0.5,0.5,0.0,1
16031429,"CN1 Basquetebol, 3ª Fase - Meias-Finais Sul",10,1,1,1,0.6309,0,0,0.4543,22,23,27,79,27,99,5,2.93,1.25,6,0,0.5,0.5,0.0,1
14128977,Polish Basketball League,10,0,1,0,0.5441,1,0,0.5591,24,29,28,91,27,102,2,3.37,1.12,6,0,0.5,0.5,0.0,2
14195125,"SLB, Women",10,1,1,1,0.5754,0,0,0.4361,27,21,19,75,27,99,7,2.78,1.32,6,0,0.5,0.5,0.0,1
14491637,Liga ACB,10,0,1,0,0.5136,1,0,0.6181,23,23,33,90,27,104,8,3.33,1.16,6,0,0.5,0.5,0.0,2
15895400,Meridianbet KLS,10,1,0,0,0.4501,0,0,0.3751,27,34,33,104,27,118,4,3.85,1.13,6,0,0.5,0.5,0.0,2
15895402,Meridianbet KLS,10,0,0,1,0.2387,0,1,0.4862,26,31,27,93,27,125,21,3.44,1.34,6,0,0.5,0.5,0.0,2
15957247,"LNB, Women, Playoffs",10,0,0,1,0.4216,0,1,0.4223,27,28,24,87,27,96,8,3.22,1.1,6,0,0.5,0.5,0.0,1
15981641,"Super League, Championship Round",10,0,1,0,0.5214,1,0,0.5206,28,30,24,93,27,124,2,3.44,1.33,6,0,0.5,0.5,0.0,2
16007827,"Hungary NB 1.A, Relegation Round",10,1,0,0,0.2523,0,0,0.4436,28,27,28,93,27,126,2,3.44,1.35,6,0,0.5,0.5,0.0,2
16007832,"Hungary NB 1.A, Relegation Round",10,1,1,1,0.5069,1,1,0.5157,33,31,24,92,27,120,6,3.41,1.3,6,0,0.5,0.5,0.0,2
16018575,"Poland 1st Division Basketball, Playoffs",10,0,1,0,0.5388,1,0,0.5025,32,29,21,92,27,128,2,3.41,1.39,6,0,0.5,0.5,0.0,2
16040113,"FSHB Superliga, K.K.M 2025-26",10,1,1,1,0.6557,1,1,0.5152,28,30,26,97,27,105,11,3.59,1.08,6,0,0.5,0.5,0.0,2
16042415,"Serie A2, Women, Playoffs",10,0,0,1,0.2245,1,0,0.5395,18,13,11,50,27,64,4,1.85,1.28,6,0,0.5,0.5,0.0,1
16050077,"Poland 2nd Basketball League, Ćwierćfinały",10,0,0,1,0.2946,0,1,0.3895,17,30,34,89,27,103,39,3.3,1.16,6,0,0.5,0.5,0.0,2
16063002,"1 Liga Kobiet, Półfinały",10,0,1,0,0.7041,1,0,0.6463,17,24,28,79,27,87,11,2.93,1.1,6,0,0.5,0.5,0.0,1
14344015,Lega A Basket,10,1,1,1,0.6256,0,0,0.4207,22,28,41,98,27,116,6,3.63,1.18,6,0,0.5,0.5,0.0,2
15665873,Bulgaria NBL,10,0,0,1,0.4317,1,0,0.5136,24,36,21,96,27,120,2,3.56,1.25,6,0,0.5,0.5,0.0,2
15665875,Bulgaria NBL,10,0,0,1,0.3155,1,0,0.5537,28,40,27,104,27,139,15,3.85,1.34,6,0,0.5,0.5,0.0,2
15665876,Bulgaria NBL,10,0,1,0,0.5446,1,0,0.5433,31,28,25,96,27,123,23,3.56,1.28,6,0,0.5,0.5,0.0,2
15665877,Bulgaria NBL,10,1,0,0,0.4819,1,1,0.5392,34,29,31,103,27,131,9,3.81,1.27,6,0,0.5,0.5,0.0,2
14381849,Germany BBL,10,1,1,1,0.5287,1,1,0.5583,26,23,18,74,27,92,2,2.74,1.24,6,0,0.5,0.5,0.0,1
14381880,Germany BBL,10,0,1,0,0.6856,1,0,0.5624,30,20,21,83,27,97,5,3.07,1.17,6,0,0.5,0.5,0.0,1
15707801,French Basketball Cup,10,1,1,1,0.6057,0,0,0.4898,25,28,27,98,27,103,13,3.63,1.05,6,0,0.5,0.5,0.0,2
15898438,Meridianbet KLS,10,1,1,1,0.814,1,1,0.6267,26,26,20,81,27,110,0,3.0,1.36,6,0,0.5,0.5,0.0,2
14195126,"SLB, Women",10,0,1,0,0.7193,1,0,0.6002,18,16,22,74,27,78,8,2.74,1.05,6,0,0.5,0.5,0.0,1
14220558,Liga Femenina,10,1,1,1,0.5787,1,1,0.6028,21,23,25,78,27,101,21,2.89,1.29,6,0,0.5,0.5,0.0,2
14220562,Liga Femenina,10,1,1,1,0.6852,1,1,0.583,26,26,26,85,27,114,0,3.15,1.34,6,0,0.5,0.5,0.0,2
14220564,Liga Femenina,10,1,0,0,0.3644,1,1,0.5082,19,21,21,68,27,88,4,2.52,1.29,6,0,0.5,0.5,0.0,1
14220565,Liga Femenina,10,0,0,1,0.3221,1,0,0.5602,30,26,25,88,27,111,13,3.26,1.26,6,0,0.5,0.5,0.0,2
14220566,Liga Femenina,10,0,0,1,0.4788,0,1,0.4703,20,23,23,75,27,89,13,2.78,1.19,6,0,0.5,0.5,0.0,1
14220567,Liga Femenina,10,0,1,0,0.5029,1,0,0.6089,22,28,25,80,27,107,3,2.96,1.34,6,0,0.5,0.5,0.0,2
14220568,Liga Femenina,10,0,0,1,0.4395,0,1,0.4565,18,26,26,79,27,96,22,2.93,1.22,6,0,0.5,0.5,0.0,1
14445773,"A1 Liga, Women",10,0,1,0,0.5019,0,1,0.4856,20,23,23,71,27,103,21,2.63,1.45,6,0,0.5,0.5,0.0,2
14491635,Liga ACB,10,1,0,0,0.4543,1,1,0.5802,28,18,26,89,27,105,3,3.3,1.18,6,0,0.5,0.5,0.0,2
14538025,SLB,10,1,1,1,0.513,0,0,0.4677,18,24,26,75,27,134,24,2.78,1.79,6,0,0.5,0.5,0.0,2
15366245,"Portugal Proliga, Championship Round",10,1,1,1,0.7517,1,1,0.527,17,17,18,62,27,77,5,2.3,1.24,6,0,0.5,0.5,0.0,1
15366298,"Portugal Proliga, Relegation Round",10,0,0,1,0.4077,1,0,0.5992,24,23,26,82,27,107,13,3.04,1.3,6,0,0.5,0.5,0.0,2
15706656,SuperSport Premijer Liga,10,0,0,1,0.4548,1,0,0.5578,19,17,26,74,27,91,5,2.74,1.23,6,0,0.5,0.5,0.0,1
15706657,SuperSport Premijer Liga,10,1,0,0,0.3137,0,0,0.4223,28,17,19,69,27,96,8,2.56,1.39,6,0,0.5,0.5,0.0,1
15706660,SuperSport Premijer Liga,10,0,0,1,0.2829,0,1,0.4622,18,24,30,83,27,98,12,3.07,1.18,6,0,0.5,0.5,0.0,1
15952413,"Extraliga, Women, Playoffs",10,1,1,1,0.749,1,1,0.6073,21,15,18,64,27,66,6,2.37,1.03,6,0,0.5,0.5,0.0,1
15981647,"Super League, Relegation Round",10,1,1,1,0.5128,1,1,0.5982,17,24,25,72,27,96,4,2.67,1.33,6,0,0.5,0.5,0.0,1
15986170,"Austrian Basketball Superliga, Playoffs",10,1,1,1,0.7424,0,0,0.4478,26,31,36,103,27,119,17,3.81,1.16,6,0,0.5,0.5,0.0,2
16018327,"LF Challenge, Regular Season",10,1,1,1,0.6154,1,1,0.5163,19,21,14,62,27,80,6,2.3,1.29,6,0,0.5,0.5,0.0,1
16018329,"LF Challenge, Regular Season",10,0,0,1,0.4114,1,0,0.5388,15,17,18,59,27,74,6,2.19,1.25,6,0,0.5,0.5,0.0,1
16018345,"LF Challenge, Regular Season",10,0,0,1,0.232,0,1,0.4223,19,24,28,77,27,93,23,2.85,1.21,6,0,0.5,0.5,0.0,1
16018372,"LF Challenge, Regular Season",10,0,0,1,0.497,0,1,0.4797,27,25,18,76,27,107,1,2.81,1.41,6,0,0.5,0.5,0.0,2
16018374,"LF Challenge, Regular Season",10,0,1,0,0.7306,1,0,0.5522,24,23,21,71,27,103,21,2.63,1.45,6,0,0.5,0.5,0.0,2
16018376,"LF Challenge, Regular Season",10,0,1,0,0.6979,1,0,0.5878,23,18,17,65,27,102,18,2.41,1.57,6,0,0.5,0.5,0.0,2
16031428,"CN1 Basquetebol, 3ª Fase - Meias-Finais Sul",10,0,1,0,0.5564,1,0,0.6346,21,23,18,81,27,97,3,3.0,1.2,6,0,0.5,0.5,0.0,1
16033145,"Latvia LBL, Playoffs",10,1,1,1,0.5686,0,0,0.4219,29,23,34,96,27,113,11,3.56,1.18,6,0,0.5,0.5,0.0,2
16050929,"Tipos SBL, Playoffs",10,1,1,1,0.717,1,1,0.5452,20,19,26,70,27,92,20,2.59,1.31,6,0,0.5,0.5,0.0,1
16052784,"1st Division, Championship round",10,0,1,0,0.5524,0,1,0.4052,24,29,27,87,27,107,1,3.22,1.23,6,0,0.5,0.5,0.0,2
16063914,"Prvenstvo Hrvatske za dječake , Skupina 3",10,0,1,0,0.596,1,0,0.636,20,27,14,69,27,104,32,2.56,1.51,6,0,0.5,0.5,0.0,2
16064910,A1 Liga,10,0,1,0,0.5515,1,0,0.6119,23,18,32,87,27,101,17,3.22,1.16,6,0,0.5,0.5,0.0,2
14024442,BNXT League,10,1,1,1,0.5909,0,0,0.4916,20,24,31,82,27,97,25,3.04,1.18,6,0,0.5,0.5,0.0,1
14128983,Polish Basketball League,10,1,0,0,0.4358,0,0,0.3986,41,31,26,106,27,145,11,3.93,1.37,6,0,0.5,0.5,0.0,2
14344009,Lega A Basket,10,0,0,1,0.4621,1,0,0.5081,16,30,27,89,27,94,16,3.3,1.06,6,0,0.5,0.5,0.0,1
15566050,1. A SKL,10,1,1,1,0.6248,1,1,0.5466,27,30,29,89,27,114,4,3.3,1.28,6,0,0.5,0.5,0.0,2
15895398,Meridianbet KLS,10,0,1,0,0.7169,1,0,0.5236,22,32,28,91,27,127,11,3.37,1.4,6,0,0.5,0.5,0.0,2
16023147,"Superliga, Playoffs",10,1,0,0,0.369,0,0,0.4359,34,20,19,83,27,106,2,3.07,1.28,6,0,0.5,0.5,0.0,2
16031423,"CN1 Basquetebol, 3ª Fase - Meias-Finais Norte",10,0,1,0,0.5829,1,0,0.6315,27,21,20,76,27,97,11,2.81,1.28,6,0,0.5,0.5,0.0,1
14605496,Israeli Basketball Super League,10,1,1,1,0.6438,1,1,0.6201,36,34,21,101,27,140,4,3.74,1.39,6,0,0.5,0.5,0.0,2
14024443,BNXT League,10,0,0,1,0.3224,0,1,0.439,36,27,24,97,27,142,2,3.59,1.46,6,0,0.5,0.5,0.0,2
14024445,BNXT League,10,0,0,1,0.3122,0,1,0.4113,24,26,26,89,27,109,3,3.3,1.22,6,0,0.5,0.5,0.0,2
14024449,BNXT League,10,0,0,1,0.1925,0,1,0.4115,28,36,35,106,27,133,11,3.93,1.25,6,0,0.5,0.5,0.0,2
14272605,Élite 2,10,0,0,1,0.3947,0,1,0.3866,31,27,21,86,27,108,10,3.19,1.26,6,0,0.5,0.5,0.0,2
14373975,Primera FEB,10,1,1,1,0.6647,1,1,0.6742,22,19,29,77,27,108,12,2.85,1.4,6,0,0.5,0.5,0.0,2
14381841,Germany BBL,10,0,0,1,0.4661,1,0,0.5276,28,28,23,91,27,116,20,3.37,1.27,6,0,0.5,0.5,0.0,2
14381842,Germany BBL,10,0,0,1,0.4873,1,0,0.5342,30,33,28,108,27,127,13,4.0,1.18,6,0,0.5,0.5,0.0,2
14445771,"A1 Liga, Women",10,1,1,1,0.6576,1,1,0.5124,24,16,16,63,27,75,9,2.33,1.19,6,0,0.5,0.5,0.0,1
15465317,Liga ACB,10,1,1,1,0.701,0,0,0.4825,25,33,34,107,27,119,3,3.96,1.11,6,0,0.5,0.5,0.0,2
15974877,"Enovos League, Relegation Group",10,0,0,1,0.2914,1,0,0.5036,22,26,31,86,27,110,8,3.19,1.28,6,0,0.5,0.5,0.0,2
16018577,"Poland 1st Division Basketball, Playoffs",10,0,0,1,0.3473,0,1,0.4362,24,28,25,87,27,109,7,3.22,1.25,6,0,0.5,0.5,0.0,2
16054965,Liga Košarkaškog saveza Herceg Bosne - Playoff,10,1,0,0,0.4017,0,0,0.4538,25,27,20,84,27,117,5,3.11,1.39,6,0,0.5,0.5,0.0,2
14024447,BNXT League,10,1,1,1,0.7266,1,1,0.6226,13,22,29,70,27,83,5,2.59,1.19,6,0,0.5,0.5,0.0,1
14195127,"SLB, Women",10,0,0,1,0.4858,1,0,0.5818,29,23,34,95,27,105,5,3.52,1.11,6,0,0.5,0.5,0.0,2
14272606,Élite 2,10,1,0,0,0.4603,1,1,0.5974,25,24,30,90,27,99,9,3.33,1.1,6,0,0.5,0.5,0.0,1
16005464,"Portugal LFB Women, Playoffs",10,0,1,0,0.6959,1,0,0.655,24,18,24,76,27,97,5,2.81,1.28,6,0,0.5,0.5,0.0,1
14491638,Liga ACB,10,0,1,0,0.579,1,0,0.572,27,28,34,96,27,118,6,3.56,1.23,6,0,0.5,0.5,0.0,2
16035509,WNBA Preseason,10,0,0,1,0.4375,1,0,0.5355,34,24,42,114,27,133,11,4.22,1.17,6,0,0.5,0.5,0.0,2
16035513,WNBA Preseason,10,1,1,1,0.7324,0,0,0.4452,27,24,33,89,27,105,25,3.3,1.18,6,0,0.5,0.5,0.0,2
15935047,"NBA, Playoffs",12,0,0,1,0.4973,1,0,0.5265,30,29,26,122,27,129,9,4.52,1.06,6,0,0.5,0.5,0.0,2
16033365,"Brazil NBB, Playoffs",10,0,1,0,0.6198,1,0,0.5185,24,22,26,80,27,110,12,2.96,1.38,6,0,0.5,0.5,0.0,2
16050094,"Liga Nacional Femenina Chile, Fase regular",10,0,1,0,0.5356,0,1,0.3507,22,14,23,68,27,74,2,2.52,1.09,6,0,0.5,0.5,0.0,1
16050781,LNB 2,10,1,1,1,0.5376,1,1,0.5485,23,20,23,76,27,130,16,2.81,1.71,6,0,0.5,0.5,0.0,2
15935015,"NBA, Playoffs",12,1,1,1,0.6053,1,1,0.5408,24,26,28,113,27,112,10,4.19,0.99,6,0,0.5,0.5,0.0,2
16014399,Colombia LPB,10,0,1,0,0.5642,1,0,0.5653,19,22,34,82,27,92,2,3.04,1.12,6,0,0.5,0.5,0.0,1
16050783,LNB 2,10,1,1,1,0.566,1,1,0.6292,24,23,31,91,27,96,8,3.37,1.05,6,0,0.5,0.5,0.0,1
15939364,"LNB, Apertura",10,0,0,1,0.1671,0,1,0.4269,32,25,21,86,27,118,8,3.19,1.37,6,0,0.5,0.5,0.0,2
15981666,Superliga,10,1,1,1,0.5764,1,1,0.5643,23,25,21,85,27,107,11,3.15,1.26,6,0,0.5,0.5,0.0,2
16050093,"Liga Nacional Femenina Chile, Fase regular",10,1,1,1,0.8484,1,1,0.6481,11,29,20,62,27,84,22,2.3,1.35,6,0,0.5,0.5,0.0,1
16050784,LNB 2,10,0,0,1,0.463,1,0,0.6642,18,22,32,85,27,98,20,3.15,1.15,6,0,0.5,0.5,0.0,1
16005462,"Liga Femenina, Women, Clausura, Playoffs",10,0,1,0,0.6892,1,0,0.6664,19,16,17,59,27,72,2,2.19,1.22,6,0,0.5,0.5,0.0,1
16005465,"Liga Femenina, Women, Clausura, Playoffs",10,0,1,0,0.557,0,1,0.4001,15,19,15,58,27,70,2,2.15,1.21,6,0,0.5,0.5,0.0,1
16033352,"Brazil NBB, Playoffs",10,0,1,0,0.6007,1,0,0.5239,34,27,21,87,27,129,1,3.22,1.48,6,0,0.5,0.5,0.0,2
16035511,WNBA Preseason,10,1,1,1,0.5475,1,1,0.5032,22,30,26,88,27,97,9,3.26,1.1,6,0,0.5,0.5,0.0,1
16050812,Chile LNB,10,1,1,1,0.5593,1,1,0.6294,26,19,28,81,27,100,2,3.0,1.23,6,0,0.5,0.5,0.0,1
16051858,"Argentina Liga Nacional, Playoffs",10,0,1,0,0.7241,1,0,0.6136,26,24,25,81,27,116,4,3.0,1.43,6,0,0.5,0.5,0.0,2
15840874,Puerto Rico BSN,10,1,1,1,0.6367,0,0,0.4825,25,25,38,102,27,114,6,3.78,1.12,6,0,0.5,0.5,0.0,2
16050091,"Liga Nacional Femenina Chile, Fase regular",10,1,1,1,0.551,1,1,0.6465,24,24,31,87,27,109,33,3.22,1.25,6,0,0.5,0.5,0.0,2
16050092,"Liga Nacional Femenina Chile, Fase regular",10,0,0,1,0.4214,0,1,0.2396,19,15,22,64,27,82,36,2.37,1.28,6,0,0.5,0.5,0.0,1
16050787,LNB 2,10,0,0,1,0.4938,1,0,0.5298,21,23,23,71,27,87,19,2.63,1.23,6,0,0.5,0.5,0.0,1
16050788,LNB 2,10,1,1,1,0.543,0,0,0.3922,32,24,12,87,27,101,9,3.22,1.16,6,0,0.5,0.5,0.0,2
16056525,"Liga Argentina, Playoffs",10,1,1,1,0.6557,1,1,0.5758,17,16,28,83,27,77,5,3.07,0.93,6,0,0.5,0.5,0.0,1
16050084,"CIBACOPA , Primera Vuelta",10,1,1,1,0.8055,1,1,0.6385,25,32,28,92,27,143,21,3.41,1.55,6,0,0.5,0.5,0.0,2
15934990,"NBA, Playoffs",12,1,1,1,0.5785,0,0,0.4271,22,31,36,121,27,122,4,4.48,1.01,6,0,0.5,0.5,0.0,2
16050819,Chile LNB,10,0,1,0,0.6858,0,1,0.4389,20,29,28,82,27,115,3,3.04,1.4,6,0,0.5,0.5,0.0,2
16050827,Chile LNB,10,1,0,0,0.3296,0,0,0.3899,30,25,25,89,27,117,19,3.3,1.31,6,0,0.5,0.5,0.0,2
15968666,"Rapid League, Regular Season",10,0,0,1,0.4979,0,1,0.4366,13,11,9,40,27,49,5,1.48,1.23,6,0,0.5,0.5,0.0,0
16050083,"CIBACOPA , Segunda Vuelta",10,1,0,0,0.495,1,1,0.5011,35,27,33,110,27,131,21,4.07,1.19,6,0,0.5,0.5,0.0,2
16065406,"LMB, Apertura",10,1,0,0,0.4273,1,1,0.5876,21,30,26,84,27,120,2,3.11,1.43,6,0,0.5,0.5,0.0,2
15347689,"NBL1 South, Women",10,0,1,0,0.5062,0,1,0.4704,19,20,22,73,27,84,18,2.7,1.15,6,0,0.5,0.5,0.0,1
15656872,"Big V, Women",10,0,1,0,0.5613,1,0,0.5946,20,22,27,73,27,95,5,2.7,1.3,6,0,0.5,0.5,0.0,1
15880684,"Belize Elite Basketball League, Regular Season",10,0,0,1,0.3856,0,1,0.3189,30,15,21,75,27,104,22,2.78,1.39,6,0,0.5,0.5,0.0,2
15346946,"NBL1 Central, Women",10,1,1,1,0.7132,1,1,0.6342,33,33,23,104,27,122,16,3.85,1.17,6,0,0.5,0.5,0.0,2
16050086,"CIBACOPA , Segunda Vuelta",10,1,1,1,0.7948,1,1,0.6751,43,37,50,145,27,171,21,5.37,1.18,6,0,0.5,0.5,0.0,3
15347051,"NBL1 West, Women",10,0,0,1,0.404,0,1,0.4868,31,20,17,78,27,113,13,2.89,1.45,6,0,0.5,0.5,0.0,2
15347690,"NBL1 South, Women",10,1,1,1,0.5532,1,1,0.5004,23,18,27,80,27,88,0,2.96,1.1,6,0,0.5,0.5,0.0,1
15348060,"NBL1 East, Women",10,1,0,0,0.4223,0,0,0.4296,21,25,21,74,27,93,13,2.74,1.26,6,0,0.5,0.5,0.0,1
15656873,"Big V, Women",10,0,0,1,0.316,0,1,0.4525,27,16,26,76,27,98,0,2.81,1.29,6,0,0.5,0.5,0.0,1
16050087,"CIBACOPA , Segunda Vuelta",10,0,0,1,0.404,1,0,0.5253,30,28,37,107,27,139,1,3.96,1.3,6,0,0.5,0.5,0.0,2
16050088,"CIBACOPA , Segunda Vuelta",10,1,0,0,0.2862,1,1,0.5062,26,34,29,103,27,119,17,3.81,1.16,6,0,0.5,0.5,0.0,2
15347691,"NBL1 South, Women",10,1,1,1,0.6644,0,0,0.4967,37,31,25,106,27,149,5,3.93,1.41,6,0,0.5,0.5,0.0,2
15346948,"NBL1 Central, Women",10,0,1,0,0.5366,1,0,0.6601,24,28,17,74,27,126,12,2.74,1.7,6,0,0.5,0.5,0.0,2
15348061,"NBL1 East, Women",10,0,0,1,0.305,1,0,0.5766,30,28,14,76,27,119,21,2.81,1.57,6,0,0.5,0.5,0.0,2
15656740,Big V,10,0,0,1,0.3532,1,0,0.5394,34,33,35,110,27,151,3,4.07,1.37,6,0,0.5,0.5,0.0,3
15347891,"NBL1, East",10,0,0,1,0.3153,0,1,0.4951,28,22,26,89,27,96,8,3.3,1.08,6,0,0.5,0.5,0.0,1
15348062,"NBL1 East, Women",10,0,0,1,0.2814,0,1,0.2528,23,20,17,70,27,87,33,2.59,1.24,6,0,0.5,0.5,0.0,1
16024972,"Korean Basketball League, Playoffs",10,0,0,1,0.4449,1,0,0.5533,24,28,21,91,27,117,11,3.37,1.29,6,0,0.5,0.5,0.0,2
14620714,B2 League,10,0,1,0,0.6178,1,0,0.5509,24,24,17,75,27,116,10,2.78,1.55,6,0,0.5,0.5,0.0,2
14620715,B2 League,10,0,1,0,0.53,1,0,0.5362,27,18,24,76,27,97,25,2.81,1.28,6,0,0.5,0.5,0.0,1
14620716,B2 League,10,0,0,1,0.3685,0,1,0.3577,31,23,20,83,27,120,28,3.07,1.45,6,0,0.5,0.5,0.0,2
14620718,B2 League,10,0,0,1,0.4453,1,0,0.6451,30,31,24,101,27,128,0,3.74,1.27,6,0,0.5,0.5,0.0,2
14620893,B1 League,10,1,1,1,0.5701,1,1,0.6105,22,26,30,80,27,102,12,2.96,1.27,6,0,0.5,0.5,0.0,2
14620898,B1 League,10,1,1,1,0.6495,0,0,0.4901,27,32,24,92,27,126,4,3.41,1.37,6,0,0.5,0.5,0.0,2
14620901,B1 League,10,0,0,1,0.3478,1,0,0.5264,23,31,23,86,27,105,5,3.19,1.22,6,0,0.5,0.5,0.0,2
14620904,B1 League,10,0,0,1,0.3154,1,0,0.572,23,17,23,72,27,98,6,2.67,1.36,6,0,0.5,0.5,0.0,1
14620905,B1 League,10,0,1,0,0.6317,1,0,0.6566,27,27,20,85,27,128,2,3.15,1.51,6,0,0.5,0.5,0.0,2
15881389,B2 League,10,1,1,1,0.7201,1,1,0.5466,37,28,32,115,27,135,7,4.26,1.17,6,0,0.5,0.5,0.0,2
15347230,"NBL1, South",10,0,0,1,0.2456,1,0,0.5403,37,28,33,107,27,143,11,3.96,1.34,6,0,0.5,0.5,0.0,2
15656874,"Big V, Women",10,0,1,0,0.5128,1,0,0.5803,25,27,17,82,27,106,0,3.04,1.29,6,0,0.5,0.5,0.0,2
14620894,B1 League,10,0,0,1,0.2954,1,0,0.5167,30,34,20,95,27,118,10,3.52,1.24,6,0,0.5,0.5,0.0,2
14620897,B1 League,10,0,0,1,0.3824,0,1,0.4827,24,32,26,99,27,116,16,3.67,1.17,6,0,0.5,0.5,0.0,2
14620902,B1 League,10,1,1,1,0.8041,1,1,0.606,24,18,30,76,27,101,1,2.81,1.33,6,0,0.5,0.5,0.0,2
15881396,B2 League,10,1,1,1,0.5569,1,1,0.5449,19,22,17,63,27,93,21,2.33,1.48,6,0,0.5,0.5,0.0,1
14620899,B1 League,10,1,0,0,0.2717,0,0,0.3503,23,25,27,83,27,115,23,3.07,1.39,6,0,0.5,0.5,0.0,2
15347893,"NBL1, East",10,0,0,1,0.4534,0,1,0.487,25,29,33,98,27,128,26,3.63,1.31,6,0,0.5,0.5,0.0,2
16052804,"NBL Women , Regular Season",10,1,0,0,0.4383,0,0,0.4665,11,23,17,70,27,65,1,2.59,0.93,6,0,0.5,0.5,0.0,1
16063903,"Prvenstvo Hrvatske za dječake , Skupina 1",10,1,1,1,0.8397,1,1,0.7031,20,25,31,86,27,99,25,3.19,1.15,6,0,0.5,0.5,0.0,1
16063909,"Prvenstvo Hrvatske za dječake , Skupina 2",10,0,0,1,0.2445,0,1,0.4208,19,19,13,60,27,76,12,2.22,1.27,6,0,0.5,0.5,0.0,1
16063915,"Prvenstvo Hrvatske za dječake , Skupina 3",10,0,1,0,0.7641,1,0,0.8567,25,23,22,77,27,108,54,2.85,1.4,6,0,0.5,0.5,0.0,2
16063921,"Prvenstvo Hrvatske za dječake , Skupina 4",10,0,0,1,0.1319,0,1,0.141,27,32,24,91,27,157,61,3.37,1.73,6,0,0.5,0.5,0.0,3
15879862," Liga 1 Masculin, Faza II",10,0,1,0,0.6993,1,0,0.5203,27,28,23,87,27,107,9,3.22,1.23,6,0,0.5,0.5,0.0,2
15879869," Liga 1 Masculin, Faza II",10,0,0,1,0.4405,0,1,0.4548,23,30,30,92,27,116,4,3.41,1.26,6,0,0.5,0.5,0.0,2
16052805,"NBL Women , Regular Season",10,1,1,1,0.6987,1,1,0.6967,12,16,15,46,27,88,10,1.7,1.91,6,0,0.5,0.5,0.0,1
14620903,B1 League,10,0,1,0,0.5128,1,0,0.5369,26,32,30,100,27,126,6,3.7,1.26,6,0,0.5,0.5,0.0,2
15656693,PBA Commissioner's Cup,12,0,1,0,0.6003,1,0,0.574,23,37,29,123,27,124,20,4.56,1.01,6,0,0.5,0.5,0.0,2
16055379,"Sparkasse Prva Liga Zeni, Play off",10,1,0,0,0.4714,1,1,0.5622,17,19,19,69,27,69,5,2.56,1.0,6,0,0.5,0.5,0.0,1
14491634,Liga ACB,10,0,0,1,0.364,0,1,0.4344,25,25,27,94,27,106,4,3.48,1.13,6,0,0.5,0.5,0.0,2
15180660,Indonesian Basketball League,10,0,0,1,0.3884,0,1,0.3513,22,22,26,79,27,97,3,2.93,1.23,6,0,0.5,0.5,0.0,1
16055668,"United League, Playoffs",10,1,1,1,0.5806,1,1,0.5737,25,25,27,87,27,110,6,3.22,1.26,6,0,0.5,0.5,0.0,2
16069399,"Azerbaijan Basketball League, PLAY OFF 1/2",10,0,1,0,0.6945,1,0,0.5224,31,23,25,86,27,116,8,3.19,1.35,6,0,0.5,0.5,0.0,2
14491626,Liga ACB,10,0,1,0,0.5251,1,0,0.5513,33,30,26,107,27,161,5,3.96,1.5,6,0,0.5,0.5,0.0,3
16063904,"Prvenstvo Hrvatske za dječake , Skupina 1",10,0,1,0,0.5911,1,0,0.5308,31,20,21,81,27,98,22,3.0,1.21,6,0,0.5,0.5,0.0,1
16063910,"Prvenstvo Hrvatske za dječake , Skupina 2",10,1,1,1,0.5139,1,1,0.6874,30,12,22,73,27,110,20,2.7,1.51,6,0,0.5,0.5,0.0,2
14128987,Polish Basketball League,10,1,1,1,0.5957,1,1,0.553,24,29,30,94,27,119,3,3.48,1.27,6,0,0.5,0.5,0.0,2
14373970,Primera FEB,10,1,1,1,0.5948,1,1,0.5118,30,20,24,89,27,96,4,3.3,1.08,6,0,0.5,0.5,0.0,1
14373972,Primera FEB,10,0,0,1,0.4657,1,0,0.5233,22,29,26,89,27,118,18,3.3,1.33,6,0,0.5,0.5,0.0,2
14373976,Primera FEB,10,1,1,1,0.6708,1,1,0.614,24,32,22,92,27,120,16,3.41,1.3,6,0,0.5,0.5,0.0,2
16063916,"Prvenstvo Hrvatske za dječake , Skupina 3",10,1,1,1,0.868,1,1,0.6501,19,21,25,73,27,101,19,2.7,1.38,6,0,0.5,0.5,0.0,2
16038563,"Superleague, Playoffs",10,0,1,0,0.6722,1,0,0.6225,24,30,31,99,27,123,3,3.67,1.24,6,0,0.5,0.5,0.0,2
16046700,"FBU Superleague, Playoffs",10,1,1,1,0.6653,1,1,0.5618,23,28,20,77,27,102,0,2.85,1.32,6,0,0.5,0.5,0.0,2
15656694,PBA Commissioner's Cup,12,1,1,1,0.6454,0,0,0.462,15,30,30,111,27,114,6,4.11,1.03,6,0,0.5,0.5,0.0,2
14024448,BNXT League,10,1,1,1,0.6318,0,0,0.4438,27,17,25,82,27,92,18,3.04,1.12,6,0,0.5,0.5,0.0,1
16017305,"Swedish Basketball Superettan, Playoffs",10,1,1,1,0.5939,1,1,0.5216,36,27,36,109,27,127,21,4.04,1.17,6,0,0.5,0.5,0.0,2
16063053,"RKL Division A, Playoff",10,1,0,0,0.4421,0,0,0.4753,26,28,35,102,27,110,18,3.78,1.08,6,0,0.5,0.5,0.0,2
14500930,Turkish Basketball Super League,10,0,1,0,0.6583,1,0,0.5166,21,20,19,71,27,91,13,2.63,1.28,6,0,0.5,0.5,0.0,1
15996315,"Austrian Women's Basketball Bundesliga, Playoffs",10,0,0,1,0.2346,0,1,0.4187,29,20,16,74,27,103,13,2.74,1.39,6,0,0.5,0.5,0.0,2
16013014,"ZBL, Playoffs",10,1,0,0,0.4356,1,1,0.5063,20,29,18,79,27,87,27,2.93,1.1,6,0,0.5,0.5,0.0,1
16029445,"NLB, Playoffs",10,1,0,0,0.2621,0,0,0.4691,23,25,16,73,27,99,1,2.7,1.36,6,0,0.5,0.5,0.0,1
16029446,"NLB, Playoffs",10,0,1,0,0.5549,0,1,0.4152,22,15,23,71,27,87,1,2.63,1.23,6,0,0.5,0.5,0.0,1
16038564,"Superleague, Playoffs",10,0,1,0,0.6296,1,0,0.6293,33,20,23,94,27,103,11,3.48,1.1,6,0,0.5,0.5,0.0,2
15597872,"Nationale 1, Promotion Round",10,1,1,1,0.7182,1,1,0.5999,26,23,26,84,27,105,1,3.11,1.25,6,0,0.5,0.5,0.0,2
15597874,"Nationale 1, Promotion Round",10,0,0,1,0.4455,1,0,0.5172,24,24,22,80,27,130,12,2.96,1.62,6,0,0.5,0.5,0.0,2
15597875,"Nationale 1, Promotion Round",10,1,0,0,0.403,0,0,0.451,22,32,27,94,27,103,7,3.48,1.1,6,0,0.5,0.5,0.0,2
15597877,"Nationale 1, Promotion Round",10,1,0,0,0.4424,0,0,0.4623,20,25,22,74,27,82,2,2.74,1.11,6,0,0.5,0.5,0.0,1
15597977,"Nationale 1, Relegation Round",10,1,1,1,0.7625,1,1,0.6211,26,21,31,86,27,104,16,3.19,1.21,6,0,0.5,0.5,0.0,2
16050794,"NLB, Playoffs",10,1,0,0,0.4062,0,0,0.3864,26,24,28,91,27,106,6,3.37,1.16,6,0,0.5,0.5,0.0,2
16019425,Betsafe-LKL,10,0,1,0,0.5183,1,0,0.6443,31,23,28,98,27,109,11,3.63,1.11,6,0,0.5,0.5,0.0,2
14344075,Lega A Basket,10,0,1,0,0.5632,1,0,0.5562,25,32,20,94,27,118,14,3.48,1.26,6,0,0.5,0.5,0.0,2
15597972,"Nationale 1, Relegation Round",10,1,1,1,0.7043,1,1,0.5872,29,16,21,77,27,100,2,2.85,1.3,6,0,0.5,0.5,0.0,1
15879865," Liga 1 Masculin, Faza II",10,0,1,0,0.7647,1,0,0.6113,26,23,19,79,27,102,2,2.93,1.29,6,0,0.5,0.5,0.0,2
15884887,"Campeonato Nacional da 1ª Divisao Feminina, 2ª Fase - Grupo Promoção",10,1,1,1,0.7216,1,1,0.6265,20,23,19,68,27,95,15,2.52,1.4,6,0,0.5,0.5,0.0,1
15884888,"Campeonato Nacional da 1ª Divisao Feminina, 2ª Fase - Grupo Manutenção Norte",10,1,1,1,0.7031,1,1,0.5761,18,13,19,59,27,70,18,2.19,1.19,6,0,0.5,0.5,0.0,1
15884889,"Campeonato Nacional da 1ª Divisao Feminina, 2ª Fase - Grupo Promoção",10,1,1,1,0.5495,1,1,0.659,19,23,13,62,27,96,20,2.3,1.55,6,0,0.5,0.5,0.0,1
15884890,"Campeonato Nacional da 1ª Divisao Feminina, 2ª Fase - Grupo Promoção",10,0,1,0,0.7414,1,0,0.6074,25,27,21,79,27,98,4,2.93,1.24,6,0,0.5,0.5,0.0,1
15884891,"Campeonato Nacional da 1ª Divisao Feminina, 2ª Fase - Grupo Promoção",10,0,1,0,0.5178,1,0,0.6094,19,26,16,71,27,84,14,2.63,1.18,6,0,0.5,0.5,0.0,1
16005467,"LBF, Women",10,0,1,0,0.5203,1,0,0.5302,32,20,17,76,27,100,4,2.81,1.32,6,0,0.5,0.5,0.0,1
16030705,"1st DBBL, Playoffs",10,0,1,0,0.5634,1,0,0.6059,21,35,17,84,27,104,0,3.11,1.24,6,0,0.5,0.5,0.0,2
16033351,"Brazil NBB, Playoffs",10,0,0,1,0.425,1,0,0.5122,23,20,20,71,27,99,13,2.63,1.39,6,0,0.5,0.5,0.0,1
16035742,"LNBM Mozzart, Playoffs",10,1,1,1,0.7898,1,1,0.5673,30,23,24,93,27,107,3,3.44,1.15,6,0,0.5,0.5,0.0,2
16040711,Estonian National Women's Basketball League,10,1,0,0,0.4791,0,0,0.4002,22,17,23,76,27,79,29,2.81,1.04,6,0,0.5,0.5,0.0,1
16043594,"Korisliiga, Women, Playoffs",10,1,1,1,0.5977,1,1,0.5144,25,19,25,80,27,87,9,2.96,1.09,6,0,0.5,0.5,0.0,1
16048299,"1. Division A, Playoffs",10,1,0,0,0.4429,0,0,0.4961,24,14,29,72,27,87,15,2.67,1.21,6,0,0.5,0.5,0.0,1
16063528,"Belgian Basketball 2nd Division, Playoffs",10,0,0,1,0.3856,0,1,0.3896,34,36,21,99,27,121,19,3.67,1.22,6,0,0.5,0.5,0.0,2
14381836,Germany BBL,10,1,0,0,0.4067,1,1,0.6501,19,22,21,67,27,125,27,2.48,1.87,6,0,0.5,0.5,0.0,2
15868717,Jedinstvena kadetska liga,10,0,0,1,0.2324,0,1,0.4575,22,39,28,102,27,132,38,3.78,1.29,6,0,0.5,0.5,0.0,2
16033402,"Brazil NBB, Playoffs",10,1,1,1,0.5759,0,0,0.4268,21,27,37,91,27,117,27,3.37,1.29,6,0,0.5,0.5,0.0,2
16036801,"Liga Nationala, Relegation Playoffs",10,1,1,1,0.6701,0,0,0.4999,24,40,26,103,27,127,1,3.81,1.23,6,0,0.5,0.5,0.0,2
14272611,Élite 2,10,0,1,0,0.5709,1,0,0.5844,26,25,20,86,27,112,10,3.19,1.3,6,0,0.5,0.5,0.0,2
14344016,Lega A Basket,10,1,1,1,0.547,1,1,0.642,20,18,24,81,27,102,6,3.0,1.26,6,0,0.5,0.5,0.0,2
14491628,Liga ACB,10,1,0,0,0.3574,1,1,0.5071,29,31,31,108,27,134,4,4.0,1.24,6,0,0.5,0.5,0.0,2
14500933,Turkish Basketball Super League,10,1,1,1,0.6537,0,0,0.4717,29,19,26,85,27,107,13,3.15,1.26,6,0,0.5,0.5,0.0,2
14538028,SLB,10,0,0,1,0.3946,1,0,0.5311,23,29,23,87,27,107,5,3.22,1.23,6,0,0.5,0.5,0.0,2
15820443,I B MCKL,10,1,0,0,0.4094,0,0,0.4738,17,17,24,71,27,77,15,2.63,1.08,6,0,0.5,0.5,0.0,1
15868716,Jedinstvena kadetska liga,10,0,0,1,0.3051,0,1,0.2938,23,29,24,85,27,146,50,3.15,1.72,6,0,0.5,0.5,0.0,2
15879863," Liga 1 Masculin, Faza II",10,1,0,0,0.2247,0,0,0.424,20,24,26,95,27,103,7,3.52,1.08,6,0,0.5,0.5,0.0,2
15986171,"Austrian Basketball Superliga, Playoffs",10,1,0,0,0.4555,1,1,0.5744,28,27,19,86,27,111,11,3.19,1.29,6,0,0.5,0.5,0.0,2
16035746,"LNBM Mozzart, Playoffs",10,1,0,0,0.4012,1,1,0.5537,21,33,27,88,27,117,5,3.26,1.33,6,0,0.5,0.5,0.0,2
16035748,"LNBM Mozzart, Playoffs",10,0,0,1,0.4397,0,1,0.4994,35,25,32,98,27,120,18,3.63,1.22,6,0,0.5,0.5,0.0,2
16036802,"Liga Nationala, Relegation Playoffs",10,1,0,0,0.2898,1,1,0.528,33,26,22,88,27,118,16,3.26,1.34,6,0,0.5,0.5,0.0,2
16040726,"Prva Liga, Playoffs",10,1,0,0,0.3829,0,0,0.3819,17,15,20,61,27,77,13,2.26,1.26,6,0,0.5,0.5,0.0,1
16048300,"Korisliiga, Playoffs",10,0,1,0,0.7402,1,0,0.6171,25,24,25,84,27,101,5,3.11,1.2,6,0,0.5,0.5,0.0,2
16050750,"Korisliiga, Playoffs",10,1,1,1,0.6593,1,1,0.5284,20,30,25,91,27,110,14,3.37,1.21,6,0,0.5,0.5,0.0,2
16055666,"United League, Playoffs",10,1,0,0,0.4856,0,0,0.4968,28,24,21,82,27,103,15,3.04,1.26,6,0,0.5,0.5,0.0,2
14128984,Polish Basketball League,10,1,0,0,0.4215,1,1,0.5655,28,31,20,88,27,124,8,3.26,1.41,6,0,0.5,0.5,0.0,2
16012778,"Austrian Basketball Superliga, Playoffs",10,0,1,0,0.5492,1,0,0.5379,32,30,35,103,27,136,32,3.81,1.32,6,0,0.5,0.5,0.0,2
16063530,"Belgian Basketball 2nd Division, Playoffs",10,1,0,0,0.483,1,1,0.5877,27,19,27,89,27,93,1,3.3,1.04,6,0,0.5,0.5,0.0,1
16006598,Israeli Basketball Super League,10,0,0,1,0.4435,1,0,0.5343,28,31,33,105,27,126,2,3.89,1.2,6,0,0.5,0.5,0.0,2
14341118,"Serie B, Group A",10,0,1,0,0.5175,1,0,0.521,27,26,22,81,27,127,11,3.0,1.57,6,0,0.5,0.5,0.0,2
14341120,"Serie B, Group A",10,0,0,1,0.4262,0,1,0.4633,21,31,23,82,27,100,6,3.04,1.22,6,0,0.5,0.5,0.0,1
14341125,"Serie B, Group A",10,1,1,1,0.8164,1,1,0.7734,26,20,25,80,27,90,34,2.96,1.12,6,0,0.5,0.5,0.0,1
14341127,"Serie B, Group A",10,1,0,0,0.4491,1,1,0.5211,29,29,14,83,27,110,22,3.07,1.33,6,0,0.5,0.5,0.0,2
14341128,"Serie B, Group A",10,1,0,0,0.4396,0,0,0.4772,27,29,31,95,27,116,14,3.52,1.22,6,0,0.5,0.5,0.0,2
14341130,"Serie B, Group A",10,1,1,1,0.8301,1,1,0.6494,19,20,31,74,27,90,34,2.74,1.22,6,0,0.5,0.5,0.0,1
14341131,"Serie B, Group A",10,1,1,1,0.5864,0,0,0.4774,28,20,22,77,27,87,5,2.85,1.13,6,0,0.5,0.5,0.0,1
14341467,"Serie B, Group B",10,1,1,1,0.6823,1,1,0.6105,21,17,21,62,27,109,17,2.3,1.76,6,0,0.5,0.5,0.0,2
14341468,"Serie B, Group B",10,1,1,1,0.7788,1,1,0.6304,25,27,18,75,27,106,4,2.78,1.41,6,0,0.5,0.5,0.0,2
14341470,"Serie B, Group B",10,1,0,0,0.3538,0,0,0.4001,23,19,29,79,27,97,1,2.93,1.23,6,0,0.5,0.5,0.0,1
14341471,"Serie B, Group B",10,0,1,0,0.7373,1,0,0.6885,23,26,22,77,27,99,33,2.85,1.29,6,0,0.5,0.5,0.0,1
14341472,"Serie B, Group B",10,1,1,1,0.5246,1,1,0.5964,29,22,15,75,27,99,9,2.78,1.32,6,0,0.5,0.5,0.0,1
14341473,"Serie B, Group B",10,0,0,1,0.3511,1,0,0.5989,27,33,23,92,27,118,14,3.41,1.28,6,0,0.5,0.5,0.0,2
14341474,"Serie B, Group B",10,1,1,1,0.744,1,1,0.5958,26,22,17,73,27,104,10,2.7,1.42,6,0,0.5,0.5,0.0,2
14341475,"Serie B, Group B",10,1,1,1,0.5426,1,1,0.546,24,24,23,97,27,114,10,3.59,1.18,6,0,0.5,0.5,0.0,2
14341476,"Serie B, Group B",10,1,1,1,0.6695,1,1,0.5015,24,28,24,82,27,121,9,3.04,1.48,6,0,0.5,0.5,0.0,2
14341848,Serie A2,10,0,0,1,0.448,1,0,0.5911,25,26,17,77,27,108,22,2.85,1.4,6,0,0.5,0.5,0.0,2
14341850,Serie A2,10,1,1,1,0.6761,1,1,0.5254,28,16,27,83,27,98,0,3.07,1.18,6,0,0.5,0.5,0.0,1
14341852,Serie A2,10,1,1,1,0.5486,0,0,0.429,42,22,25,102,27,130,10,3.78,1.27,6,0,0.5,0.5,0.0,2
14341853,Serie A2,10,0,1,0,0.5826,0,1,0.4498,20,24,25,76,27,103,25,2.81,1.36,6,0,0.5,0.5,0.0,2
14341854,Serie A2,10,1,1,1,0.5464,0,0,0.443,30,26,23,86,27,121,7,3.19,1.41,6,0,0.5,0.5,0.0,2
14341855,Serie A2,10,1,0,0,0.4484,1,1,0.5747,22,28,30,92,27,101,5,3.41,1.1,6,0,0.5,0.5,0.0,2
14341856,Serie A2,10,1,1,1,0.6683,1,1,0.5471,27,28,26,89,27,120,2,3.3,1.35,6,0,0.5,0.5,0.0,2
14341857,Serie A2,10,0,0,1,0.4133,0,1,0.4456,19,25,26,75,27,100,14,2.78,1.33,6,0,0.5,0.5,0.0,1
14341859,Serie A2,10,0,0,1,0.3922,1,0,0.5462,25,27,24,84,27,117,25,3.11,1.39,6,0,0.5,0.5,0.0,2
14344012,Lega A Basket,10,1,1,1,0.5438,1,1,0.5894,22,24,26,85,27,101,19,3.15,1.19,6,0,0.5,0.5,0.0,2
14373971,Primera FEB,10,1,1,1,0.6313,1,1,0.5911,23,27,17,78,27,110,2,2.89,1.41,6,0,0.5,0.5,0.0,2
14373974,Primera FEB,10,0,0,1,0.4841,1,0,0.5759,24,22,26,87,27,113,17,3.22,1.3,6,0,0.5,0.5,0.0,2
14381847,Germany BBL,10,0,0,1,0.3932,0,1,0.4324,22,20,24,75,27,93,9,2.78,1.24,6,0,0.5,0.5,0.0,1
14445769,"A1 Liga, Women",10,1,1,1,0.543,0,0,0.4787,19,24,25,82,27,99,9,3.04,1.21,6,0,0.5,0.5,0.0,1
14670970,"Serie B, Group A",10,0,0,1,0.4294,1,0,0.5722,28,21,27,90,27,108,16,3.33,1.2,6,0,0.5,0.5,0.0,2
15684741,"NB I, Women, Relegation Round",10,0,1,0,0.6028,1,0,0.5661,24,26,22,80,27,102,10,2.96,1.27,6,0,0.5,0.5,0.0,2
15684745,"NB I, Women, Relegation Round",10,1,1,1,0.6589,0,0,0.2957,26,33,28,97,27,127,29,3.59,1.31,6,0,0.5,0.5,0.0,2
15981650,"Super League, Relegation Round",10,0,0,1,0.3906,0,1,0.4398,29,24,25,86,27,114,12,3.19,1.33,6,0,0.5,0.5,0.0,2
16017473,"Swedish Basketball Superettan, Playoffs",10,1,1,1,0.5323,1,1,0.5174,25,21,19,74,27,129,17,2.74,1.74,6,0,0.5,0.5,0.0,2
16024394,"Swedish Basketball League Women, Playoffs",10,1,1,1,0.5391,1,1,0.5943,22,23,32,86,27,97,17,3.19,1.13,6,0,0.5,0.5,0.0,1
16035739,"Liga Nationala, Relegation Playoffs",10,0,0,1,0.4743,1,0,0.6542,28,27,22,83,27,98,2,3.07,1.18,6,0,0.5,0.5,0.0,1
16035745,"Liga Nationala, Relegation Playoffs",10,1,1,1,0.5804,1,1,0.6318,20,25,26,83,27,105,7,3.07,1.27,6,0,0.5,0.5,0.0,2
16035749,"LNBM Mozzart, Playoffs",10,0,1,0,0.5982,1,0,0.5911,23,22,24,84,27,93,11,3.11,1.11,6,0,0.5,0.5,0.0,1
16036661,"LNB, Women, Playoffs",10,0,0,1,0.3644,0,1,0.4127,28,31,28,94,27,123,21,3.48,1.31,6,0,0.5,0.5,0.0,2
16040257,"Prva Liga, Playoffs",10,0,0,1,0.4551,0,1,0.4588,24,31,29,92,27,130,10,3.41,1.41,6,0,0.5,0.5,0.0,2
16042736,"Poland 1st Division Basketball, Playoffs",10,0,1,0,0.5575,0,1,0.4453,27,26,27,90,27,104,20,3.33,1.16,6,0,0.5,0.5,0.0,2
16071343,"Poland 1st Division Basketball, Playoffs",10,0,0,1,0.3248,1,0,0.5271,31,28,30,104,27,118,2,3.85,1.13,6,0,0.5,0.5,0.0,2
14428881,Betsafe-LKL,10,1,1,1,0.7674,1,1,0.5762,23,28,29,91,27,100,8,3.37,1.1,6,0,0.5,0.5,0.0,1
14373973,Primera FEB,10,1,1,1,0.5557,1,1,0.6362,24,28,28,88,27,116,4,3.26,1.32,6,0,0.5,0.5,0.0,2
14344076,Lega A Basket,10,1,1,1,0.5441,0,0,0.4575,26,32,25,95,27,125,13,3.52,1.32,6,0,0.5,0.5,0.0,2
14538029,SLB,10,1,1,1,0.5466,1,1,0.6636,25,25,29,90,27,113,17,3.33,1.26,6,0,0.5,0.5,0.0,2
15597921,"Nationale 1, Relegation Round",10,1,1,1,0.52,0,0,0.4445,26,17,30,87,27,96,6,3.22,1.1,6,0,0.5,0.5,0.0,1
15690849,Israeli Basketball Super League,10,0,1,0,0.6603,1,0,0.5505,29,30,19,86,27,99,7,3.19,1.15,6,0,0.5,0.5,0.0,1
16075349,"Israeli Women Basketball Premier League, Playoffs",10,1,1,1,0.625,1,1,0.5423,18,21,18,63,27,88,10,2.33,1.4,6,0,0.5,0.5,0.0,1
14344011,Lega A Basket,10,0,0,1,0.498,1,0,0.6249,31,32,30,103,27,141,9,3.81,1.37,6,0,0.5,0.5,0.0,2
14445768,"A1 Liga, Women",10,1,1,1,0.5278,1,1,0.5093,28,17,23,71,27,105,23,2.63,1.48,6,0,0.5,0.5,0.0,2
15366290,"Portugal Proliga, Relegation Round",10,1,1,1,0.5191,1,1,0.5903,27,27,28,96,27,113,13,3.56,1.18,6,0,0.5,0.5,0.0,2
15706652,SuperSport Premijer Liga,10,1,1,1,0.694,1,1,0.5849,27,29,32,98,27,132,32,3.63,1.35,6,0,0.5,0.5,0.0,2
15886468,"Campeonato Nacional da 1ª Divisao Feminina, 2ª Fase - Grupo Manutenção Norte",10,0,1,0,0.5557,1,0,0.5902,22,25,18,69,27,97,5,2.56,1.41,6,0,0.5,0.5,0.0,1
15935035,"NBA, Playoffs",12,1,0,0,0.4743,1,1,0.5185,14,22,31,104,27,88,2,3.85,0.85,6,0,0.5,0.5,0.0,1
16031431,"CN1 Basquetebol, 3ª Fase - Meias-Finais Sul",10,0,0,1,0.4527,1,0,0.5316,22,20,25,74,27,91,19,2.74,1.23,6,0,0.5,0.5,0.0,1
16055378,"Sparkasse Prva Liga Zeni, Play off",10,1,1,1,0.5725,1,1,0.5802,20,17,27,69,27,90,8,2.56,1.3,6,0,0.5,0.5,0.0,1
16075752,"Superliga, Women",10,1,1,1,0.7736,1,1,0.628,24,21,22,77,27,88,22,2.85,1.14,6,0,0.5,0.5,0.0,1
16037376,"Superliga, Playoffs",10,0,0,1,0.4714,0,1,0.4172,22,28,34,101,27,113,5,3.74,1.12,6,0,0.5,0.5,0.0,2
14373977,Primera FEB,10,0,1,0,0.5225,1,0,0.5865,28,27,30,99,27,116,4,3.67,1.17,6,0,0.5,0.5,0.0,2
15515864,"ABA Liga, Relegation Round",10,0,0,1,0.1969,0,1,0.3798,25,30,35,105,27,125,3,3.89,1.19,6,0,0.5,0.5,0.0,2
15981662,Superliga,10,0,1,0,0.7091,1,0,0.6174,21,23,18,73,27,91,9,2.7,1.25,6,0,0.5,0.5,0.0,1
16042735,"Poland 1st Division Basketball, Playoffs",10,1,1,1,0.6023,0,0,0.4599,26,23,32,88,27,97,13,3.26,1.1,6,0,0.5,0.5,0.0,1
16042737,"Poland 1st Division Basketball, Playoffs",10,1,1,1,0.551,1,1,0.5233,20,26,33,86,27,106,20,3.19,1.23,6,0,0.5,0.5,0.0,2
16050095,"Liga Nacional Femenina Chile, Fase regular",10,1,1,1,0.5791,1,1,0.6313,24,23,17,76,27,97,11,2.81,1.28,6,0,0.5,0.5,0.0,1
16050097,"Liga Nacional Femenina Chile, Fase regular",10,1,1,1,0.6595,1,1,0.5215,19,16,27,71,27,72,14,2.63,1.01,6,0,0.5,0.5,0.0,1
16054964,"Liga KS HB, Playoff",10,1,1,1,0.78,1,1,0.526,22,19,20,66,27,81,9,2.44,1.23,6,0,0.5,0.5,0.0,1
16062895,"1. Division, Women, Playoffs",10,0,1,0,0.6907,1,0,0.5274,21,20,18,63,27,89,7,2.33,1.41,6,0,0.5,0.5,0.0,1
16060694,"A1 Women, Playoffs",10,0,1,0,0.5682,1,0,0.587,23,23,24,80,27,94,8,2.96,1.18,6,0,0.5,0.5,0.0,1
16063540,"Belgian Basketball 2nd Division, Playoffs",10,0,1,0,0.5187,1,0,0.5117,29,18,32,93,27,102,10,3.44,1.1,6,0,0.5,0.5,0.0,2
16033371,"Brazil NBB, Playoffs",10,0,0,1,0.272,0,1,0.4455,24,25,31,108,27,101,5,4.0,0.94,6,0,0.5,0.5,0.0,2
16037848,"Iceland Basketball Premier League, Playoffs",10,1,0,0,0.4191,0,0,0.4826,22,26,19,71,27,142,12,2.63,2.0,6,0,0.5,0.5,0.0,2
15934996,"NBA, Playoffs",12,0,0,1,0.3795,1,0,0.5205,24,26,23,108,27,107,9,4.0,0.99,6,0,0.5,0.5,0.0,2
15981663,Superliga,10,1,1,1,0.5606,1,1,0.5514,32,23,21,85,27,144,6,3.15,1.69,6,0,0.5,0.5,0.0,2
15981664,Superliga,10,0,1,0,0.6204,0,1,0.4173,19,25,28,80,27,94,22,2.96,1.18,6,0,0.5,0.5,0.0,1
16033370,"Brazil NBB, Playoffs",10,1,0,0,0.4745,1,1,0.5417,23,26,21,82,27,116,16,3.04,1.41,6,0,0.5,0.5,0.0,2
16050795,LNB 2,10,1,0,0,0.3507,0,0,0.4281,26,29,20,78,27,122,16,2.89,1.56,6,0,0.5,0.5,0.0,2
16050098,"Liga Nacional Femenina Chile, Fase regular",10,0,0,1,0.413,1,0,0.5398,26,27,24,87,27,108,0,3.22,1.24,6,0,0.5,0.5,0.0,2
16050796,LNB 2,10,0,0,1,0.4291,0,1,0.3558,12,23,16,56,27,86,26,2.07,1.54,6,0,0.5,0.5,0.0,1
16050797,LNB 2,10,0,0,1,0.3554,0,1,0.4518,20,20,20,70,27,96,8,2.59,1.37,6,0,0.5,0.5,0.0,1
15935027,"NBA, Playoffs",12,0,0,1,0.497,0,1,0.4973,27,21,41,116,27,106,20,4.3,0.91,6,0,0.5,0.5,0.0,2
16050089,"CIBACOPA , Segunda Vuelta",10,0,0,1,0.3489,0,1,0.4105,26,31,38,109,27,124,16,4.04,1.14,6,0,0.5,0.5,0.0,2
16050818,Chile LNB,10,1,1,1,0.5116,0,0,0.4308,27,25,25,83,27,114,10,3.07,1.37,6,0,0.5,0.5,0.0,2
16072906,"Liga Femenina, Women, Clausura, Playoffs",10,1,1,1,0.6957,1,1,0.7182,15,14,25,63,27,68,8,2.33,1.08,6,0,0.5,0.5,0.0,1
16050085,"CIBACOPA , Primera Vuelta",10,0,1,0,0.8299,1,0,0.6281,33,24,32,98,27,127,7,3.63,1.3,6,0,0.5,0.5,0.0,2
16050814,Chile LNB,10,0,1,0,0.6914,1,0,0.6078,36,35,22,101,27,137,9,3.74,1.36,6,0,0.5,0.5,0.0,2
16050828,Chile LNB,10,1,0,0,0.3353,0,0,0.4073,33,34,31,107,27,130,8,3.96,1.21,6,0,0.5,0.5,0.0,2
16051852,"Argentina Liga Nacional, Playoffs",10,1,0,0,0.4933,1,1,0.5514,26,27,23,82,27,110,6,3.04,1.34,6,0,0.5,0.5,0.0,2
16062896,"Liga Argentina, Playoffs",10,1,1,1,0.5468,1,1,0.5301,22,34,14,84,27,136,6,3.11,1.62,6,0,0.5,0.5,0.0,2
15951783,"LMB, Apertura",10,0,1,0,0.5167,1,0,0.5104,27,31,22,82,27,112,4,3.04,1.37,6,0,0.5,0.5,0.0,2
15951787,"LMB, Apertura",10,0,0,1,0.3916,0,1,0.4071,25,25,26,83,27,122,20,3.07,1.47,6,0,0.5,0.5,0.0,2
16035607,WNBA Preseason,10,1,1,1,0.599,0,0,0.418,37,24,19,91,27,117,21,3.37,1.29,6,0,0.5,0.5,0.0,2
16051850,"Argentina Liga Nacional, Playoffs",10,1,1,1,0.51,0,0,0.4962,28,32,25,89,27,110,18,3.3,1.24,6,0,0.5,0.5,0.0,2
16062897,"Liga Argentina, Playoffs",10,1,1,1,0.7582,1,1,0.5036,29,31,26,93,27,122,0,3.44,1.31,6,0,0.5,0.5,0.0,2
16050820,Chile LNB,10,0,0,1,0.3886,0,1,0.4047,27,18,17,87,27,97,5,3.22,1.11,6,0,0.5,0.5,0.0,1
15968668,"Rapid League, Regular Season",10,1,0,0,0.4842,0,0,0.469,12,9,5,37,27,39,5,1.37,1.05,6,0,0.5,0.5,0.0,0
15934982,"NBA, Playoffs",12,0,0,1,0.4621,0,1,0.4998,28,31,29,118,27,113,15,4.37,0.96,6,0,0.5,0.5,0.0,2
15968670,"Rapid League, Regular Season",10,1,1,1,0.553,0,0,0.3805,8,11,4,32,27,39,7,1.19,1.22,6,0,0.5,0.5,0.0,0
15991458,MPBL,10,1,0,0,0.3817,0,0,0.3824,22,26,26,81,27,104,4,3.0,1.28,6,0,0.5,0.5,0.0,2
15991459,MPBL,10,0,0,1,0.3672,0,1,0.4253,29,33,26,99,27,133,13,3.67,1.34,6,0,0.5,0.5,0.0,2
16024969,"Korean Basketball League, Playoffs",10,0,0,1,0.4678,1,0,0.5947,23,28,20,77,27,125,15,2.85,1.62,6,0,0.5,0.5,0.0,2
16042431,"Super League, Placement 5-8",10,0,0,1,0.3785,1,0,0.503,27,27,27,94,27,121,23,3.48,1.29,6,0,0.5,0.5,0.0,2
15991460,MPBL,10,1,1,1,0.6626,1,1,0.5067,28,25,28,91,27,120,22,3.37,1.32,6,0,0.5,0.5,0.0,2
15485324,"ABA Liga, Relegation Round",10,1,1,1,0.6734,1,1,0.5064,28,24,28,85,27,110,2,3.15,1.29,6,0,0.5,0.5,0.0,2
16038580,"Superleague, Rel/Prom Playoffs",10,0,0,1,0.3273,1,0,0.567,24,29,35,101,27,109,15,3.74,1.08,6,0,0.5,0.5,0.0,2
14428882,Betsafe-LKL,10,1,1,1,0.7335,1,1,0.5925,23,30,34,95,27,110,12,3.52,1.16,6,0,0.5,0.5,0.0,2
14605511,Israeli Basketball Super League,10,1,1,1,0.5799,1,1,0.6223,16,22,27,79,27,80,10,2.93,1.01,6,0,0.5,0.5,0.0,1
15566053,1. A SKL,10,0,1,0,0.6483,1,0,0.5042,20,21,19,66,27,88,4,2.44,1.33,6,0,0.5,0.5,0.0,1
16033142,"Latvia LBL, Playoffs",10,1,0,0,0.3152,0,0,0.4036,27,24,29,90,27,112,8,3.33,1.24,6,0,0.5,0.5,0.0,2
16035871,"NBL, Playoff",10,0,1,0,0.5092,1,0,0.6125,33,27,39,113,27,122,8,4.19,1.08,6,0,0.5,0.5,0.0,2
16044913,"KML, Playoffs",10,0,0,1,0.3679,0,1,0.4594,25,24,27,84,27,107,13,3.11,1.27,6,0,0.5,0.5,0.0,2
16063967,"Basketligaen, Playoffs",10,0,1,0,0.6291,1,0,0.5148,32,23,27,94,27,118,12,3.48,1.26,6,0,0.5,0.5,0.0,2
16068823,Turkish Basketball Super League,10,0,1,0,0.5069,1,0,0.562,30,28,27,100,27,133,23,3.7,1.33,6,0,0.5,0.5,0.0,2
16069023,"NBL, Relegation/Promotion Playoff",10,0,1,0,0.5239,1,0,0.6151,19,28,23,73,27,103,17,2.7,1.41,6,0,0.5,0.5,0.0,2
16070707,"Premier League, Women, Playoffs",10,0,0,1,0.4086,0,1,0.486,29,24,28,86,27,120,6,3.19,1.4,6,0,0.5,0.5,0.0,2
16039350,"United League, Playoffs",10,1,1,1,0.7463,1,1,0.6345,26,29,25,90,27,119,21,3.33,1.32,6,0,0.5,0.5,0.0,2
16033268,"Slovenian Second Basketball League, Finale",10,0,0,1,0.4299,1,0,0.5288,19,17,22,67,27,83,15,2.48,1.24,6,0,0.5,0.5,0.0,1
16039343,"United League, Playoffs",10,1,0,0,0.498,1,1,0.5912,24,29,38,99,27,113,7,3.67,1.14,6,0,0.5,0.5,0.0,2
16050798,"Swedish Basketball League, Playoffs",10,1,1,1,0.5487,1,1,0.5499,29,19,27,87,27,116,8,3.22,1.33,6,0,0.5,0.5,0.0,2
16063961,"Basketligaen, Playoffs",10,0,0,1,0.4187,1,0,0.5833,31,28,26,98,27,125,5,3.63,1.28,6,0,0.5,0.5,0.0,2
14381846,Germany BBL,10,0,0,1,0.4395,0,1,0.4864,25,22,22,80,27,105,13,2.96,1.31,6,0,0.5,0.5,0.0,2
15978555,"Super League, Championship Round",10,0,0,1,0.4497,1,0,0.5898,28,20,22,78,27,106,2,2.89,1.36,6,0,0.5,0.5,0.0,2
16021970,"Iceland Women's Basketball Premier League, Playoffs",10,0,0,1,0.4095,0,1,0.4016,26,29,32,100,27,111,19,3.7,1.11,6,0,0.5,0.5,0.0,2
16017465,Colombia LPB,10,1,1,1,0.7195,1,1,0.6689,29,26,26,83,27,104,24,3.07,1.25,6,0,0.5,0.5,0.0,2
16033369,"Brazil NBB, Playoffs",10,1,1,1,0.5523,1,1,0.6101,26,20,29,84,27,104,4,3.11,1.24,6,0,0.5,0.5,0.0,2
15939371,"LNB, Apertura",10,1,1,1,0.601,1,1,0.6268,25,30,24,89,27,115,7,3.3,1.29,6,0,0.5,0.5,0.0,2
16033354,"Brazil NBB, Playoffs",10,1,1,1,0.6166,0,0,0.4734,20,14,25,64,27,88,2,2.37,1.38,6,0,0.5,0.5,0.0,1
16066328,"LBF, Women",10,1,1,1,0.5131,1,1,0.5149,18,24,25,77,27,89,15,2.85,1.16,6,0,0.5,0.5,0.0,1
15939344,"LNB, Apertura",10,1,0,0,0.4231,1,1,0.5644,29,30,25,93,27,118,6,3.44,1.27,6,0,0.5,0.5,0.0,2
15981665,Superliga,10,0,1,0,0.5329,1,0,0.584,21,27,22,79,27,114,16,2.93,1.44,6,0,0.5,0.5,0.0,2
15981667,Superliga,10,1,1,1,0.6427,1,1,0.5721,23,29,27,93,27,116,10,3.44,1.25,6,0,0.5,0.5,0.0,2
15981669,Superliga,10,0,0,1,0.3797,0,1,0.3476,19,27,17,67,27,102,22,2.48,1.52,6,0,0.5,0.5,0.0,2
15939342,"LNB, Apertura",10,0,0,1,0.2783,0,1,0.3826,31,21,21,84,27,112,10,3.11,1.33,6,0,0.5,0.5,0.0,2
16051847,"Argentina Liga Nacional, Playoffs",10,1,1,1,0.5794,1,1,0.5856,30,28,27,98,27,111,1,3.63,1.13,6,0,0.5,0.5,0.0,2
16043596,WNBA Preseason,10,1,1,1,0.657,1,1,0.6592,33,30,27,102,27,116,10,3.78,1.14,6,0,0.5,0.5,0.0,2
16051848,"Argentina Liga Nacional, Playoffs",10,1,1,1,0.5911,1,1,0.6386,32,25,30,94,27,111,1,3.48,1.18,6,0,0.5,0.5,0.0,2
15935048,"NBA, Playoffs",12,0,0,1,0.4917,1,0,0.516,34,33,35,130,27,154,6,4.81,1.18,6,0,0.5,0.5,0.0,3
15934989,"NBA, Playoffs",12,0,1,0,0.5655,1,0,0.566,29,24,33,127,27,123,15,4.7,0.97,6,0,0.5,0.5,0.0,2
15991461,MPBL,10,1,1,1,0.5639,1,1,0.5241,21,27,27,92,27,102,2,3.41,1.11,6,0,0.5,0.5,0.0,2
15656695,PBA Commissioner's Cup,12,1,1,1,0.5016,0,0,0.4739,24,28,42,132,27,123,1,4.89,0.93,6,0,0.5,0.5,0.0,2
15991462,MPBL,10,1,0,0,0.4709,1,1,0.5533,29,28,32,98,27,117,21,3.63,1.19,6,0,0.5,0.5,0.0,2
16024970,"Korean Basketball League, Playoffs",10,0,0,1,0.4138,0,1,0.4454,27,20,25,86,27,102,12,3.19,1.19,6,0,0.5,0.5,0.0,2
16043597,"Super League, Placement 5-8",10,1,1,1,0.548,1,1,0.5383,28,25,22,85,27,111,3,3.15,1.31,6,0,0.5,0.5,0.0,2
15656696,PBA Commissioner's Cup,12,0,1,0,0.6621,1,0,0.6855,25,25,28,99,27,113,3,3.67,1.14,6,0,0.5,0.5,0.0,2
16080234,China CBA,10,0,0,1,0.4274,1,0,0.554,26,28,24,89,27,108,6,3.3,1.21,6,0,0.5,0.5,0.0,2
16080236,China CBA,10,0,1,0,0.6954,1,0,0.527,20,29,18,72,27,106,8,2.67,1.47,6,0,0.5,0.5,0.0,2
15991463,MPBL,10,1,0,0,0.4346,0,0,0.3787,23,24,33,93,27,101,9,3.44,1.09,6,0,0.5,0.5,0.0,2
16038887,"Superleague, Playoffs",10,0,0,1,0.2961,0,1,0.4947,21,24,25,81,27,109,1,3.0,1.35,6,0,0.5,0.5,0.0,2
16075350,"Israeli Women Basketball Premier League, Playoffs",10,1,0,0,0.4105,0,0,0.445,24,18,19,70,27,98,28,2.59,1.4,6,0,0.5,0.5,0.0,1
16035741,"LNBM Mozzart, Playoffs",10,1,1,1,0.7081,1,1,0.5965,25,29,29,100,27,114,4,3.7,1.14,6,0,0.5,0.5,0.0,2
16043598,"Super League, Placement 5-8",10,0,0,1,0.4668,1,0,0.6127,24,23,20,78,27,102,14,2.89,1.31,6,0,0.5,0.5,0.0,2
16038888,"Superleague, Playoffs",10,0,0,1,0.4875,1,0,0.5481,19,21,22,73,27,126,6,2.7,1.73,6,0,0.5,0.5,0.0,2
16039704,"NKL, Playoffs",10,1,0,0,0.4198,0,0,0.4926,27,30,19,88,27,120,2,3.26,1.36,6,0,0.5,0.5,0.0,2
16064738,"I A MCKL, Playoffs",10,0,1,0,0.5269,1,0,0.5736,25,26,22,82,27,121,19,3.04,1.48,6,0,0.5,0.5,0.0,2
15566054,1. A SKL,10,1,0,0,0.4772,1,1,0.5302,24,26,32,90,27,119,7,3.33,1.32,6,0,0.5,0.5,0.0,2
16075464,"Korisliiga, Playoffs",10,1,1,1,0.555,1,1,0.5489,23,26,24,82,27,116,6,3.04,1.41,6,0,0.5,0.5,0.0,2
16075465,"Korisliiga, Playoffs",10,1,1,1,0.5059,0,0,0.4563,20,19,14,61,27,90,12,2.26,1.48,6,0,0.5,0.5,0.0,1
15859418,Israeli National League Basketball,10,0,0,1,0.4583,1,0,0.6561,20,30,35,98,27,106,18,3.63,1.08,6,0,0.5,0.5,0.0,2
16064801,Israeli National League Basketball,10,0,0,1,0.2728,0,1,0.4605,23,29,20,75,27,108,4,2.78,1.44,6,0,0.5,0.5,0.0,2
16064802,Israeli National League Basketball,10,1,1,1,0.6768,1,1,0.6231,16,26,29,83,27,98,12,3.07,1.18,6,0,0.5,0.5,0.0,1
16064810,Israeli National League Basketball,10,1,1,1,0.7136,1,1,0.5965,29,37,35,117,27,152,14,4.33,1.3,6,0,0.5,0.5,0.0,3
16064812,Israeli National League Basketball,10,0,0,1,0.4777,1,0,0.5473,32,18,20,78,27,108,14,2.89,1.38,6,0,0.5,0.5,0.0,2
16064847,Israeli National League Basketball,10,0,0,1,0.217,0,1,0.4529,22,21,21,74,27,89,11,2.74,1.2,6,0,0.5,0.5,0.0,1
15566052,1. A SKL,10,0,0,1,0.3011,0,1,0.4089,25,19,22,73,27,98,2,2.7,1.34,6,0,0.5,0.5,0.0,1
15981645,"Super League, Relegation Round",10,1,1,1,0.5115,0,0,0.4394,18,25,27,81,27,109,15,3.0,1.35,6,0,0.5,0.5,0.0,2
16035864,"NBL, Playoff",10,0,1,0,0.5826,1,0,0.6186,26,29,35,101,27,118,12,3.74,1.17,6,0,0.5,0.5,0.0,2
16035870,"NBL, Playoff",10,0,1,0,0.6434,1,0,0.6329,35,29,43,120,27,119,1,4.44,0.99,6,0,0.5,0.5,0.0,2
16043601,"Super League, Playoffs",10,1,0,0,0.4972,1,1,0.5065,23,27,29,89,27,108,30,3.3,1.21,6,0,0.5,0.5,0.0,2
16055669,"United League, Playoffs",10,1,0,0,0.4829,1,1,0.5496,21,21,21,75,27,92,14,2.78,1.23,6,0,0.5,0.5,0.0,1
16043602,"NBL, Playoffs",10,0,0,1,0.3521,1,0,0.5104,28,19,29,91,27,101,7,3.37,1.11,6,0,0.5,0.5,0.0,2
16057325,"Cyprus Basketball Division A, Playoffs",10,1,0,0,0.2707,0,0,0.413,23,30,30,100,27,119,1,3.7,1.19,6,0,0.5,0.5,0.0,2
16074201,"ABA Liga, Play-in",10,1,1,1,0.5085,1,1,0.553,28,30,21,92,27,107,1,3.41,1.16,6,0,0.5,0.5,0.0,2
14128954,Polish Basketball League,10,1,0,0,0.4107,0,0,0.4427,35,30,35,116,27,139,7,4.3,1.2,6,0,0.5,0.5,0.0,2
16043603,"NBL, Playoffs",10,0,0,1,0.253,0,1,0.4983,24,24,30,86,27,154,12,3.19,1.79,6,0,0.5,0.5,0.0,3
16055667,"United League, Playoffs",10,1,1,1,0.6047,0,0,0.4517,23,26,22,78,27,104,14,2.89,1.33,6,0,0.5,0.5,0.0,2
16063964,"Basketligaen, Placement matches",10,0,0,1,0.4008,0,1,0.4772,22,29,23,86,27,112,12,3.19,1.3,6,0,0.5,0.5,0.0,2
14024275,BNXT League,10,1,1,1,0.5376,1,1,0.5258,22,37,21,92,27,109,23,3.41,1.18,6,0,0.5,0.5,0.0,2
15633149,France Pro A,10,0,0,1,0.3753,0,1,0.3589,29,27,28,93,27,112,32,3.44,1.2,6,0,0.5,0.5,0.0,2
16004210,"1st Division Men, Úrslitakeppni",10,0,0,1,0.284,0,1,0.4675,28,35,28,100,27,138,12,3.7,1.38,6,0,0.5,0.5,0.0,2
16017457,Colombia LPB,10,1,1,1,0.8206,1,1,0.5545,19,29,29,94,27,114,14,3.48,1.21,6,0,0.5,0.5,0.0,2
15840877,Puerto Rico BSN,10,1,1,1,0.5459,0,0,0.4923,26,27,33,93,27,128,6,3.44,1.38,6,0,0.5,0.5,0.0,2
16038600,Puerto Rico BSN,10,1,0,0,0.4973,0,0,0.4914,29,26,34,101,27,128,4,3.74,1.27,6,0,0.5,0.5,0.0,2
16044692,"Uruguay LUB, Championship Round",10,0,1,0,0.6916,1,0,0.6376,20,20,30,82,27,92,4,3.04,1.12,6,0,0.5,0.5,0.0,1
16014408,Colombia LPB,10,1,1,1,0.766,1,1,0.6528,22,26,30,85,27,115,11,3.15,1.35,6,0,0.5,0.5,0.0,2
16077158,"CIBACOPA , Segunda Vuelta",10,1,1,1,0.5871,0,0,0.4453,22,32,29,93,27,116,6,3.44,1.25,6,0,0.5,0.5,0.0,2
16077159,"CIBACOPA , Segunda Vuelta",10,1,1,1,0.5111,1,1,0.5832,24,41,36,111,27,151,13,4.11,1.36,6,0,0.5,0.5,0.0,3
15180662,Indonesian Basketball League,10,1,0,0,0.2949,0,0,0.4534,35,30,38,110,27,137,9,4.07,1.25,6,0,0.5,0.5,0.0,2
16080235,China CBA,10,1,1,1,0.6279,1,1,0.5476,32,26,27,105,27,106,14,3.89,1.01,6,0,0.5,0.5,0.0,2
16080241,China CBA,10,1,1,1,0.6005,1,1,0.638,23,19,15,67,27,91,3,2.48,1.36,6,0,0.5,0.5,0.0,1
15180663,Indonesian Basketball League,10,0,1,0,0.5414,1,0,0.5791,22,30,29,99,27,120,8,3.67,1.21,6,0,0.5,0.5,0.0,2
15902157,Jedinstvena kadetska liga,10,1,0,0,0.3641,1,1,0.5393,27,19,28,83,27,103,5,3.07,1.24,6,0,0.5,0.5,0.0,2
14419306,Betsafe-LKL,10,0,0,1,0.2424,0,1,0.4887,31,22,26,97,27,119,1,3.59,1.23,6,0,0.5,0.5,0.0,2
14419297,Betsafe-LKL,10,0,1,0,0.6185,0,1,0.4606,22,23,18,74,27,100,6,2.74,1.35,6,0,0.5,0.5,0.0,1
16012425,"Hungary NB 1.A, Relegation Round",10,1,0,0,0.3824,0,0,0.4193,29,38,25,100,27,135,17,3.7,1.35,6,0,0.5,0.5,0.0,2
16012427,"Hungary NB 1.A, Relegation Round",10,1,1,1,0.7545,1,1,0.5454,28,23,29,93,27,108,20,3.44,1.16,6,0,0.5,0.5,0.0,2
16012433,"Hungary NB 1.A, Relegation Round",10,1,0,0,0.3677,1,1,0.5459,23,23,28,80,27,104,26,2.96,1.3,6,0,0.5,0.5,0.0,2
14491657,Liga ACB,10,0,1,0,0.6022,1,0,0.6512,27,24,24,106,27,120,6,3.93,1.13,6,0,0.5,0.5,0.0,2
15656973,"Africa League, Group Sahara",10,0,1,0,0.5382,0,1,0.494,21,25,16,68,27,120,2,2.52,1.76,6,0,0.5,0.5,0.0,2
16052838,"NBL Men , Regular Season",10,1,0,0,0.4361,0,0,0.4559,16,27,29,77,27,103,23,2.85,1.34,6,0,0.5,0.5,0.0,2
16052852,"NBL Men , Regular Season",10,0,1,0,0.5574,0,1,0.3852,29,23,16,73,27,122,18,2.7,1.67,6,0,0.5,0.5,0.0,2
16052853,"NBL Men , Regular Season",10,0,0,1,0.374,1,0,0.5553,17,30,23,77,27,102,22,2.85,1.32,6,0,0.5,0.5,0.0,2
16089566,"1 Liga Kobiet, Półfinały",10,1,1,1,0.5554,0,0,0.3834,18,27,19,70,27,92,10,2.59,1.31,6,0,0.5,0.5,0.0,1
15840879,Puerto Rico BSN,10,0,1,0,0.664,0,1,0.4855,22,34,22,92,27,110,2,3.41,1.2,6,0,0.5,0.5,0.0,2
15840882,Puerto Rico BSN,10,1,1,1,0.5652,0,0,0.4208,21,30,30,104,27,118,6,3.85,1.13,6,0,0.5,0.5,0.0,2
16016978,Colombia LPB,10,0,1,0,0.5349,1,0,0.7082,22,20,29,78,27,98,32,2.89,1.26,6,0,0.5,0.5,0.0,1
15951800,"LMB, Apertura",10,1,1,1,0.5672,1,1,0.5854,21,24,28,80,27,106,16,2.96,1.32,6,0,0.5,0.5,0.0,2
16077160,"CIBACOPA , Segunda Vuelta",10,1,0,0,0.3447,0,0,0.325,25,25,33,94,27,104,20,3.48,1.11,6,0,0.5,0.5,0.0,2
16077161,"CIBACOPA , Segunda Vuelta",10,0,1,0,0.6552,0,1,0.4117,26,24,33,98,27,110,4,3.63,1.12,6,0,0.5,0.5,0.0,2
15566059,1. A SKL,10,0,0,1,0.3564,0,1,0.3693,26,22,25,84,27,99,25,3.11,1.18,6,0,0.5,0.5,0.0,1
16075351,NBL,10,1,0,0,0.4849,1,1,0.5426,24,31,26,86,27,109,3,3.19,1.27,6,0,0.5,0.5,0.0,2
15566057,1. A SKL,10,1,0,0,0.3558,0,0,0.4768,29,33,25,94,27,128,2,3.48,1.36,6,0,0.5,0.5,0.0,2
16037111,1. A SKL,10,1,1,1,0.799,1,1,0.5995,26,27,27,110,27,109,1,4.07,0.99,6,0,0.5,0.5,0.0,2
14270314,France Pro A,10,1,1,1,0.6614,0,0,0.4566,22,33,27,89,27,127,33,3.3,1.43,6,0,0.5,0.5,0.0,2
16078483,"Serie B, Play-in",10,0,1,0,0.5607,1,0,0.5863,22,22,19,71,27,109,3,2.63,1.54,6,0,0.5,0.5,0.0,2
16078903,"Serie B, Play-in",10,0,1,0,0.5384,0,1,0.3819,19,21,18,90,27,110,8,3.33,1.22,6,0,0.5,0.5,0.0,2
16078480,"Serie B, Play-in",10,1,1,1,0.7229,1,1,0.5389,24,19,19,72,27,86,2,2.67,1.19,6,0,0.5,0.5,0.0,1
15840887,Puerto Rico BSN,10,1,1,1,0.539,1,1,0.6019,29,30,28,98,27,128,4,3.63,1.31,6,0,0.5,0.5,0.0,2
16017463,Colombia LPB,10,1,1,1,0.7131,1,1,0.6454,32,31,23,97,27,132,26,3.59,1.36,6,0,0.5,0.5,0.0,2
15951798,"LMB, Apertura",10,0,1,0,0.7804,1,0,0.6003,19,25,17,70,27,88,2,2.59,1.26,6,0,0.5,0.5,0.0,1
15656996,"Champions League Asia-East, Group A",10,1,1,1,0.7176,1,1,0.6366,26,32,27,101,27,137,1,3.74,1.36,6,0,0.5,0.5,0.0,2
16106765,"CBI U19 Feminino, Grupo F",10,1,1,1,0.9241,1,1,0.9136,19,19,19,66,27,88,50,2.44,1.33,6,0,0.5,0.5,0.0,1
16106761,"CBI U19 Feminino, Grupo E",10,0,0,1,0.4213,1,0,0.5209,27,21,20,76,27,105,11,2.81,1.38,6,0,0.5,0.5,0.0,2
16106762,"CBI U19 Feminino, Grupo E",10,0,0,1,0.4829,0,1,0.4254,19,14,17,55,27,75,19,2.04,1.36,6,0,0.5,0.5,0.0,1
16007856,Germany BBL,10,1,1,1,0.6623,1,1,0.5185,27,14,25,79,27,99,1,2.93,1.25,6,0,0.5,0.5,0.0,1
16052873,"NBL Men , Regular Season",10,1,1,1,0.5299,1,1,0.5988,20,15,28,71,27,78,14,2.63,1.1,6,0,0.5,0.5,0.0,1
16075359,NBL,10,0,0,1,0.4774,1,0,0.5231,26,30,35,101,27,125,19,3.74,1.24,6,0,0.5,0.5,0.0,2
14024450,BNXT League,10,0,1,0,0.7947,1,0,0.6168,28,22,20,82,27,113,19,3.04,1.38,6,0,0.5,0.5,0.0,2
14270315,France Pro A,10,0,1,0,0.7573,1,0,0.527,22,28,27,85,27,114,10,3.15,1.34,6,0,0.5,0.5,0.0,2
15840885,Puerto Rico BSN,10,0,0,1,0.3819,1,0,0.5418,23,31,30,95,27,127,5,3.52,1.34,6,0,0.5,0.5,0.0,2
15840888,Puerto Rico BSN,10,1,1,1,0.5866,1,1,0.6037,15,30,29,87,27,95,9,3.22,1.09,6,0,0.5,0.5,0.0,1
15840889,Puerto Rico BSN,10,0,0,1,0.4012,0,1,0.4067,32,27,28,103,27,131,7,3.81,1.27,6,0,0.5,0.5,0.0,2
16017469,Colombia LPB,10,1,1,1,0.6097,0,0,0.454,23,20,14,61,27,88,8,2.26,1.44,6,0,0.5,0.5,0.0,1
15951792,"LMB, Apertura",10,1,1,1,0.5396,0,0,0.3675,26,18,24,77,27,102,16,2.85,1.32,6,0,0.5,0.5,0.0,2
15951795,"LMB, Apertura",10,1,1,1,0.9443,1,1,0.9391,28,30,35,104,27,140,62,3.85,1.35,6,0,0.5,0.5,0.0,2
16090477,"CIBACOPA , Segunda Vuelta",10,0,0,1,0.3977,0,1,0.4797,26,34,29,98,27,132,14,3.63,1.35,6,0,0.5,0.5,0.0,2
16090478,"CIBACOPA , Segunda Vuelta",10,1,1,1,0.5908,1,1,0.6128,37,36,36,124,27,147,7,4.59,1.19,6,0,0.5,0.5,0.0,2
16090479,"CIBACOPA , Segunda Vuelta",10,0,0,1,0.2842,1,0,0.5215,28,24,28,93,27,121,1,3.44,1.3,6,0,0.5,0.5,0.0,2
16090480,"CIBACOPA , Segunda Vuelta",10,0,0,1,0.4405,0,1,0.4777,27,27,23,86,27,111,9,3.19,1.29,6,0,0.5,0.5,0.0,2
16090481,"CIBACOPA , Segunda Vuelta",10,0,1,0,0.5307,1,0,0.5689,29,28,35,106,27,131,25,3.93,1.24,6,0,0.5,0.5,0.0,2
14620913,B1 League,10,1,1,1,0.7199,1,1,0.6297,25,41,27,103,27,143,1,3.81,1.39,6,0,0.5,0.5,0.0,2
14616030,B1 League,10,1,1,1,0.7287,1,1,0.6133,26,18,18,73,27,91,1,2.7,1.25,6,0,0.5,0.5,0.0,1
14620907,B1 League,10,1,1,1,0.731,0,0,0.4714,23,21,26,83,27,102,14,3.07,1.23,6,0,0.5,0.5,0.0,2
14620908,B1 League,10,0,1,0,0.6178,1,0,0.6332,27,28,27,87,27,125,27,3.22,1.44,6,0,0.5,0.5,0.0,2
14620916,B1 League,10,0,1,0,0.6601,1,0,0.5245,28,23,27,93,27,117,11,3.44,1.26,6,0,0.5,0.5,0.0,2
14616029,B1 League,10,0,0,1,0.4047,1,0,0.5653,27,28,22,91,27,110,0,3.37,1.21,6,0,0.5,0.5,0.0,2
14620909,B1 League,10,1,1,1,0.7905,1,1,0.6108,25,26,28,83,27,154,4,3.07,1.86,6,0,0.5,0.5,0.0,3
14620911,B1 League,10,0,0,1,0.3829,0,1,0.4969,34,32,26,108,27,142,0,4.0,1.31,6,0,0.5,0.5,0.0,2
14620914,B1 League,10,1,1,1,0.501,0,0,0.4192,24,24,24,83,27,109,9,3.07,1.31,6,0,0.5,0.5,0.0,2
14620918,B1 League,10,1,1,1,0.7304,1,1,0.654,26,25,23,88,27,111,5,3.26,1.26,6,0,0.5,0.5,0.0,2
15180665,Indonesian Basketball League,10,1,1,1,0.516,1,1,0.634,27,31,24,91,27,119,9,3.37,1.31,6,0,0.5,0.5,0.0,2
15180666,Indonesian Basketball League,10,0,0,1,0.4135,0,1,0.449,26,28,22,90,27,117,5,3.33,1.3,6,0,0.5,0.5,0.0,2
15656997,"Champions League Asia-East, Group A",10,1,1,1,0.6256,1,1,0.5088,31,27,30,101,27,120,6,3.74,1.19,6,0,0.5,0.5,0.0,2
16084115,"Azerbaijan Basketball League, Final",10,0,1,0,0.6047,0,1,0.4356,30,33,29,102,27,133,13,3.78,1.3,6,0,0.5,0.5,0.0,2
16106764,"CBI U19 Feminino, Grupo F",10,1,1,1,0.8939,1,1,0.8758,17,20,27,75,27,81,45,2.78,1.08,6,0,0.5,0.5,0.0,1
16080242,China CBA,10,0,1,0,0.6089,0,1,0.465,23,27,24,95,27,103,7,3.52,1.08,6,0,0.5,0.5,0.0,2
16080244,China CBA,10,0,1,0,0.8251,1,0,0.5898,27,25,29,102,27,116,8,3.78,1.14,6,0,0.5,0.5,0.0,2
14419303,Betsafe-LKL,10,0,0,1,0.4067,0,1,0.4683,28,28,26,101,27,125,5,3.74,1.24,6,0,0.5,0.5,0.0,2
15656976,"Africa League, Group Sahara",10,1,1,1,0.7642,1,1,0.6498,30,20,27,86,27,109,3,3.19,1.27,6,0,0.5,0.5,0.0,2
15934293,"LSB - Liga B, Grupo A",10,0,0,1,0.3789,1,0,0.5057,21,20,14,61,27,92,10,2.26,1.51,6,0,0.5,0.5,0.0,1
14270308,France Pro A,10,0,1,0,0.7224,1,0,0.5459,22,25,27,81,27,96,0,3.0,1.19,6,0,0.5,0.5,0.0,1
16012420,"Hungary NB 1.A, Relegation Round",10,1,1,1,0.5483,1,1,0.5402,30,23,28,88,27,123,5,3.26,1.4,6,0,0.5,0.5,0.0,2
14270313,France Pro A,10,0,1,0,0.6317,0,1,0.4395,31,27,30,100,27,126,16,3.7,1.26,6,0,0.5,0.5,0.0,2
16023659,Betsafe-LKL,10,1,0,0,0.4044,1,1,0.5365,24,27,25,78,27,117,5,2.89,1.5,6,0,0.5,0.5,0.0,2
14381850,Germany BBL,10,0,0,1,0.364,0,1,0.4626,22,26,25,88,27,116,6,3.26,1.32,6,0,0.5,0.5,0.0,2
14381852,Germany BBL,10,0,1,0,0.5004,0,1,0.4651,29,34,30,104,27,132,14,3.85,1.27,6,0,0.5,0.5,0.0,2
14491641,Liga ACB,10,0,0,1,0.4639,1,0,0.5246,25,22,21,79,27,117,15,2.93,1.48,6,0,0.5,0.5,0.0,2
16056531,"1st Division, Championship round",10,0,1,0,0.5868,0,1,0.4742,22,24,22,79,27,98,4,2.93,1.24,6,0,0.5,0.5,0.0,1
16103280,A1 Liga,10,1,1,1,0.5665,1,1,0.5093,20,27,32,92,27,119,3,3.41,1.29,6,0,0.5,0.5,0.0,2
15935795,"LSB - Liga B, Grupo B",10,1,1,1,0.5289,1,1,0.5108,16,18,16,58,27,83,7,2.15,1.43,6,0,0.5,0.5,0.0,1
16084134,"CN1 Basquetebol, 3ª Fase - Final Norte",10,0,1,0,0.5416,1,0,0.6554,17,14,19,61,27,64,0,2.26,1.05,6,0,0.5,0.5,0.0,1
14381851,Germany BBL,10,0,1,0,0.5172,0,1,0.4679,20,29,30,98,27,116,0,3.63,1.18,6,0,0.5,0.5,0.0,2
14491645,Liga ACB,10,0,1,0,0.7364,1,0,0.6632,28,25,29,94,27,104,8,3.48,1.11,6,0,0.5,0.5,0.0,2
16090364,Kvalifikacije za prvu ligu,10,0,0,1,0.4362,1,0,0.5432,30,26,22,89,27,125,7,3.3,1.4,6,0,0.5,0.5,0.0,2
14024453,BNXT League,10,0,1,0,0.5321,1,0,0.5012,35,30,29,102,27,130,22,3.78,1.27,6,0,0.5,0.5,0.0,2
14024454,BNXT League,10,1,1,1,0.6899,1,1,0.6637,31,27,32,104,27,122,2,3.85,1.17,6,0,0.5,0.5,0.0,2
14024455,BNXT League,10,1,0,0,0.3991,0,0,0.4492,26,37,33,103,27,126,16,3.81,1.22,6,0,0.5,0.5,0.0,2
14024456,BNXT League,10,0,0,1,0.459,0,1,0.4183,25,31,21,89,27,114,2,3.3,1.28,6,0,0.5,0.5,0.0,2
14270316,France Pro A,10,0,0,1,0.3667,0,1,0.4926,26,29,33,117,27,112,4,4.33,0.96,6,0,0.5,0.5,0.0,2
14491647,Liga ACB,10,1,1,1,0.5543,1,1,0.6418,29,34,34,106,27,130,4,3.93,1.23,6,0,0.5,0.5,0.0,2
16087807,"1st Division Men, Úrslitakeppni",10,0,1,0,0.5042,1,0,0.5637,27,33,26,113,27,129,3,4.19,1.14,6,0,0.5,0.5,0.0,2
15936407,"LSB - Liga B, Grupo C",10,1,1,1,0.569,0,0,0.4846,16,10,17,47,27,56,8,1.74,1.19,6,0,0.5,0.5,0.0,0
15840890,Puerto Rico BSN,10,0,0,1,0.3905,1,0,0.573,29,25,30,94,27,136,2,3.48,1.45,6,0,0.5,0.5,0.0,2
16044691,"Uruguay LUB, Championship Round",10,1,1,1,0.701,1,1,0.6032,21,25,14,64,27,101,7,2.37,1.58,6,0,0.5,0.5,0.0,2
15938069,"Belize Elite Basketball League, Regular Season",10,0,0,1,0.4276,0,1,0.4202,21,20,21,74,27,122,18,2.74,1.65,6,0,0.5,0.5,0.0,2
16090482,"CIBACOPA , Segunda Vuelta",10,1,1,1,0.6739,1,1,0.526,31,34,32,111,27,141,1,4.11,1.27,6,0,0.5,0.5,0.0,2
16090483,"CIBACOPA , Segunda Vuelta",10,1,1,1,0.5237,1,1,0.5826,25,25,27,86,27,114,18,3.19,1.33,6,0,0.5,0.5,0.0,2
16090484,"CIBACOPA , Segunda Vuelta",10,0,0,1,0.4058,0,1,0.417,28,25,33,97,27,124,12,3.59,1.28,6,0,0.5,0.5,0.0,2
16090486,"CIBACOPA , Segunda Vuelta",10,1,1,1,0.5937,1,1,0.6292,22,27,31,91,27,116,0,3.37,1.27,6,0,0.5,0.5,0.0,2
14616033,B1 League,10,0,1,0,0.604,1,0,0.6223,33,18,30,89,27,113,13,3.3,1.27,6,0,0.5,0.5,0.0,2
14616037,B1 League,10,0,0,1,0.4681,1,0,0.5174,25,24,27,87,27,100,16,3.22,1.15,6,0,0.5,0.5,0.0,1
14616039,B1 League,10,1,1,1,0.558,1,1,0.5989,21,21,24,73,27,103,17,2.7,1.41,6,0,0.5,0.5,0.0,2
14616040,B1 League,10,1,1,1,0.6031,1,1,0.6494,27,25,26,87,27,116,6,3.22,1.33,6,0,0.5,0.5,0.0,2
14616043,B1 League,10,0,1,0,0.6148,0,1,0.4347,26,37,35,112,27,130,0,4.15,1.16,6,0,0.5,0.5,0.0,2
14620917,B1 League,10,0,0,1,0.3556,1,0,0.6165,23,23,26,79,27,97,15,2.93,1.23,6,0,0.5,0.5,0.0,1
15217635,New Zealand NBL,10,0,0,1,0.2891,1,0,0.5607,34,39,27,113,27,140,20,4.19,1.24,6,0,0.5,0.5,0.0,2
14616036,B1 League,10,0,1,0,0.5456,1,0,0.5909,15,27,20,91,27,93,7,3.37,1.02,6,0,0.5,0.5,0.0,1
14616038,B1 League,10,1,1,1,0.6388,1,1,0.5313,21,24,35,92,27,109,3,3.41,1.18,6,0,0.5,0.5,0.0,2
14616041,B1 League,10,0,0,1,0.4946,1,0,0.6134,22,28,21,81,27,111,5,3.0,1.37,6,0,0.5,0.5,0.0,2
14616042,B1 League,10,1,1,1,0.8385,1,1,0.592,24,29,20,85,27,116,24,3.15,1.36,6,0,0.5,0.5,0.0,2
15180667,Indonesian Basketball League,10,0,0,1,0.3909,1,0,0.5801,32,33,30,106,27,135,17,3.93,1.27,6,0,0.5,0.5,0.0,2
14491643,Liga ACB,10,1,1,1,0.5896,0,0,0.482,27,36,35,109,27,146,2,4.04,1.34,6,0,0.5,0.5,0.0,2
14491646,Liga ACB,10,1,1,1,0.6238,1,1,0.5593,36,33,36,134,27,199,9,4.96,1.49,6,0,0.5,0.5,0.0,3
15180668,Indonesian Basketball League,10,1,1,1,0.5428,0,0,0.4976,31,20,20,81,27,104,4,3.0,1.28,6,0,0.5,0.5,0.0,2
14491648,Liga ACB,10,1,0,0,0.4579,1,1,0.5449,26,35,23,97,27,124,0,3.59,1.28,6,0,0.5,0.5,0.0,2
16108552,China CBA,10,0,0,1,0.2172,0,1,0.4885,28,29,23,93,27,124,28,3.44,1.33,6,0,0.5,0.5,0.0,2
16108553,China CBA,10,1,1,1,0.5384,0,0,0.4962,29,32,20,91,27,122,4,3.37,1.34,6,0,0.5,0.5,0.0,2
14024452,BNXT League,10,1,1,1,0.7418,0,0,0.4793,22,25,26,81,27,112,6,3.0,1.38,6,0,0.5,0.5,0.0,2
14270312,France Pro A,10,0,1,0,0.7116,1,0,0.5897,24,20,29,91,27,103,11,3.37,1.13,6,0,0.5,0.5,0.0,2
14381854,Germany BBL,10,0,0,1,0.4258,1,0,0.5056,26,29,33,96,27,115,5,3.56,1.2,6,0,0.5,0.5,0.0,2
14024457,BNXT League,10,0,0,1,0.3847,1,0,0.5511,27,20,26,84,27,99,5,3.11,1.18,6,0,0.5,0.5,0.0,1
14373983,Primera FEB,10,1,1,1,0.5479,1,1,0.5227,19,23,22,76,27,95,5,2.81,1.25,6,0,0.5,0.5,0.0,1
16090365,Kvalifikacije za prvu ligu,10,0,0,1,0.3188,1,0,0.5683,34,27,21,90,27,128,20,3.33,1.42,6,0,0.5,0.5,0.0,2
14419294,Betsafe-LKL,10,1,1,1,0.6013,1,1,0.5876,34,17,29,87,27,118,8,3.22,1.36,6,0,0.5,0.5,0.0,2
14373985,Primera FEB,10,0,1,0,0.5236,1,0,0.6423,32,31,25,102,27,127,1,3.78,1.25,6,0,0.5,0.5,0.0,2
14270318,France Pro A,10,1,0,0,0.3991,0,0,0.4414,26,28,38,124,27,131,3,4.59,1.06,6,0,0.5,0.5,0.0,2
14491639,Liga ACB,10,1,1,1,0.6381,1,1,0.5933,24,23,28,88,27,102,20,3.26,1.16,6,0,0.5,0.5,0.0,2
16056540,"1st Division, Championship round",10,1,1,1,0.5219,1,1,0.5589,23,25,24,78,27,113,7,2.89,1.45,6,0,0.5,0.5,0.0,2
15566061,1. A SKL,10,0,1,0,0.5468,0,1,0.4745,17,29,28,83,27,101,9,3.07,1.22,6,0,0.5,0.5,0.0,2
16086615,"Serie B, Play-in",10,1,1,1,0.5469,1,1,0.6056,25,27,35,96,27,114,6,3.56,1.19,6,0,0.5,0.5,0.0,2
16090366,Kvalifikacije za prvu ligu,10,0,0,1,0.3879,1,0,0.5711,29,21,28,87,27,119,3,3.22,1.37,6,0,0.5,0.5,0.0,2
15968390,"CBI U19, Fase Final",10,1,0,0,0.4784,0,0,0.4725,23,25,19,73,27,97,29,2.7,1.33,6,0,0.5,0.5,0.0,1
15968403,"CBI U19, Fase Final",10,1,1,1,0.7682,0,0,0.4592,20,33,25,83,27,127,31,3.07,1.53,6,0,0.5,0.5,0.0,2
15566058,1. A SKL,10,1,0,0,0.4328,1,1,0.5976,24,30,21,82,27,120,16,3.04,1.46,6,0,0.5,0.5,0.0,2
15566055,1. A SKL,10,1,1,1,0.5914,0,0,0.4374,26,23,24,83,27,108,0,3.07,1.3,6,0,0.5,0.5,0.0,2
15968398,"CBI U19, Fase Final",10,0,1,0,0.9665,1,0,0.8933,26,22,16,76,27,91,57,2.81,1.2,6,0,0.5,0.5,0.0,1
14381857,Germany BBL,10,1,0,0,0.3602,0,0,0.397,23,28,22,92,27,107,3,3.41,1.16,6,0,0.5,0.5,0.0,2
15968391,"CBI U19, Fase Final",10,1,0,0,0.3997,0,0,0.4362,18,22,19,69,27,86,10,2.56,1.25,6,0,0.5,0.5,0.0,1
16017467,Colombia LPB,10,0,1,0,0.6599,1,0,0.5282,25,24,26,101,27,104,6,3.74,1.03,6,0,0.5,0.5,0.0,2
16057961,Puerto Rico BSN,10,1,1,1,0.6547,0,0,0.4796,26,29,35,101,27,130,14,3.74,1.29,6,0,0.5,0.5,0.0,2
16057962,Puerto Rico BSN,10,1,0,0,0.4105,1,1,0.5335,24,33,22,89,27,128,0,3.3,1.44,6,0,0.5,0.5,0.0,2
16017472,Colombia LPB,10,0,1,0,0.5766,1,0,0.565,16,13,12,43,27,61,11,1.59,1.42,6,0,0.5,0.5,0.0,1
16112590,"LMB, Apertura",10,1,0,0,0.4247,1,1,0.5432,23,30,26,90,27,104,6,3.33,1.16,6,0,0.5,0.5,0.0,2
15656998,"Champions League Asia-East, Group B",10,0,0,1,0.4696,1,0,0.5717,24,29,30,91,27,113,11,3.37,1.24,6,0,0.5,0.5,0.0,2
15968407,"CBI U19, Fase Final",10,0,0,1,0.4897,1,0,0.5247,33,26,31,100,27,122,24,3.7,1.22,6,0,0.5,0.5,0.0,2
16084116,"Azerbaijan Basketball League, Final",10,1,1,1,0.6687,1,1,0.584,29,38,34,112,27,144,2,4.15,1.29,6,0,0.5,0.5,0.0,2
16103233,"National League, Relegation Round",10,0,1,0,0.8187,1,0,0.6604,34,18,23,84,27,108,42,3.11,1.29,6,0,0.5,0.5,0.0,2
16095101,"Hungary NB 1.A, Placement Matches",10,1,1,1,0.6615,0,0,0.485,32,37,29,111,27,138,10,4.11,1.24,6,0,0.5,0.5,0.0,2
16101512,"National League, Relegation Round",10,1,0,0,0.4688,0,0,0.4759,28,30,28,101,27,121,9,3.74,1.2,6,0,0.5,0.5,0.0,2
16103234,"National League, Relegation Round",10,1,1,1,0.7858,1,1,0.6199,34,32,36,117,27,144,2,4.33,1.23,6,0,0.5,0.5,0.0,2
15968393,"CBI U19, Fase Final",10,0,0,1,0.3395,0,1,0.4632,22,28,22,85,27,100,24,3.15,1.18,6,0,0.5,0.5,0.0,1
16087808,"1st Division Men, Úrslitakeppni",10,1,0,0,0.4277,0,0,0.4437,28,24,28,86,27,120,22,3.19,1.4,6,0,0.5,0.5,0.0,2
15968394,"CBI U19, Fase Final",10,0,0,1,0.4129,0,1,0.4447,21,18,21,71,27,83,9,2.63,1.17,6,0,0.5,0.5,0.0,1
16017471,Colombia LPB,10,0,1,0,0.5581,1,0,0.5778,14,25,25,68,27,87,1,2.52,1.28,6,0,0.5,0.5,0.0,1
15968401,"CBI U19, Fase Final",10,0,1,0,0.5229,0,1,0.4562,21,22,23,70,27,92,20,2.59,1.31,6,0,0.5,0.5,0.0,1
16017464,Colombia LPB,10,1,1,1,0.5201,0,0,0.4954,27,33,31,99,27,125,9,3.67,1.26,6,0,0.5,0.5,0.0,2
16090487,"CIBACOPA , Segunda Vuelta",10,0,0,1,0.3817,0,1,0.4749,24,33,26,95,27,128,6,3.52,1.35,6,0,0.5,0.5,0.0,2
16090488,"CIBACOPA , Segunda Vuelta",10,1,1,1,0.6411,1,1,0.5076,21,30,27,93,27,111,1,3.44,1.19,6,0,0.5,0.5,0.0,2
15180670,Indonesian Basketball League,10,1,1,1,0.5598,1,1,0.6214,28,31,20,85,27,127,33,3.15,1.49,6,0,0.5,0.5,0.0,2
15180671,Indonesian Basketball League,10,1,0,0,0.3211,0,0,0.4455,32,30,23,106,27,136,4,3.93,1.28,6,0,0.5,0.5,0.0,2
15959199,"CBI U19, Fase Final",10,0,0,1,0.4306,1,0,0.5472,21,21,21,72,27,94,12,2.67,1.31,6,0,0.5,0.5,0.0,1
15968395,"CBI U19, Fase Final",10,0,1,0,0.6027,1,0,0.6749,31,20,18,79,27,110,2,2.93,1.39,6,0,0.5,0.5,0.0,2
16027844,Betsafe-LKL,10,1,1,1,0.5737,1,1,0.5847,23,20,25,81,27,97,19,3.0,1.2,6,0,0.5,0.5,0.0,1
14419296,Betsafe-LKL,10,1,1,1,0.5978,0,0,0.4896,24,24,26,83,27,120,4,3.07,1.45,6,0,0.5,0.5,0.0,2
16108550,"Hungary NB 1.A, Placement Matches",10,1,1,1,0.6203,1,1,0.5502,22,28,30,90,27,100,28,3.33,1.11,6,0,0.5,0.5,0.0,1
14024460,BNXT League,10,1,1,1,0.6558,1,1,0.572,28,21,25,83,27,118,34,3.07,1.42,6,0,0.5,0.5,0.0,2
14024468,BNXT League,10,1,1,1,0.548,0,0,0.3961,22,21,17,74,27,83,3,2.74,1.12,6,0,0.5,0.5,0.0,1
16017460,Colombia LPB,10,1,1,1,0.7139,1,1,0.6047,25,23,23,77,27,109,13,2.85,1.42,6,0,0.5,0.5,0.0,2
16077948,Puerto Rico BSN,10,1,1,1,0.7623,1,1,0.605,22,38,27,104,27,122,12,3.85,1.17,6,0,0.5,0.5,0.0,2
16017453,Colombia LPB,10,0,0,1,0.4122,1,0,0.5429,25,22,29,83,27,115,1,3.07,1.39,6,0,0.5,0.5,0.0,2
16112589,"LMB, Apertura",10,1,0,0,0.4219,0,0,0.4509,14,28,21,75,27,80,16,2.78,1.07,6,0,0.5,0.5,0.0,1
16112599,"LMB, Apertura",10,1,1,1,0.5437,1,1,0.6419,22,19,18,65,27,81,9,2.41,1.25,6,0,0.5,0.5,0.0,1
16090492,"CIBACOPA , Segunda Vuelta",10,0,0,1,0.4236,1,0,0.5759,30,34,29,106,27,125,9,3.93,1.18,6,0,0.5,0.5,0.0,2
16090491,"CIBACOPA , Segunda Vuelta",10,1,1,1,0.5471,1,1,0.52,22,29,34,122,27,114,10,4.52,0.93,6,0,0.5,0.5,0.0,2
16090494,"CIBACOPA , Segunda Vuelta",10,1,1,1,0.7743,1,1,0.5715,24,34,37,102,27,123,5,3.78,1.21,6,0,0.5,0.5,0.0,2
16090493,"CIBACOPA , Segunda Vuelta",10,1,0,0,0.2485,0,0,0.3444,34,32,36,117,27,145,19,4.33,1.24,6,0,0.5,0.5,0.0,2
15656999,"Champions League Asia-East, Group B",10,0,0,1,0.2727,0,1,0.4109,29,23,20,77,27,115,7,2.85,1.49,6,0,0.5,0.5,0.0,2
14381858,Germany BBL,10,0,1,0,0.5959,1,0,0.645,22,21,23,88,27,95,15,3.26,1.08,6,0,0.5,0.5,0.0,1
14381862,Germany BBL,10,0,1,0,0.557,0,1,0.4794,36,23,27,94,27,121,1,3.48,1.29,6,0,0.5,0.5,0.0,2
14381859,Germany BBL,10,0,0,1,0.3775,0,1,0.47,23,30,29,91,27,112,14,3.37,1.23,6,0,0.5,0.5,0.0,2
14381861,Germany BBL,10,1,1,1,0.6903,1,1,0.5403,19,23,19,86,27,92,12,3.19,1.07,6,0,0.5,0.5,0.0,1
14270323,France Pro A,10,0,0,1,0.3535,1,0,0.5368,22,18,31,81,27,91,1,3.0,1.12,6,0,0.5,0.5,0.0,1
16017466,Colombia LPB,10,1,0,0,0.3701,0,0,0.4543,37,27,30,99,27,142,4,3.67,1.43,6,0,0.5,0.5,0.0,2
16077950,Puerto Rico BSN,10,0,1,0,0.6978,1,0,0.5113,24,34,22,88,27,123,3,3.26,1.4,6,0,0.5,0.5,0.0,2
16077951,Puerto Rico BSN,10,1,1,1,0.5751,1,1,0.5794,26,32,24,89,27,124,6,3.3,1.39,6,0,0.5,0.5,0.0,2
16017455,Colombia LPB,10,1,1,1,0.6358,1,1,0.6303,21,34,40,110,27,127,1,4.07,1.15,6,0,0.5,0.5,0.0,2
16112591,"LMB, Apertura",10,0,1,0,0.5567,1,0,0.5227,21,22,23,71,27,92,2,2.63,1.3,6,0,0.5,0.5,0.0,1
16113616,"LMB, Apertura",10,1,0,0,0.4921,0,0,0.3222,29,26,30,99,27,119,23,3.67,1.2,6,0,0.5,0.5,0.0,2
16105967,"National League, Relegation Round",10,0,1,0,0.5388,1,0,0.5696,29,19,15,75,27,100,6,2.78,1.33,6,0,0.5,0.5,0.0,1
16101513,"National League, Relegation Round",10,0,0,1,0.21,0,1,0.4709,27,32,26,102,27,120,6,3.78,1.18,6,0,0.5,0.5,0.0,2
16101514,"National League, Relegation Round",10,1,1,1,0.6052,1,1,0.5421,32,39,32,108,27,153,1,4.0,1.42,6,0,0.5,0.5,0.0,3
15657000,"Champions League Asia-East, Group B",10,0,1,0,0.6474,1,0,0.6589,31,25,32,92,27,128,32,3.41,1.39,6,0,0.5,0.5,0.0,2
15180672,Indonesian Basketball League,10,1,1,1,0.5356,0,0,0.4805,17,21,22,68,27,83,5,2.52,1.22,6,0,0.5,0.5,0.0,1
15180674,Indonesian Basketball League,10,0,0,1,0.4175,1,0,0.5301,26,22,25,79,27,105,23,2.93,1.33,6,0,0.5,0.5,0.0,2
16146688,"CBI U19, Fase Final",10,0,1,0,0.5377,1,0,0.6156,32,19,21,81,27,93,1,3.0,1.15,6,0,0.5,0.5,0.0,1
16012437,"Hungary NB 1.A, Relegation Round",10,0,0,1,0.4807,1,0,0.6293,26,32,24,92,27,122,22,3.41,1.33,6,0,0.5,0.5,0.0,2
16094149,"Rwanda Basketball League, Regular Season",10,0,0,1,0.2815,0,1,0.3702,23,19,24,72,27,98,22,2.67,1.36,6,0,0.5,0.5,0.0,1
16146689,"CBI U19, Fase Final",10,1,1,1,0.6792,1,1,0.5875,22,24,24,76,27,94,34,2.81,1.24,6,0,0.5,0.5,0.0,1
14381866,Germany BBL,10,1,1,1,0.6888,1,1,0.6389,26,24,25,82,27,128,12,3.04,1.56,6,0,0.5,0.5,0.0,2
16129146,"1 Liga Kobiet, O 3 miejsce",10,1,1,1,0.704,1,1,0.6311,21,25,22,73,27,91,5,2.7,1.25,6,0,0.5,0.5,0.0,1
14381867,Germany BBL,10,0,1,0,0.578,1,0,0.5437,28,33,27,95,27,116,26,3.52,1.22,6,0,0.5,0.5,0.0,2
16052857,"NBL Men , Regular Season",10,1,1,1,0.5633,1,1,0.514,21,20,16,101,27,83,3,3.74,0.82,6,0,0.5,0.5,0.0,1
16146691,"CBI U19, Fase Final",10,1,1,1,0.6939,1,1,0.5896,21,26,31,84,27,107,9,3.11,1.27,6,0,0.5,0.5,0.0,2
16094150,"Rwanda Basketball League, Regular Season",10,1,0,0,0.4639,0,0,0.4914,30,29,33,104,27,120,16,3.85,1.15,6,0,0.5,0.5,0.0,2
14373986,Primera FEB,10,1,0,0,0.3011,1,1,0.5598,19,27,33,89,27,94,2,3.3,1.06,6,0,0.5,0.5,0.0,1
14373987,Primera FEB,10,0,0,1,0.308,0,1,0.4884,13,25,33,76,27,90,24,2.81,1.18,6,0,0.5,0.5,0.0,1
14373988,Primera FEB,10,1,1,1,0.596,1,1,0.5463,24,25,32,89,27,111,19,3.3,1.25,6,0,0.5,0.5,0.0,2
14373989,Primera FEB,10,1,1,1,0.7484,1,1,0.6149,29,27,20,84,27,107,9,3.11,1.27,6,0,0.5,0.5,0.0,2
14373990,Primera FEB,10,1,1,1,0.5535,1,1,0.5419,23,21,20,79,27,100,0,2.93,1.27,6,0,0.5,0.5,0.0,1
14373991,Primera FEB,10,1,1,1,0.5597,0,0,0.3912,22,27,17,76,27,105,9,2.81,1.38,6,0,0.5,0.5,0.0,2
14373992,Primera FEB,10,1,1,1,0.7122,1,1,0.6054,28,25,27,88,27,119,21,3.26,1.35,6,0,0.5,0.5,0.0,2
14373993,Primera FEB,10,0,1,0,0.7149,1,0,0.571,23,25,22,79,27,109,15,2.93,1.38,6,0,0.5,0.5,0.0,2
16146692,"CBI U19, Fase Final",10,1,1,1,0.5484,1,1,0.628,19,28,33,90,27,106,12,3.33,1.18,6,0,0.5,0.5,0.0,2
16100340,Colombia LPB,10,1,0,0,0.4442,0,0,0.4313,27,26,37,101,27,133,5,3.74,1.32,6,0,0.5,0.5,0.0,2
16077953,Puerto Rico BSN,10,1,1,1,0.6704,1,1,0.5937,27,24,26,90,27,113,1,3.33,1.26,6,0,0.5,0.5,0.0,2
16100341,Colombia LPB,10,1,0,0,0.3078,1,1,0.5183,19,26,16,67,27,99,21,2.48,1.48,6,0,0.5,0.5,0.0,1
16113617,"LMB, Apertura",10,1,0,0,0.3696,1,1,0.5233,26,21,18,76,27,92,4,2.81,1.21,6,0,0.5,0.5,0.0,1
16090495,"CIBACOPA , Segunda Vuelta",10,1,1,1,0.5133,1,1,0.5186,35,24,38,115,27,130,20,4.26,1.13,6,0,0.5,0.5,0.0,2
16090496,"CIBACOPA , Segunda Vuelta",10,0,1,0,0.7831,1,0,0.6446,27,31,32,99,27,132,8,3.67,1.33,6,0,0.5,0.5,0.0,2
16090498,"CIBACOPA , Segunda Vuelta",10,0,1,0,0.6361,1,0,0.5908,27,35,33,110,27,138,8,4.07,1.25,6,0,0.5,0.5,0.0,2
16090499,"CIBACOPA , Segunda Vuelta",10,1,0,0,0.3814,0,0,0.3833,24,31,42,114,27,137,1,4.22,1.2,6,0,0.5,0.5,0.0,2
15180675,Indonesian Basketball League,10,1,1,1,0.5602,1,1,0.5671,28,32,25,94,27,140,4,3.48,1.49,6,0,0.5,0.5,0.0,2
16052859,"NBL Men , Regular Season",10,0,0,1,0.3431,0,1,0.3269,20,25,24,72,27,99,31,2.67,1.38,6,0,0.5,0.5,0.0,1
15180676,Indonesian Basketball League,10,1,1,1,0.7222,1,1,0.6415,28,26,29,97,27,108,4,3.59,1.11,6,0,0.5,0.5,0.0,2
16146677,"CBI U19, Fase Final",10,1,0,0,0.4321,1,1,0.5124,18,16,27,71,27,73,1,2.63,1.03,6,0,0.5,0.5,0.0,1
14419391,Betsafe-LKL,10,1,0,0,0.3904,1,1,0.5121,21,31,25,87,27,99,9,3.22,1.14,6,0,0.5,0.5,0.0,1
16124355,"CN1 Basquetebol, 3ª Fase - Final Sul",10,1,1,1,0.5671,1,1,0.5981,24,22,25,81,27,96,6,3.0,1.19,6,0,0.5,0.5,0.0,1
16146678,"CBI U19, Fase Final",10,1,0,0,0.4303,1,1,0.5697,19,32,31,95,27,108,18,3.52,1.14,6,0,0.5,0.5,0.0,2
16152965,"CBI U19, Fase Final",10,0,1,0,0.6748,1,0,0.5334,26,23,32,90,27,117,5,3.33,1.3,6,0,0.5,0.5,0.0,2
16134828,"1 Liga Kobiet, Finał",10,1,1,1,0.5582,1,1,0.6586,25,26,21,82,27,105,15,3.04,1.28,6,0,0.5,0.5,0.0,2
16143123,"Hungary NB 1.A, Placement Matches",10,0,1,0,0.699,1,0,0.6262,19,28,28,84,27,97,3,3.11,1.15,6,0,0.5,0.5,0.0,1
14270319,France Pro A,10,1,1,1,0.5848,1,1,0.625,21,29,20,78,27,106,12,2.89,1.36,6,0,0.5,0.5,0.0,2
14491649,Liga ACB,10,0,0,1,0.4771,0,1,0.4791,28,21,29,86,27,116,22,3.19,1.35,6,0,0.5,0.5,0.0,2
14491651,Liga ACB,10,0,0,1,0.4393,1,0,0.5371,19,32,23,91,27,107,9,3.37,1.18,6,0,0.5,0.5,0.0,2
14491656,Liga ACB,10,1,1,1,0.6001,1,1,0.6095,22,34,27,91,27,108,6,3.37,1.19,6,0,0.5,0.5,0.0,2
16012434,"Hungary NB 1.A, Relegation Round",10,1,1,1,0.5906,0,0,0.4836,26,30,26,98,27,113,3,3.63,1.15,6,0,0.5,0.5,0.0,2
16146683,"CBI U19, Fase Final",10,1,1,1,0.5937,1,1,0.5553,22,19,17,68,27,76,12,2.52,1.12,6,0,0.5,0.5,0.0,1
16152966,"CBI U19, Fase Final",10,1,1,1,0.5532,1,1,0.535,17,23,27,74,27,92,12,2.74,1.24,6,0,0.5,0.5,0.0,1
14270322,France Pro A,10,1,1,1,0.5464,0,0,0.4729,21,29,23,97,27,96,4,3.59,0.99,6,0,0.5,0.5,0.0,1
14270321,France Pro A,10,0,0,1,0.2451,0,1,0.4112,32,32,34,104,27,129,15,3.85,1.24,6,0,0.5,0.5,0.0,2
14270325,France Pro A,10,0,1,0,0.5067,0,1,0.4997,22,29,26,90,27,112,4,3.33,1.24,6,0,0.5,0.5,0.0,2
16056537,"1st Division, Championship round",10,1,1,1,0.6211,1,1,0.6348,30,28,22,96,27,117,7,3.56,1.22,6,0,0.5,0.5,0.0,2
16090369,Kvalifikacije za prvu ligu,10,1,0,0,0.3254,1,1,0.5358,20,25,18,72,27,98,12,2.67,1.36,6,0,0.5,0.5,0.0,1
16097794,"Enovos League, Relegation Group",10,0,0,1,0.4859,1,0,0.6187,23,24,33,91,27,96,2,3.37,1.05,6,0,0.5,0.5,0.0,1
16124356,"CN1 Basquetebol, 3ª Fase - Final Norte",10,0,0,1,0.4456,0,1,0.4346,14,24,17,62,27,84,8,2.3,1.35,6,0,0.5,0.5,0.0,1
16097795,"Enovos League, Relegation Group",10,0,0,1,0.4759,1,0,0.6187,23,31,25,87,27,135,7,3.22,1.55,6,0,0.5,0.5,0.0,2
16146684,"CBI U19, Fase Final",10,0,1,0,0.5656,1,0,0.5196,18,30,23,89,27,100,10,3.3,1.12,6,0,0.5,0.5,0.0,1
14024476,BNXT League,10,1,1,1,0.6459,1,1,0.5363,22,18,26,71,27,88,26,2.63,1.24,6,0,0.5,0.5,0.0,1
14024478,BNXT League,10,1,1,1,0.7656,1,1,0.6117,33,25,34,104,27,129,27,3.85,1.24,6,0,0.5,0.5,0.0,2
14270324,France Pro A,10,1,1,1,0.5538,1,1,0.52,29,20,20,84,27,107,5,3.11,1.27,6,0,0.5,0.5,0.0,2
15395139,Canadian Elite Basketball League,10,0,0,1,0.3833,1,0,0.5165,20,21,29,83,27,93,1,3.07,1.12,6,0,0.5,0.5,0.0,1
16100346,Colombia LPB,10,1,1,1,0.537,1,1,0.5342,21,25,32,91,27,104,6,3.37,1.14,6,0,0.5,0.5,0.0,2
16100339,Colombia LPB,10,1,1,1,0.5328,1,1,0.5104,28,25,23,80,27,116,16,2.96,1.45,6,0,0.5,0.5,0.0,2
16077956,Puerto Rico BSN,10,0,0,1,0.3819,0,1,0.4484,23,24,39,105,27,111,7,3.89,1.06,6,0,0.5,0.5,0.0,2
16090500,"CIBACOPA , Segunda Vuelta",10,1,1,1,0.6272,1,1,0.6204,21,32,31,94,27,113,13,3.48,1.2,6,0,0.5,0.5,0.0,2
16090502,"CIBACOPA , Segunda Vuelta",10,1,1,1,0.7219,0,0,0.4654,28,37,37,115,27,129,7,4.26,1.12,6,0,0.5,0.5,0.0,2
16112592,"LMB, Apertura",10,0,0,1,0.2111,0,1,0.4054,31,26,22,82,27,124,12,3.04,1.51,6,0,0.5,0.5,0.0,2
16112594,"LMB, Apertura",10,1,1,1,0.6043,1,1,0.7192,28,21,25,85,27,102,22,3.15,1.2,6,0,0.5,0.5,0.0,2
16090501,"CIBACOPA , Segunda Vuelta",10,1,0,0,0.2504,0,0,0.4436,33,27,37,104,27,136,26,3.85,1.31,6,0,0.5,0.5,0.0,2
15985769,"Belize Elite Basketball League, Regular Season",10,0,0,1,0.359,1,0,0.5004,35,24,31,97,27,125,25,3.59,1.29,6,0,0.5,0.5,0.0,2
15180677,Indonesian Basketball League,10,1,1,1,0.6603,1,1,0.5431,21,25,14,64,27,93,11,2.37,1.45,6,0,0.5,0.5,0.0,1
14491652,Liga ACB,10,1,0,0,0.231,0,0,0.421,27,34,24,96,27,119,5,3.56,1.24,6,0,0.5,0.5,0.0,2
14500949,Turkish Basketball Super League,10,1,0,0,0.4469,0,0,0.4375,27,16,17,68,27,108,2,2.52,1.59,6,0,0.5,0.5,0.0,2
15180678,Indonesian Basketball League,10,0,0,1,0.4804,0,1,0.4999,27,29,24,87,27,134,6,3.22,1.54,6,0,0.5,0.5,0.0,2
16124352,"Campeonato Nacional da 1ª Divisao Feminina, 3ª Fase - 1/2 Final",10,0,1,0,0.6563,0,1,0.4786,21,13,17,58,27,96,20,2.15,1.66,6,0,0.5,0.5,0.0,1
16129144,"Superleague, Playoffs",10,1,1,1,0.6963,1,1,0.6153,18,21,32,86,27,100,8,3.19,1.16,6,0,0.5,0.5,0.0,1
16155402,"Prvenstvo Hrvatske za djevojčice , Završni turnir",10,0,1,0,0.532,0,1,0.4304,19,22,18,67,27,75,5,2.48,1.12,6,0,0.5,0.5,0.0,1
14491654,Liga ACB,10,0,1,0,0.5068,0,1,0.4797,35,32,32,108,27,141,11,4.0,1.31,6,0,0.5,0.5,0.0,2
16052821,"NBL Women , Regular Season",10,1,0,0,0.4482,0,0,0.4359,14,14,13,45,27,68,4,1.67,1.51,6,0,0.5,0.5,0.0,1
15656714,PBA Commissioner's Cup,12,0,0,1,0.4859,1,0,0.5076,27,19,20,86,27,113,9,3.19,1.31,6,0,0.5,0.5,0.0,2
15984992," Liga 1 Masculin, Faza II",10,0,0,1,0.3879,0,1,0.4137,29,41,33,110,27,147,1,4.07,1.34,6,0,0.5,0.5,0.0,2
15984994," Liga 1 Masculin, Faza II",10,1,1,1,0.7625,1,1,0.5384,20,22,27,77,27,93,15,2.85,1.21,6,0,0.5,0.5,0.0,1
15984995," Liga 1 Masculin, Faza II",10,0,1,0,0.7735,1,0,0.707,25,18,27,77,27,96,14,2.85,1.25,6,0,0.5,0.5,0.0,1
16122830,"China CBA, Playoffs",10,1,1,1,0.5018,1,1,0.5428,26,34,33,104,27,118,12,3.85,1.13,6,0,0.5,0.5,0.0,2
16122832,"China CBA, Playoffs",10,0,0,1,0.2995,0,1,0.4994,27,24,28,97,27,104,8,3.59,1.07,6,0,0.5,0.5,0.0,2
15180679,Indonesian Basketball League,10,1,1,1,0.7063,1,1,0.5104,20,19,25,72,27,85,1,2.67,1.18,6,0,0.5,0.5,0.0,1
16144702,"National League, Playoffs",10,1,0,0,0.3813,1,1,0.5656,31,24,26,92,27,121,29,3.41,1.32,6,0,0.5,0.5,0.0,2
16146679,"CBI U19, Fase Final",10,1,0,0,0.3942,1,1,0.5416,27,24,17,78,27,100,20,2.89,1.28,6,0,0.5,0.5,0.0,1
16146686,"CBI U19, Fase Final",10,0,1,0,0.6764,1,0,0.5362,21,26,20,79,27,102,4,2.93,1.29,6,0,0.5,0.5,0.0,2
14500943,Turkish Basketball Super League,10,1,1,1,0.5408,0,0,0.4762,21,24,21,72,27,102,8,2.67,1.42,6,0,0.5,0.5,0.0,2
14500946,Turkish Basketball Super League,10,1,1,1,0.5676,0,0,0.462,26,23,17,77,27,114,10,2.85,1.48,6,0,0.5,0.5,0.0,2
14500947,Turkish Basketball Super League,10,0,0,1,0.4976,1,0,0.6324,24,28,27,86,27,114,8,3.19,1.33,6,0,0.5,0.5,0.0,2
14500950,Turkish Basketball Super League,10,1,1,1,0.7097,1,1,0.5816,21,31,25,89,27,117,9,3.3,1.31,6,0,0.5,0.5,0.0,2
16129145,"Superleague, Playoffs",10,1,1,1,0.7125,1,1,0.5387,32,26,31,102,27,118,14,3.78,1.16,6,0,0.5,0.5,0.0,2
16052865,"NBL Men , Regular Season",10,1,1,1,0.6774,1,1,0.5139,18,17,14,64,27,66,4,2.37,1.03,6,0,0.5,0.5,0.0,1
15984996," Liga 1 Masculin, Faza II",10,0,0,1,0.4104,0,1,0.4511,31,28,33,111,27,134,6,4.11,1.21,6,0,0.5,0.5,0.0,2
15984999," Liga 1 Masculin, Faza II",10,0,0,1,0.3958,0,1,0.4437,22,19,26,75,27,97,19,2.78,1.29,6,0,0.5,0.5,0.0,1
16125987,"Serie B, Playoffs",10,0,0,1,0.3789,1,0,0.5601,34,26,23,96,27,127,5,3.56,1.32,6,0,0.5,0.5,0.0,2
14419307,Betsafe-LKL,10,0,0,1,0.4977,1,0,0.582,22,24,24,78,27,98,18,2.89,1.26,6,0,0.5,0.5,0.0,1
15988538,"Campeonato Nacional da 1ª Divisao Feminina, 2ª Fase - Grupo Manutenção Norte",10,1,1,1,0.5167,1,1,0.5354,21,21,14,61,27,80,10,2.26,1.31,6,0,0.5,0.5,0.0,1
16068800,"LBF, Women",10,0,1,0,0.5528,1,0,0.5453,20,19,18,64,27,87,27,2.37,1.36,6,0,0.5,0.5,0.0,1
16106395,"Brazil NBB, Playoffs",10,1,0,0,0.3833,1,1,0.5561,27,29,21,85,27,149,19,3.15,1.75,6,0,0.5,0.5,0.0,2
16112448,"Portugal LBP, Playoffs",10,1,1,1,0.7549,1,1,0.609,23,29,24,89,27,100,12,3.3,1.12,6,0,0.5,0.5,0.0,1
16112450,"Portugal LBP, Playoffs",10,1,1,1,0.5462,1,1,0.5964,28,34,17,92,27,125,27,3.41,1.36,6,0,0.5,0.5,0.0,2
16112547,"Super League, Playoffs",10,0,1,0,0.7071,1,0,0.5504,27,21,13,77,27,115,15,2.85,1.49,6,0,0.5,0.5,0.0,2
16131197,"Latvia LBL, Playoffs",10,0,0,1,0.3271,0,1,0.4326,38,23,27,101,27,132,16,3.74,1.31,6,0,0.5,0.5,0.0,2
16136749,"Belgian Basketball 2nd Division, Playoffs",10,1,1,1,0.617,0,0,0.4991,26,30,27,91,27,123,13,3.37,1.35,6,0,0.5,0.5,0.0,2
16140992,"Poland 2nd Basketball League, Półfinały",10,0,0,1,0.4093,1,0,0.544,26,24,27,88,27,117,7,3.26,1.33,6,0,0.5,0.5,0.0,2
16146680,"CBI U19, Fase Final",10,1,0,0,0.4934,0,0,0.4901,19,32,20,83,27,98,28,3.07,1.18,6,0,0.5,0.5,0.0,1
16146685,"CBI U19, Fase Final",10,0,1,0,0.5292,1,0,0.5209,25,22,17,68,27,93,23,2.52,1.37,6,0,0.5,0.5,0.0,1
16056530,"Argentina Liga Nacional, Relegation Playoffs",10,1,1,1,0.5175,0,0,0.4605,19,23,9,63,27,84,2,2.33,1.33,6,0,0.5,0.5,0.0,1
14270320,France Pro A,10,1,1,1,0.7305,1,1,0.5242,33,33,22,106,27,127,7,3.93,1.2,6,0,0.5,0.5,0.0,2
14381864,Germany BBL,10,1,1,1,0.6592,1,1,0.5837,21,19,28,74,27,96,8,2.74,1.3,6,0,0.5,0.5,0.0,1
14381870,Germany BBL,10,1,1,1,0.5948,1,1,0.6305,27,33,25,106,27,121,1,3.93,1.14,6,0,0.5,0.5,0.0,2
14381871,Germany BBL,10,1,1,1,0.6947,1,1,0.5177,22,23,18,79,27,87,7,2.93,1.1,6,0,0.5,0.5,0.0,1
15250443,Germany BBL,10,0,0,1,0.4138,0,1,0.4519,32,25,30,99,27,131,5,3.67,1.32,6,0,0.5,0.5,0.0,2
15250444,Germany BBL,10,0,0,1,0.2796,0,1,0.3377,30,24,24,83,27,116,32,3.07,1.4,6,0,0.5,0.5,0.0,2
15250445,Germany BBL,10,1,0,0,0.4089,0,0,0.3147,24,24,33,85,27,108,2,3.15,1.27,6,0,0.5,0.5,0.0,2
15250446,Germany BBL,10,0,0,1,0.3605,0,1,0.4571,25,33,31,109,27,115,27,4.04,1.06,6,0,0.5,0.5,0.0,2
15250447,Germany BBL,10,0,0,1,0.3826,1,0,0.5962,24,29,25,84,27,126,34,3.11,1.5,6,0,0.5,0.5,0.0,2
15250448,Germany BBL,10,1,1,1,0.6917,1,1,0.5838,22,20,17,71,27,99,5,2.63,1.39,6,0,0.5,0.5,0.0,1
16090370,Kvalifikacije za prvu ligu,10,1,1,1,0.7,1,1,0.5359,25,24,21,81,27,113,17,3.0,1.4,6,0,0.5,0.5,0.0,2
16112552,"NLB, Playoffs",10,0,0,1,0.4795,1,0,0.5235,28,29,23,90,27,123,13,3.33,1.37,6,0,0.5,0.5,0.0,2
16161799,"RKL Division A, Playoff",10,0,0,1,0.42,0,1,0.4819,26,34,27,101,27,120,0,3.74,1.19,6,0,0.5,0.5,0.0,2
14272635,Élite 2,10,1,1,1,0.5726,1,1,0.5857,25,24,19,74,27,99,3,2.74,1.34,6,0,0.5,0.5,0.0,1
14344085,Lega A Basket,10,1,1,1,0.5309,1,1,0.5313,22,26,28,83,27,109,7,3.07,1.31,6,0,0.5,0.5,0.0,2
14344086,Lega A Basket,10,1,1,1,0.7637,1,1,0.6665,26,21,25,81,27,114,10,3.0,1.41,6,0,0.5,0.5,0.0,2
14344088,Lega A Basket,10,0,1,0,0.5796,0,1,0.4309,21,28,23,81,27,108,8,3.0,1.33,6,0,0.5,0.5,0.0,2
14344089,Lega A Basket,10,0,1,0,0.5137,1,0,0.5429,18,26,32,87,27,100,10,3.22,1.15,6,0,0.5,0.5,0.0,1
14345329,Lega A Basket,10,1,1,1,0.6729,1,1,0.5949,34,24,29,100,27,121,11,3.7,1.21,6,0,0.5,0.5,0.0,2
14345330,Lega A Basket,10,0,1,0,0.6125,1,0,0.5582,20,25,19,76,27,96,0,2.81,1.26,6,0,0.5,0.5,0.0,1
14345331,Lega A Basket,10,1,1,1,0.6954,0,0,0.4702,30,27,33,100,27,128,14,3.7,1.28,6,0,0.5,0.5,0.0,2
16052867,"NBL Men , Regular Season",10,0,1,0,0.591,1,0,0.5136,17,17,21,58,27,70,14,2.15,1.21,6,0,0.5,0.5,0.0,1
16089649,"Serie B, Playout",10,0,1,0,0.5378,1,0,0.637,23,23,22,72,27,90,8,2.67,1.25,6,0,0.5,0.5,0.0,1
16118695,"AdmiralBet ABA League, Playoffs",10,0,0,1,0.3994,0,1,0.4818,26,38,18,90,27,116,8,3.33,1.29,6,0,0.5,0.5,0.0,2
16121976,"SLB, Playoffs",10,1,1,1,0.7212,1,1,0.6017,28,22,23,78,27,104,8,2.89,1.33,6,0,0.5,0.5,0.0,2
16124757,"SLB, Women, Playoffs",10,1,0,0,0.4705,0,0,0.4199,27,20,16,72,27,100,16,2.67,1.39,6,0,0.5,0.5,0.0,1
16126011,"Serie A2 Gold, Playoffs",10,1,1,1,0.6037,1,1,0.6117,27,22,22,86,27,98,2,3.19,1.14,6,0,0.5,0.5,0.0,1
16142292,"LNBM Mozzart, Placement matches 13-16",10,1,1,1,0.6288,0,0,0.4875,30,33,20,97,27,133,3,3.59,1.37,6,0,0.5,0.5,0.0,2
16136708,"A1 Liga Women, Izlučne utakmice",10,1,1,1,0.6739,1,1,0.8161,24,22,26,75,27,100,40,2.78,1.33,6,0,0.5,0.5,0.0,1
14605492,Israeli Basketball Super League,10,1,1,1,0.636,1,1,0.6932,27,25,22,79,27,122,2,2.93,1.54,6,0,0.5,0.5,0.0,2
16110212,"Austrian Basketball Superliga, Playoffs",10,0,0,1,0.2913,1,0,0.5281,28,26,29,89,27,127,3,3.3,1.43,6,0,0.5,0.5,0.0,2
16122936,"Enovos League, Play Offs",10,1,1,1,0.7826,1,1,0.5773,26,21,34,90,27,104,6,3.33,1.16,6,0,0.5,0.5,0.0,2
15706663,SuperSport Premijer Liga,10,1,1,1,0.6941,1,1,0.5815,31,29,27,96,27,130,24,3.56,1.35,6,0,0.5,0.5,0.0,2
16085688,"Serie B, Playout",10,1,0,0,0.4639,1,1,0.5483,28,26,31,101,27,110,4,3.74,1.09,6,0,0.5,0.5,0.0,2
16089645,"Serie B, Playout",10,1,1,1,0.6648,1,1,0.649,16,23,25,88,27,82,4,3.26,0.93,6,0,0.5,0.5,0.0,1
16110214,"Austrian Basketball Superliga, Playoffs",10,1,1,1,0.7617,1,1,0.5281,28,25,29,95,27,108,18,3.52,1.14,6,0,0.5,0.5,0.0,2
16125341,"Portugal LFB Women, Playoffs",10,1,0,0,0.4305,1,1,0.5381,22,22,21,78,27,92,18,2.89,1.18,6,0,0.5,0.5,0.0,1
16125992,"Serie B, Playoffs",10,0,1,0,0.5407,1,0,0.5826,19,27,19,72,27,92,20,2.67,1.28,6,0,0.5,0.5,0.0,1
16125994,"Serie B, Playoffs",10,1,1,1,0.5397,0,0,0.4583,23,22,17,70,27,99,5,2.59,1.41,6,0,0.5,0.5,0.0,1
16125996,"Serie B, Playoffs",10,1,1,1,0.628,1,1,0.6466,26,30,22,85,27,121,11,3.15,1.42,6,0,0.5,0.5,0.0,2
16125998,"Serie B, Playoffs",10,1,0,0,0.423,1,1,0.591,27,23,20,78,27,107,5,2.89,1.37,6,0,0.5,0.5,0.0,2
16126018,"Serie B, Playoffs",10,0,0,1,0.2815,0,1,0.427,20,21,21,67,27,82,6,2.48,1.22,6,0,0.5,0.5,0.0,1
16127382,"Serie B, Playoffs",10,0,0,1,0.3645,1,0,0.5048,24,38,21,90,27,131,21,3.33,1.46,6,0,0.5,0.5,0.0,2
16134681,"Serie A2, Playout",10,0,0,1,0.3949,0,1,0.407,23,22,28,96,27,102,8,3.56,1.06,6,0,0.5,0.5,0.0,2
16140993,"Poland 2nd Basketball League, Półfinały",10,1,1,1,0.5973,1,1,0.5709,29,19,26,84,27,97,11,3.11,1.15,6,0,0.5,0.5,0.0,1
16145479,"Serie A2, Women, Playout",10,0,0,1,0.3187,0,1,0.4771,25,17,17,70,27,97,7,2.59,1.39,6,0,0.5,0.5,0.0,1
16155127,"CBI U19, Fase Final",10,1,0,0,0.4669,1,1,0.5537,27,19,24,79,27,98,34,2.93,1.24,6,0,0.5,0.5,0.0,1
16155176,"Poland 1st Division Basketball, Playoffs",10,1,0,0,0.4224,1,1,0.5221,20,30,26,85,27,97,5,3.15,1.14,6,0,0.5,0.5,0.0,1
16052947,Betsafe-LKL,10,1,1,1,0.6176,1,1,0.5505,33,36,30,111,27,130,10,4.11,1.17,6,0,0.5,0.5,0.0,2
16142022,"LNBM Mozzart, Playoffs",10,1,1,1,0.5441,0,0,0.4932,22,23,37,93,27,110,2,3.44,1.18,6,0,0.5,0.5,0.0,2
16121977,"SLB, Playoffs",10,0,0,1,0.4035,1,0,0.5132,40,33,36,125,27,162,10,4.63,1.3,6,0,0.5,0.5,0.0,3
16124754,"Serie A2, Women, Playoffs",10,0,1,0,0.5387,0,1,0.4826,17,24,33,76,27,87,15,2.81,1.14,6,0,0.5,0.5,0.0,1
16142294,"LNBM Mozzart, Placement matches 13-16",10,0,0,1,0.4184,1,0,0.5682,33,25,30,101,27,122,26,3.74,1.21,6,0,0.5,0.5,0.0,2
14491658,Liga ACB,10,1,1,1,0.6993,1,1,0.5891,24,24,36,96,27,110,4,3.56,1.15,6,0,0.5,0.5,0.0,2
15415652,WNBA,10,0,1,0,0.658,1,0,0.5063,33,25,26,97,27,117,9,3.59,1.21,6,0,0.5,0.5,0.0,2
16056535,"1st Division, Championship round",10,0,1,0,0.633,0,1,0.4105,29,23,23,89,27,108,4,3.3,1.21,6,0,0.5,0.5,0.0,2
16089647,"Serie B, Playout",10,1,1,1,0.7199,1,1,0.592,25,33,27,92,27,111,5,3.41,1.21,6,0,0.5,0.5,0.0,2
16090371,Kvalifikacije za prvu ligu,10,0,1,0,0.5299,1,0,0.5581,19,22,23,76,27,97,3,2.81,1.28,6,0,0.5,0.5,0.0,1
16106397,"Brazil NBB, Playoffs",10,0,1,0,0.5495,1,0,0.5074,25,29,28,95,27,127,9,3.52,1.34,6,0,0.5,0.5,0.0,2
16128264,"1. A SKL, Playoffs",10,0,0,1,0.466,1,0,0.5174,19,27,27,88,27,108,0,3.26,1.23,6,0,0.5,0.5,0.0,2
16131009,NBL,10,1,1,1,0.5501,1,1,0.5433,24,23,27,83,27,115,1,3.07,1.39,6,0,0.5,0.5,0.0,2
16144588,"Sparkasse Prva Liga Zeni, Play off",10,0,1,0,0.5762,0,1,0.4829,30,17,27,86,27,97,3,3.19,1.13,6,0,0.5,0.5,0.0,1
16161694,"Egyptian Basketball Super League, Regular Season",10,0,1,0,0.5705,1,0,0.6108,20,23,26,84,27,128,8,3.11,1.52,6,0,0.5,0.5,0.0,2
14605489,Israeli Basketball Super League,10,0,1,0,0.7199,1,0,0.5537,26,24,32,91,27,106,24,3.37,1.16,6,0,0.5,0.5,0.0,2
16147797,"Superliga, Playoffs",10,1,1,1,0.5681,1,1,0.56,26,30,27,90,27,120,16,3.33,1.33,6,0,0.5,0.5,0.0,2
16095868,Israeli Basketball Super League,10,0,1,0,0.5718,1,0,0.5172,37,22,29,101,27,111,17,3.74,1.1,6,0,0.5,0.5,0.0,2
16126017,"Serie B, Playoffs",10,1,1,1,0.6579,1,1,0.523,30,24,23,84,27,106,12,3.11,1.26,6,0,0.5,0.5,0.0,2
16136796,"Liga Nacional Femenina Chile, Fase regular",10,1,1,1,0.7779,1,1,0.6634,27,26,19,85,27,98,12,3.15,1.15,6,0,0.5,0.5,0.0,1
16155128,"CBI U19, Fase Final",10,1,0,0,0.4471,1,1,0.5352,23,25,29,84,27,104,18,3.11,1.24,6,0,0.5,0.5,0.0,2
16084135,"CN1 Basquetebol, 3ª Fase - Final Norte",10,1,1,1,0.5851,1,1,0.5863,22,27,19,80,27,111,5,2.96,1.39,6,0,0.5,0.5,0.0,2
16152177,"Basket Liga, Play-in",10,0,0,1,0.2666,0,1,0.4902,32,25,25,90,27,120,12,3.33,1.33,6,0,0.5,0.5,0.0,2
16128588,"AdmiralBet ABA League, Playoffs",10,1,1,1,0.5479,1,1,0.5883,33,24,20,91,27,117,1,3.37,1.29,6,0,0.5,0.5,0.0,2
15415653,WNBA,10,1,1,1,0.672,1,1,0.5478,36,33,20,110,27,131,3,4.07,1.19,6,0,0.5,0.5,0.0,2
16128589,"AdmiralBet ABA League, Relegation/Promotion Playoffs",10,0,0,1,0.4881,1,0,0.57,24,30,25,88,27,118,16,3.26,1.34,6,0,0.5,0.5,0.0,2
15939391,"NBA, Playoffs",12,1,1,1,0.5655,1,1,0.5137,29,38,38,133,27,157,27,4.93,1.18,6,0,0.5,0.5,0.0,3
16100348,Colombia LPB,10,0,0,1,0.4112,1,0,0.5439,33,34,27,102,27,136,8,3.78,1.33,6,0,0.5,0.5,0.0,2
16136794,"Liga Nacional Femenina Chile, Fase regular",10,1,0,0,0.2409,0,0,0.3363,18,26,28,87,27,99,3,3.22,1.14,6,0,0.5,0.5,0.0,1
16155920,"CBI U19, Fase Final",10,0,1,0,0.5889,0,1,0.4517,23,23,29,89,27,105,7,3.3,1.18,6,0,0.5,0.5,0.0,2
15415654,WNBA,10,0,0,1,0.4844,1,0,0.562,27,28,29,95,27,123,13,3.52,1.29,6,0,0.5,0.5,0.0,2
16077957,Puerto Rico BSN,10,1,0,0,0.416,1,1,0.563,29,26,32,95,27,103,3,3.52,1.08,6,0,0.5,0.5,0.0,2
16077959,Puerto Rico BSN,10,0,1,0,0.6084,1,0,0.6378,23,27,37,105,27,108,8,3.89,1.03,6,0,0.5,0.5,0.0,2
16136750,"LFB, Women",10,0,0,1,0.3611,1,0,0.5454,21,18,24,71,27,74,16,2.63,1.04,6,0,0.5,0.5,0.0,1
16136751,"LFB, Women",10,0,1,0,0.8171,1,0,0.6981,17,23,16,60,27,88,14,2.22,1.47,6,0,0.5,0.5,0.0,1
16142251,LNB 2,10,1,0,0,0.3094,0,0,0.3922,27,17,23,79,27,94,4,2.93,1.19,6,0,0.5,0.5,0.0,1
16142252,LNB 2,10,1,0,0,0.4132,0,0,0.4346,24,23,26,79,27,101,19,2.93,1.28,6,0,0.5,0.5,0.0,2
16142254,LNB 2,10,0,1,0,0.5617,1,0,0.5819,24,22,22,72,27,98,4,2.67,1.36,6,0,0.5,0.5,0.0,1
16155921,"CBI U19, Fase Final",10,1,1,1,0.6555,1,1,0.502,24,22,17,77,27,98,10,2.85,1.27,6,0,0.5,0.5,0.0,1
16142255,LNB 2,10,0,1,0,0.5554,0,1,0.399,34,22,31,94,27,105,21,3.48,1.12,6,0,0.5,0.5,0.0,2
16142256,LNB 2,10,0,1,0,0.5402,0,1,0.4244,27,34,19,93,27,129,13,3.44,1.39,6,0,0.5,0.5,0.0,2
15935040,"NBA, Playoffs",12,1,0,0,0.4356,0,0,0.4929,34,28,26,123,27,124,0,4.56,1.01,6,0,0.5,0.5,0.0,2
16135349,"Argentina Liga Nacional, Playoffs",10,0,0,1,0.4016,1,0,0.6414,20,21,30,81,27,91,3,3.0,1.12,6,0,0.5,0.5,0.0,1
16136752,"LFB, Women",10,0,0,1,0.3273,0,1,0.4641,21,24,34,94,27,95,21,3.48,1.01,6,0,0.5,0.5,0.0,1
16077958,Puerto Rico BSN,10,1,1,1,0.5201,1,1,0.5613,23,33,25,97,27,130,4,3.59,1.34,6,0,0.5,0.5,0.0,2
16112597,"LMB, Apertura",10,0,1,0,0.7299,0,1,0.4011,29,17,24,75,27,109,17,2.78,1.45,6,0,0.5,0.5,0.0,2
16129553,"Liga Argentina, Playoffs",10,1,1,1,0.5372,1,1,0.5101,23,29,30,95,27,112,2,3.52,1.18,6,0,0.5,0.5,0.0,2
16135350,"Argentina Liga Nacional, Playoffs",10,1,1,1,0.5312,1,1,0.5203,23,23,26,78,27,98,12,2.89,1.26,6,0,0.5,0.5,0.0,1
16142257,LNB 2,10,0,1,0,0.5081,0,1,0.4251,29,28,26,89,27,112,6,3.3,1.26,6,0,0.5,0.5,0.0,2
15415656,WNBA,10,1,1,1,0.6114,0,0,0.4371,24,23,34,91,27,112,6,3.37,1.23,6,0,0.5,0.5,0.0,2
16149731,MPBL,10,1,1,1,0.6162,1,1,0.6463,27,23,28,85,27,111,3,3.15,1.31,6,0,0.5,0.5,0.0,2
16145480,MPBL,10,0,0,1,0.3377,0,1,0.4904,25,27,34,94,27,116,24,3.48,1.23,6,0,0.5,0.5,0.0,2
16157366,"B1 League, Playoffs",10,0,1,0,0.6172,1,0,0.5473,19,22,14,73,27,93,3,2.7,1.27,6,0,0.5,0.5,0.0,1
16157619,"B2 League, Playoffs",10,0,0,1,0.3957,1,0,0.593,27,33,20,91,27,152,22,3.37,1.67,6,0,0.5,0.5,0.0,3
16144703,"National League, Playoffs",10,0,1,0,0.5845,1,0,0.632,32,22,28,92,27,115,11,3.41,1.25,6,0,0.5,0.5,0.0,2
16149732,MPBL,10,0,0,1,0.4881,0,1,0.3701,16,24,21,68,27,94,24,2.52,1.38,6,0,0.5,0.5,0.0,1
16128056,"United League, Playoffs",10,0,0,1,0.476,1,0,0.5326,21,32,26,104,27,111,7,3.85,1.07,6,0,0.5,0.5,0.0,2
16141855,"LNBM Mozzart, Placement matches 5-8",10,1,1,1,0.542,1,1,0.5651,33,29,29,98,27,130,2,3.63,1.33,6,0,0.5,0.5,0.0,2
16142025,"Liga Nationala, Relegation Playoffs",10,1,0,0,0.4117,1,1,0.5082,17,31,26,84,27,98,10,3.11,1.17,6,0,0.5,0.5,0.0,1
16143125,"Hungary NB 1.A, Placement Matches",10,1,1,1,0.568,0,0,0.4475,38,29,26,99,27,126,8,3.67,1.27,6,0,0.5,0.5,0.0,2
16151215,"Tipos SBL, Playoffs",10,1,1,1,0.5427,1,1,0.5274,29,15,23,81,27,88,2,3.0,1.09,6,0,0.5,0.5,0.0,1
16131015,NBL,10,1,1,1,0.6025,1,1,0.5764,25,20,32,85,27,108,4,3.15,1.27,6,0,0.5,0.5,0.0,2
16141854,"LNBM Mozzart, Placement matches 5-8",10,1,1,1,0.6264,1,1,0.6197,31,34,24,97,27,124,14,3.59,1.28,6,0,0.5,0.5,0.0,2
16131198,"Latvia LBL, Playoffs",10,0,0,1,0.4603,0,1,0.4306,40,37,33,125,27,142,12,4.63,1.14,6,0,0.5,0.5,0.0,2
16150641,"NBL, Playoff",10,1,1,1,0.5691,1,1,0.5887,26,34,27,99,27,128,12,3.67,1.29,6,0,0.5,0.5,0.0,2
16161975,"Kvindebasketligaen , DM-Finaler",10,0,1,0,0.6932,1,0,0.6081,20,18,22,72,27,85,1,2.67,1.18,6,0,0.5,0.5,0.0,1
14605487,Israeli Basketball Super League,10,1,1,1,0.7144,1,1,0.6308,26,30,35,100,27,117,9,3.7,1.17,6,0,0.5,0.5,0.0,2
16126015,"Serie A2 Gold, Playoffs",10,1,1,1,0.6874,1,1,0.6074,29,31,27,95,27,133,1,3.52,1.4,6,0,0.5,0.5,0.0,2
16134678,"Iceland Women's Basketball Premier League, Playoffs",10,1,0,0,0.4741,0,0,0.479,30,27,19,82,27,112,0,3.04,1.37,6,0,0.5,0.5,0.0,2
16087809,"1st Division Men, Úrslitakeppni",10,0,1,0,0.6431,1,0,0.5129,34,26,20,91,27,126,16,3.37,1.38,6,0,0.5,0.5,0.0,2
16106606,Colombia LPB,10,1,1,1,0.5906,0,0,0.4194,23,24,22,77,27,124,2,2.85,1.61,6,0,0.5,0.5,0.0,2
16138145,"Uruguay LUB, Playoffs",10,1,1,1,0.6375,1,1,0.5005,26,22,36,94,27,107,15,3.48,1.14,6,0,0.5,0.5,0.0,2
15939358,"LNB, Apertura",10,0,1,0,0.5905,1,0,0.6334,23,35,27,103,27,111,11,3.81,1.08,6,0,0.5,0.5,0.0,2
15939359,"LNB, Apertura",10,1,1,1,0.7461,1,1,0.5335,23,27,26,92,27,99,21,3.41,1.08,6,0,0.5,0.5,0.0,1
15939357,"LNB, Apertura",10,1,0,0,0.3839,0,0,0.4121,23,24,22,76,27,107,15,2.81,1.41,6,0,0.5,0.5,0.0,2
15939361,"LNB, Apertura",10,0,0,1,0.4658,0,1,0.3916,14,26,31,75,27,93,5,2.78,1.24,6,0,0.5,0.5,0.0,1
16135352,"Argentina Liga Nacional, Playoffs",10,0,0,1,0.4443,1,0,0.5109,20,29,27,91,27,116,20,3.37,1.27,6,0,0.5,0.5,0.0,2
15939399,"NBA, Playoffs",12,0,0,1,0.49,0,1,0.3285,22,33,31,115,27,118,6,4.26,1.03,6,0,0.5,0.5,0.0,2
16077960,Puerto Rico BSN,10,0,1,0,0.5757,1,0,0.5479,27,35,28,104,27,131,23,3.85,1.26,6,0,0.5,0.5,0.0,2
16135351,"Argentina Liga Nacional, Playoffs",10,0,1,0,0.5819,1,0,0.6525,20,25,22,79,27,106,8,2.93,1.34,6,0,0.5,0.5,0.0,2
16100338,Colombia LPB,10,1,0,0,0.4661,0,0,0.4948,26,34,35,101,27,146,6,3.74,1.45,6,0,0.5,0.5,0.0,2
16112593,"LMB, Apertura",10,1,0,0,0.2798,0,0,0.286,25,28,32,96,27,122,20,3.56,1.27,6,0,0.5,0.5,0.0,2
16112595,"LMB, Apertura",10,0,0,1,0.2965,1,0,0.5294,27,18,30,90,27,101,19,3.33,1.12,6,0,0.5,0.5,0.0,2
16138147,"Uruguay LUB, Playoffs",10,1,1,1,0.6737,1,1,0.5436,21,25,25,80,27,95,3,2.96,1.19,6,0,0.5,0.5,0.0,1
15939383,"NBA, Playoffs",12,0,0,1,0.4376,1,0,0.5414,24,28,40,124,27,113,9,4.59,0.91,6,0,0.5,0.5,0.0,2
16090505,"CIBACOPA , Segunda Vuelta",10,0,0,1,0.3805,0,1,0.4782,25,32,39,107,27,132,2,3.96,1.23,6,0,0.5,0.5,0.0,2
15999238,MPBL,10,0,1,0,0.5427,1,0,0.5098,20,24,34,87,27,107,9,3.22,1.23,6,0,0.5,0.5,0.0,2
15991498,MPBL,10,0,1,0,0.8711,1,0,0.7539,21,29,31,88,27,117,45,3.26,1.33,6,0,0.5,0.5,0.0,2
16122846,"China CBA, Playoffs",10,1,1,1,0.5585,1,1,0.5654,26,24,30,96,27,104,2,3.56,1.08,6,0,0.5,0.5,0.0,2
15991499,MPBL,10,1,0,0,0.3269,0,0,0.4626,16,35,36,108,27,98,4,4.0,0.91,6,0,0.5,0.5,0.0,1
16167617,"Iraqi Professional League, Iraqi Professional league",10,0,1,0,0.6612,0,1,0.497,10,17,24,58,27,62,0,2.15,1.07,6,0,0.5,0.5,0.0,1
16167618,"Iraqi Professional League, Iraqi Professional league",10,0,0,1,0.4688,0,1,0.4968,26,13,16,66,27,74,12,2.44,1.12,6,0,0.5,0.5,0.0,1
16152754,"National League, Playoffs",10,1,1,1,0.5231,1,1,0.5201,25,17,26,80,27,97,7,2.96,1.21,6,0,0.5,0.5,0.0,1
16142026,"LNBM Mozzart, Playoffs",10,0,0,1,0.3431,1,0,0.5331,34,33,18,91,27,125,3,3.37,1.37,6,0,0.5,0.5,0.0,2
16167619,"Iraqi Professional League, Iraqi Professional league",10,0,1,0,0.5853,1,0,0.5137,19,18,21,62,27,90,6,2.3,1.45,6,0,0.5,0.5,0.0,1
16167620,"Iraqi Professional League, Iraqi Professional league",10,1,1,1,0.8182,1,1,0.5459,13,13,21,48,27,59,13,1.78,1.23,6,0,0.5,0.5,0.0,0
14419301,Betsafe-LKL,10,0,0,1,0.4291,1,0,0.5868,21,20,42,102,27,106,0,3.78,1.04,6,0,0.5,0.5,0.0,2
16090565,"Korisliiga, Playoffs",10,0,1,0,0.5656,1,0,0.5819,29,22,22,84,27,112,0,3.11,1.33,6,0,0.5,0.5,0.0,2
16101496,"National League, Relegation Round",10,0,1,0,0.5972,1,0,0.5319,24,35,25,95,27,129,21,3.52,1.36,6,0,0.5,0.5,0.0,2
16106600,"National League, Relegation Round",10,0,0,1,0.2916,0,1,0.496,27,25,24,79,27,126,10,2.93,1.59,6,0,0.5,0.5,0.0,2
14605494,Israeli Basketball Super League,10,1,1,1,0.5725,1,1,0.5429,30,27,25,96,27,123,9,3.56,1.28,6,0,0.5,0.5,0.0,2
16101511,"National League, Relegation Round",10,1,0,0,0.4874,0,0,0.4972,19,24,21,87,27,87,1,3.22,1.0,6,0,0.5,0.5,0.0,1
16131296,"KLS, Playoffs",10,0,0,1,0.4238,0,1,0.4362,35,28,44,122,27,127,13,4.52,1.04,6,0,0.5,0.5,0.0,2
16142296,"LNBM Mozzart, Placement matches 13-16",10,0,1,0,0.589,1,0,0.6334,30,28,27,101,27,155,7,3.74,1.53,6,0,0.5,0.5,0.0,3
16142297,"LNBM Mozzart, Placement matches 13-16",10,1,1,1,0.5079,0,0,0.4379,30,37,26,105,27,131,15,3.89,1.25,6,0,0.5,0.5,0.0,2
16143124,"Hungary NB 1.A, Placement Matches",10,0,0,1,0.3516,0,1,0.446,26,31,32,105,27,115,3,3.89,1.1,6,0,0.5,0.5,0.0,2
16150172,"Israeli National League Basketball, Playoffs",10,0,1,0,0.6454,1,0,0.685,19,23,22,71,27,86,6,2.63,1.21,6,0,0.5,0.5,0.0,1
16161431,"A1 Liga Women, Playoffs",10,1,0,0,0.3415,1,1,0.5842,23,22,28,81,27,109,33,3.0,1.35,6,0,0.5,0.5,0.0,2
16131008,NBL,10,1,1,1,0.6422,1,1,0.5434,24,34,27,97,27,107,11,3.59,1.1,6,0,0.5,0.5,0.0,2
16128062,"United League, Playoffs",10,0,1,0,0.573,1,0,0.5642,31,26,25,105,27,112,4,3.89,1.07,6,0,0.5,0.5,0.0,2
16086820,"AdmiralBet ABA League, Playoffs",10,1,0,0,0.4154,0,0,0.4779,28,28,24,98,27,118,6,3.63,1.2,6,0,0.5,0.5,0.0,2
16114301,"1. A SKL, Playoffs",10,0,1,0,0.5272,0,1,0.4434,24,24,27,85,27,110,2,3.15,1.29,6,0,0.5,0.5,0.0,2
16126016,"Serie A2 Gold, Playoffs",10,1,1,1,0.5566,0,0,0.4838,23,24,24,78,27,98,6,2.89,1.26,6,0,0.5,0.5,0.0,1
16167530,"Egyptian Women's Basketball Super League, Regular Season",10,1,1,1,0.6265,1,1,0.6103,22,29,26,90,27,98,6,3.33,1.09,6,0,0.5,0.5,0.0,1
16167621,"Iraqi Professional League, Iraqi Professional league",10,1,1,1,0.6759,1,1,0.5373,19,24,25,79,27,105,15,2.93,1.33,6,0,0.5,0.5,0.0,2
16167622,"Iraqi Professional League, Iraqi Professional league",10,1,1,1,0.622,1,1,0.5254,13,11,15,50,27,56,8,1.85,1.12,6,0,0.5,0.5,0.0,0
16139523,"Switzerland LNA, Playoffs",10,1,1,1,0.8097,1,1,0.5783,33,18,39,100,27,100,18,3.7,1.0,6,0,0.5,0.5,0.0,1
14491661,Liga ACB,10,0,1,0,0.6617,1,0,0.5213,24,17,31,89,27,94,10,3.3,1.06,6,0,0.5,0.5,0.0,1
15904345,"France LFB Women, Relegation Round",10,1,1,1,0.5455,1,1,0.5268,24,24,27,82,27,106,12,3.04,1.29,6,0,0.5,0.5,0.0,2
15904346,"France LFB Women, Relegation Round",10,1,1,1,0.6176,0,0,0.4727,28,19,21,78,27,99,13,2.89,1.27,6,0,0.5,0.5,0.0,1
16151214,"AdmiralBet ABA League, Playoffs",10,1,1,1,0.6778,1,1,0.5504,27,38,34,109,27,133,9,4.04,1.22,6,0,0.5,0.5,0.0,2
16126014,"Serie A2 Gold, Playoffs",10,0,0,1,0.4351,0,1,0.4051,22,24,18,82,27,86,12,3.04,1.05,6,0,0.5,0.5,0.0,1
16159726,"Belgian Basketball 2nd Division, Playoffs",10,1,1,1,0.521,1,1,0.5247,27,36,23,96,27,129,13,3.56,1.34,6,0,0.5,0.5,0.0,2
16161439,"Germany BBL, Play-in",10,1,0,0,0.4841,1,1,0.6021,26,32,28,99,27,123,5,3.67,1.24,6,0,0.5,0.5,0.0,2
16149735,"Super League, Playoffs",10,1,1,1,0.5277,0,0,0.4923,25,18,18,78,27,96,4,2.89,1.23,6,0,0.5,0.5,0.0,1
16173279,"Liga Nacional Masculina, GRUPO B",10,0,0,1,0.2915,1,0,0.5332,28,28,24,89,27,117,9,3.3,1.31,6,0,0.5,0.5,0.0,2
16140384,"Iceland Basketball Premier League, Playoffs",10,0,1,0,0.5528,1,0,0.5429,30,20,22,86,27,110,6,3.19,1.28,6,0,0.5,0.5,0.0,2
16068790,"LBF, Women",10,1,1,1,0.8133,1,1,0.7349,19,21,20,67,27,80,14,2.48,1.19,6,0,0.5,0.5,0.0,1
16151911,"Brazil NBB, Playoffs",10,1,1,1,0.5108,1,1,0.5645,25,25,26,92,27,113,3,3.41,1.23,6,0,0.5,0.5,0.0,2
16138146,"Uruguay LUB, Playoffs",10,0,1,0,0.7208,1,0,0.6171,30,25,24,92,27,110,6,3.41,1.2,6,0,0.5,0.5,0.0,2
15395140,Canadian Elite Basketball League,10,1,1,1,0.5331,1,1,0.5341,26,29,29,101,27,112,2,3.74,1.11,6,0,0.5,0.5,0.0,2
16173281,"Liga Nacional Masculina, GRUPO A",10,1,0,0,0.3355,1,1,0.519,18,32,20,75,27,93,3,2.78,1.24,6,0,0.5,0.5,0.0,1
15415657,WNBA,10,0,0,1,0.3846,1,0,0.5199,26,24,25,82,27,103,3,3.04,1.26,6,0,0.5,0.5,0.0,2
15935038,"NBA, Playoffs",12,1,1,1,0.5752,1,1,0.5633,35,22,35,124,27,118,4,4.59,0.95,6,0,0.5,0.5,0.0,2
16077962,Puerto Rico BSN,10,0,0,1,0.4914,0,1,0.4705,20,32,27,92,27,109,1,3.41,1.18,6,0,0.5,0.5,0.0,2
16147798,"Liga Argentina, Playoffs",10,1,0,0,0.3045,1,1,0.5179,17,28,28,83,27,101,3,3.07,1.22,6,0,0.5,0.5,0.0,2
16157266,"Liga Argentina, Playoffs",10,0,0,1,0.4814,1,0,0.5034,15,20,16,58,27,76,12,2.15,1.31,6,0,0.5,0.5,0.0,1
16173280,"Liga Nacional Masculina, GRUPO B",10,0,1,0,0.5015,1,0,0.573,29,26,33,93,27,118,26,3.44,1.27,6,0,0.5,0.5,0.0,2
16138144,"Uruguay LUB, Playoffs",10,0,0,1,0.2266,0,1,0.4205,28,30,26,97,27,114,10,3.59,1.18,6,0,0.5,0.5,0.0,2
16171201,"Argentina Liga Nacional, Relegation Playoffs",10,1,0,0,0.4045,1,1,0.5098,26,25,22,88,27,116,2,3.26,1.32,6,0,0.5,0.5,0.0,2
16112596,"LMB, Apertura",10,1,1,1,0.5716,0,0,0.3971,21,24,19,71,27,107,21,2.63,1.51,6,0,0.5,0.5,0.0,2
16116831,"LMB, Apertura",10,1,1,1,0.7655,1,1,0.6832,20,33,28,88,27,126,10,3.26,1.43,6,0,0.5,0.5,0.0,2
16157261,Mexico LNBP Women,10,0,0,1,0.2496,0,1,0.3775,26,26,25,88,27,103,3,3.26,1.17,6,0,0.5,0.5,0.0,2
15415658,WNBA,10,1,0,0,0.3741,0,0,0.4345,27,29,34,99,27,134,6,3.67,1.35,6,0,0.5,0.5,0.0,2
15415659,WNBA,10,0,0,1,0.4459,0,1,0.4688,26,32,33,98,27,120,2,3.63,1.22,6,0,0.5,0.5,0.0,2
16157214,Mexico LNBP Women,10,0,0,1,0.2349,0,1,0.4585,19,27,32,96,27,102,8,3.56,1.06,6,0,0.5,0.5,0.0,2
16090506,"CIBACOPA , Segunda Vuelta",10,0,0,1,0.3053,1,0,0.5169,29,34,28,109,27,130,14,4.04,1.19,6,0,0.5,0.5,0.0,2
16090510,"CIBACOPA , Segunda Vuelta",10,0,0,1,0.3848,0,1,0.4591,34,27,28,114,27,136,8,4.22,1.19,6,0,0.5,0.5,0.0,2
16090507,"CIBACOPA , Segunda Vuelta",10,0,1,0,0.5195,1,0,0.6089,30,38,32,113,27,139,3,4.19,1.23,6,0,0.5,0.5,0.0,2
16090508,"CIBACOPA , Segunda Vuelta",10,1,1,1,0.5311,1,1,0.5554,24,40,30,114,27,127,1,4.22,1.11,6,0,0.5,0.5,0.0,2
16090509,"CIBACOPA , Segunda Vuelta",10,1,1,1,0.5249,0,0,0.4634,26,26,29,96,27,109,3,3.56,1.14,6,0,0.5,0.5,0.0,2
15999226,"Rapid League, Regular Season",10,1,1,1,0.5681,1,1,0.5806,11,10,5,36,27,43,1,1.33,1.19,6,0,0.5,0.5,0.0,0
15217643,New Zealand NBL,10,0,0,1,0.4789,0,1,0.4944,29,38,37,116,27,145,7,4.3,1.25,6,0,0.5,0.5,0.0,2
15991500,MPBL,10,0,1,0,0.5929,1,0,0.7215,18,24,36,89,27,105,35,3.3,1.18,6,0,0.5,0.5,0.0,2
16160346,"PBA Commissioner's Cup, Playoffs",12,0,1,0,0.5454,1,0,0.5354,25,25,26,100,27,117,1,3.7,1.17,6,0,0.5,0.5,0.0,2
15991501,MPBL,10,0,1,0,0.7618,1,0,0.6097,33,34,40,115,27,131,19,4.26,1.14,6,0,0.5,0.5,0.0,2
16129655,"Superleague, Playoffs",10,0,1,0,0.5368,1,0,0.5658,29,33,24,94,27,159,13,3.48,1.69,6,0,0.5,0.5,0.0,3
16158640,"Korean Basketball League, Playoffs",10,1,0,0,0.4244,1,1,0.5384,20,16,27,73,27,91,21,2.7,1.25,6,0,0.5,0.5,0.0,1
16141227,"Women's National Basketball League, Semi Finals",10,1,1,1,0.702,1,1,0.6402,13,23,12,53,27,66,10,1.96,1.25,6,0,0.5,0.5,0.0,1
16160344,"PBA Commissioner's Cup, Playoffs",12,0,0,1,0.4848,0,1,0.444,25,28,23,109,27,100,12,4.04,0.92,6,0,0.5,0.5,0.0,1
16122844,"China CBA, Playoffs",10,1,1,1,0.6559,1,1,0.563,26,24,30,87,27,108,16,3.22,1.24,6,0,0.5,0.5,0.0,2
15991502,MPBL,10,1,1,1,0.7807,1,1,0.7701,19,22,32,95,27,93,27,3.52,0.98,6,0,0.5,0.5,0.0,1
16141228,"Women's National Basketball League, Semi Finals",10,0,1,0,0.5118,0,1,0.4947,11,14,16,43,27,55,9,1.59,1.28,6,0,0.5,0.5,0.0,0
16172062,"Iraqi Professional League, Iraqi Professional league",10,0,1,0,0.6767,1,0,0.6954,15,19,16,58,27,78,10,2.15,1.34,6,0,0.5,0.5,0.0,1
16172065,"Iraqi Professional League, Iraqi Professional league",10,0,1,0,0.5409,1,0,0.5012,24,13,16,58,27,76,6,2.15,1.31,6,0,0.5,0.5,0.0,1
16071854,"Stoiximan GBL, Playoffs",10,1,0,0,0.4243,1,1,0.5872,33,30,27,97,27,135,33,3.59,1.39,6,0,0.5,0.5,0.0,2
16056532,"1st Division, Championship round",10,0,1,0,0.5192,1,0,0.6651,20,36,23,86,27,121,17,3.19,1.41,6,0,0.5,0.5,0.0,2
16129652,"Superleague, Playoffs",10,1,0,0,0.4646,0,0,0.4879,26,21,27,83,27,140,20,3.07,1.69,6,0,0.5,0.5,0.0,2
16154811,U21 Espoirs Elite,10,0,0,1,0.3568,1,0,0.5511,29,26,25,92,27,114,0,3.41,1.24,6,0,0.5,0.5,0.0,2
16172063,"Iraqi Professional League, Iraqi Professional league",10,0,0,1,0.3767,0,1,0.3208,19,24,22,72,27,102,12,2.67,1.42,6,0,0.5,0.5,0.0,2
16172066,"Iraqi Professional League, Iraqi Professional league",10,1,1,1,0.6609,1,1,0.5445,15,21,23,74,27,84,4,2.74,1.14,6,0,0.5,0.5,0.0,1
16155293,"KML, Playoffs",10,1,0,0,0.4891,1,1,0.5092,25,17,24,90,27,138,2,3.33,1.53,6,0,0.5,0.5,0.0,2
14605482,Israeli Basketball Super League,10,1,0,0,0.3901,1,1,0.5033,23,25,24,83,27,104,8,3.07,1.25,6,0,0.5,0.5,0.0,2
14419304,Betsafe-LKL,10,0,0,1,0.2287,0,1,0.286,31,30,31,101,27,138,22,3.74,1.37,6,0,0.5,0.5,0.0,2
14419298,Betsafe-LKL,10,1,0,0,0.2704,0,0,0.4067,32,31,26,99,27,135,9,3.67,1.36,6,0,0.5,0.5,0.0,2
16012424,"Hungary NB 1.A, Relegation Round",10,0,1,0,0.602,0,1,0.4395,22,31,28,91,27,121,11,3.37,1.33,6,0,0.5,0.5,0.0,2
16012426,"Hungary NB 1.A, Relegation Round",10,1,1,1,0.6215,0,0,0.4768,28,40,38,121,27,132,24,4.48,1.09,6,0,0.5,0.5,0.0,2
16012438,"Hungary NB 1.A, Relegation Round",10,0,0,1,0.3889,1,0,0.5113,14,24,22,71,27,82,6,2.63,1.15,6,0,0.5,0.5,0.0,1
16052819,"NBL Women , Regular Season",10,1,0,0,0.2528,0,0,0.394,22,19,25,75,27,87,11,2.78,1.16,6,0,0.5,0.5,0.0,1
16122937,"Enovos League, Play Offs",10,1,0,0,0.3786,0,0,0.4897,27,22,24,86,27,108,4,3.19,1.26,6,0,0.5,0.5,0.0,2
16124363,"FSHB Superliga, K.K.M 2025-26",10,0,1,0,0.5341,1,0,0.6085,25,26,29,86,27,112,6,3.19,1.3,6,0,0.5,0.5,0.0,2
16124669,"Cyprus Basketball Division A, Playoffs",10,1,1,1,0.5531,1,1,0.6248,28,30,19,94,27,121,3,3.48,1.29,6,0,0.5,0.5,0.0,2
16128057,"United League, Playoffs",10,0,1,0,0.6474,1,0,0.5974,35,16,21,81,27,128,12,3.0,1.58,6,0,0.5,0.5,0.0,2
16131194,"Latvia LBL, Playoffs",10,1,0,0,0.4747,1,1,0.62,33,28,29,100,27,133,17,3.7,1.33,6,0,0.5,0.5,0.0,2
16139295,"Rwanda Basketball League Women, Regular Season",10,1,1,1,0.6807,0,0,0.4509,24,21,21,70,27,85,3,2.59,1.21,6,0,0.5,0.5,0.0,1
16142024,"Liga Nationala, Relegation Playoffs",10,1,1,1,0.5716,0,0,0.4151,29,32,29,101,27,132,14,3.74,1.31,6,0,0.5,0.5,0.0,2
16164269,"Polish Basketball League, Playoffs",10,0,1,0,0.5347,1,0,0.5342,30,24,18,87,27,104,2,3.22,1.2,6,0,0.5,0.5,0.0,2
16167523,"1. A SKL, Playoffs",10,0,1,0,0.5542,1,0,0.6497,19,29,22,77,27,103,11,2.85,1.34,6,0,0.5,0.5,0.0,2
16161650,"SuperSport Premijer Liga, Playoffs",10,1,0,0,0.4496,1,1,0.5691,25,29,23,101,27,105,17,3.74,1.04,6,0,0.5,0.5,0.0,2
14491666,Liga ACB,10,1,0,0,0.4705,1,1,0.5253,37,28,30,106,27,136,28,3.93,1.28,6,0,0.5,0.5,0.0,2
16052785,"1st Division, Championship round",10,1,1,1,0.5947,0,0,0.4197,21,34,20,85,27,144,10,3.15,1.69,6,0,0.5,0.5,0.0,2
16126001,"Serie B, Playoffs",10,0,0,1,0.3935,0,1,0.4026,29,31,19,95,27,115,19,3.52,1.21,6,0,0.5,0.5,0.0,2
16143126,"Hungary NB 1.A, Placement Matches",10,0,0,1,0.4675,0,1,0.4934,22,23,26,77,27,112,4,2.85,1.45,6,0,0.5,0.5,0.0,2
16161433,"SuperSport Premijer Liga, Playoffs",10,1,0,0,0.4523,1,1,0.5691,35,23,31,95,27,120,16,3.52,1.26,6,0,0.5,0.5,0.0,2
16172064,"Iraqi Professional League, Iraqi Professional league",10,1,1,1,0.5324,0,0,0.3157,20,25,18,68,27,99,23,2.52,1.46,6,0,0.5,0.5,0.0,1
16172067,"Iraqi Professional League, Iraqi Professional league",10,0,1,0,0.7781,1,0,0.6931,12,12,19,48,27,91,11,1.78,1.9,6,0,0.5,0.5,0.0,1
16173215,"Egyptian Basketball Super League, Regular Season",10,0,1,0,0.7488,1,0,0.5296,31,25,22,91,27,117,3,3.37,1.29,6,0,0.5,0.5,0.0,2
16173514,"Super League, Playoffs",10,1,1,1,0.5298,0,0,0.3889,23,22,25,79,27,96,18,2.93,1.22,6,0,0.5,0.5,0.0,1
14491663,Liga ACB,10,0,0,1,0.3207,1,0,0.5169,23,24,40,106,27,119,5,3.93,1.12,6,0,0.5,0.5,0.0,2
16147799,"Superliga, Playoffs",10,1,1,1,0.5616,1,1,0.5477,23,30,31,95,27,114,4,3.52,1.2,6,0,0.5,0.5,0.0,2
16161437,"SuperSport Premijer Liga, Playoffs",10,0,1,0,0.6002,1,0,0.6313,21,30,24,90,27,115,9,3.33,1.28,6,0,0.5,0.5,0.0,2
14605484,Israeli Basketball Super League,10,0,0,1,0.3183,0,1,0.4489,25,30,24,91,27,123,3,3.37,1.35,6,0,0.5,0.5,0.0,2
16052866,"NBL Men , Regular Season",10,1,1,1,0.6276,0,0,0.347,25,21,28,80,27,110,36,2.96,1.38,6,0,0.5,0.5,0.0,2
16052869,"NBL Men , Regular Season",10,1,1,1,0.7257,1,1,0.6375,24,22,25,84,27,127,1,3.11,1.51,6,0,0.5,0.5,0.0,2
16112548,"Portugal LBP, Playoffs",10,1,0,0,0.3402,0,0,0.4166,23,30,23,86,27,125,17,3.19,1.45,6,0,0.5,0.5,0.0,2
16126003,"Serie B, Playoffs",10,0,1,0,0.6139,0,1,0.45,26,22,33,90,27,113,1,3.33,1.26,6,0,0.5,0.5,0.0,2
16161436,"SuperSport Premijer Liga, Playoffs",10,1,0,0,0.4299,1,1,0.622,16,30,27,83,27,104,6,3.07,1.25,6,0,0.5,0.5,0.0,2
16140387,"Polish Basketball League, Playoffs",10,1,1,1,0.6452,1,1,0.5094,50,44,52,178,27,107,9,6.59,0.6,6,0,0.5,0.5,0.0,2
16089650,"Serie B, Playout",10,1,1,1,0.6991,0,0,0.4491,16,20,24,71,27,73,11,2.63,1.03,6,0,0.5,0.5,0.0,1
16089651,"Serie B, Playout",10,1,1,1,0.599,0,0,0.4852,25,19,24,76,27,82,6,2.81,1.08,6,0,0.5,0.5,0.0,1
16125999,"Serie B, Playoffs",10,1,1,1,0.7129,1,1,0.5537,20,18,30,77,27,89,13,2.85,1.16,6,0,0.5,0.5,0.0,1
16126000,"Serie B, Playoffs",10,1,1,1,0.547,1,1,0.5532,17,24,31,87,27,94,4,3.22,1.08,6,0,0.5,0.5,0.0,1
16126002,"Serie B, Playoffs",10,0,1,0,0.6916,1,0,0.5615,30,18,25,78,27,108,18,2.89,1.38,6,0,0.5,0.5,0.0,2
16161398,"NLB, Playoffs",10,1,1,1,0.6264,1,1,0.6588,21,26,23,81,27,95,31,3.0,1.17,6,0,0.5,0.5,0.0,1
16176758,"Serie A2, Women, Playoffs",10,0,1,0,0.5004,1,0,0.504,29,22,18,81,27,113,9,3.0,1.4,6,0,0.5,0.5,0.0,2
16129653,"Serie B, Playoffs",10,1,1,1,0.5408,1,1,0.5183,26,23,26,83,27,108,4,3.07,1.3,6,0,0.5,0.5,0.0,2
15916332,"Euroleague, Playoffs",10,1,1,1,0.6298,0,0,0.4794,17,23,26,77,27,91,7,2.85,1.18,6,0,0.5,0.5,0.0,1
16089652,"Serie B, Playout",10,0,0,1,0.4294,0,1,0.4342,20,33,21,83,27,108,4,3.07,1.3,6,0,0.5,0.5,0.0,2
16089654,"Serie B, Playout",10,0,1,0,0.5439,0,1,0.3873,21,25,26,83,27,90,6,3.07,1.08,6,0,0.5,0.5,0.0,1
16125997,"Serie B, Playoffs",10,0,1,0,0.556,1,0,0.5939,36,27,21,98,27,121,7,3.63,1.23,6,0,0.5,0.5,0.0,2
16126006,"Serie A2 Gold, Playoffs",10,0,0,1,0.3195,0,1,0.4519,24,22,27,89,27,93,9,3.3,1.04,6,0,0.5,0.5,0.0,1
16159936,"Serie A2, Playout",10,1,1,1,0.6673,1,1,0.6636,23,28,26,83,27,115,1,3.07,1.39,6,0,0.5,0.5,0.0,2
16112447,"Portugal LBP, Playoffs",10,1,1,1,0.6345,0,0,0.4802,29,25,25,83,27,118,2,3.07,1.42,6,0,0.5,0.5,0.0,2
16154320,"Brazil NBB, Playoffs",10,1,1,1,0.6797,1,1,0.6006,31,29,29,97,27,138,10,3.59,1.42,6,0,0.5,0.5,0.0,2
15415660,WNBA,10,1,0,0,0.4756,0,0,0.3858,30,24,25,84,27,121,9,3.11,1.44,6,0,0.5,0.5,0.0,2
15939363,"LNB, Apertura",10,1,1,1,0.6609,1,1,0.6083,21,24,34,88,27,116,32,3.26,1.32,6,0,0.5,0.5,0.0,2
16068798,"LBF, Women",10,0,1,0,0.5052,1,0,0.6139,24,19,23,77,27,95,31,2.85,1.23,6,0,0.5,0.5,0.0,1
16135353,"Argentina Liga Nacional, Playoffs",10,1,1,1,0.6861,1,1,0.5174,20,24,26,79,27,109,7,2.93,1.38,6,0,0.5,0.5,0.0,2
16136774,"LFB, Women",10,0,0,1,0.3879,0,1,0.495,22,13,25,73,27,80,30,2.7,1.1,6,0,0.5,0.5,0.0,1
16159404,"Brazil NBB, Playoffs",10,0,1,0,0.5515,1,0,0.5949,28,31,24,93,27,129,3,3.44,1.39,6,0,0.5,0.5,0.0,2
15415661,WNBA,10,0,0,1,0.2682,0,1,0.3549,33,26,35,97,27,113,19,3.59,1.16,6,0,0.5,0.5,0.0,2
15939365,"LNB, Apertura",10,1,1,1,0.6205,1,1,0.6696,23,27,14,67,27,123,11,2.48,1.84,6,0,0.5,0.5,0.0,2
15939396,"NBA, Playoffs",12,1,0,0,0.4765,1,1,0.5034,27,31,31,127,27,122,4,4.7,0.96,6,0,0.5,0.5,0.0,2
16077964,Puerto Rico BSN,10,1,1,1,0.547,1,1,0.5371,22,26,29,91,27,150,8,3.37,1.65,6,0,0.5,0.5,0.0,2
16135355,"Argentina Liga Nacional, Playoffs",10,0,0,1,0.4004,0,1,0.4006,31,22,22,84,27,103,13,3.11,1.23,6,0,0.5,0.5,0.0,2
16140988,"LFB, Women",10,0,1,0,0.5635,1,0,0.679,26,21,22,75,27,99,13,2.78,1.32,6,0,0.5,0.5,0.0,1
16140989,"LFB, Women",10,1,0,0,0.4001,0,0,0.3966,20,25,22,75,27,96,16,2.78,1.28,6,0,0.5,0.5,0.0,1
16140990,"LFB, Women",10,0,0,1,0.2331,0,1,0.3853,17,20,21,71,27,83,11,2.63,1.17,6,0,0.5,0.5,0.0,1
16040664,"LNBF , Fase Regular",10,1,1,1,0.5047,1,1,0.5087,22,11,24,59,27,82,16,2.19,1.39,6,0,0.5,0.5,0.0,1
16116834,"LMB, Apertura",10,0,0,1,0.3329,0,1,0.435,23,25,33,94,27,103,1,3.48,1.1,6,0,0.5,0.5,0.0,2
15415663,WNBA,10,0,1,0,0.6768,1,0,0.689,18,18,23,72,27,78,6,2.67,1.08,6,0,0.5,0.5,0.0,1
16090511,"CIBACOPA , Segunda Vuelta",10,1,1,1,0.6771,1,1,0.5298,30,27,33,95,27,124,2,3.52,1.31,6,0,0.5,0.5,0.0,2
15415662,WNBA,10,1,0,0,0.4373,0,0,0.443,24,25,35,95,27,107,17,3.52,1.13,6,0,0.5,0.5,0.0,2
16090512,"CIBACOPA , Segunda Vuelta",10,0,1,0,0.5769,1,0,0.5628,28,25,23,84,27,112,6,3.11,1.33,6,0,0.5,0.5,0.0,2
16090513,"CIBACOPA , Segunda Vuelta",10,1,1,1,0.6647,1,1,0.5076,25,34,30,93,27,135,1,3.44,1.45,6,0,0.5,0.5,0.0,2
16090514,"CIBACOPA , Segunda Vuelta",10,0,0,1,0.3216,1,0,0.5207,30,42,40,125,27,149,1,4.63,1.19,6,0,0.5,0.5,0.0,2
16005419,"Rapid League, Regular Season",10,0,1,0,0.5458,1,0,0.5169,6,9,5,35,27,32,6,1.3,0.91,6,0,0.5,0.5,0.0,0
15217644,New Zealand NBL,10,1,0,0,0.3522,0,0,0.4239,28,29,35,107,27,126,10,3.96,1.18,6,0,0.5,0.5,0.0,2
15991503,MPBL,10,0,0,1,0.401,0,1,0.4317,24,20,28,81,27,95,7,3.0,1.17,6,0,0.5,0.5,0.0,1
15991504,MPBL,10,1,1,1,0.6074,1,1,0.6445,24,24,27,90,27,115,1,3.33,1.28,6,0,0.5,0.5,0.0,2
15991505,MPBL,10,0,1,0,0.568,1,0,0.6294,20,26,34,101,27,104,2,3.74,1.03,6,0,0.5,0.5,0.0,2
16177513,"Iraqi Professional League, Iraqi Professional league",10,0,1,0,0.5246,1,0,0.5707,22,22,22,74,27,96,10,2.74,1.3,6,0,0.5,0.5,0.0,1
16177516,"Iraqi Professional League, Iraqi Professional league",10,0,0,1,0.3855,1,0,0.6448,17,13,19,60,27,60,6,2.22,1.0,6,0,0.5,0.5,0.0,0
14605501,Israeli Basketball Super League,10,1,1,1,0.6811,0,0,0.3613,34,29,36,117,27,135,3,4.33,1.15,6,0,0.5,0.5,0.0,2
16175647,"Basketligaen, Playoffs",10,1,1,1,0.6663,1,1,0.546,38,27,28,104,27,124,8,3.85,1.19,6,0,0.5,0.5,0.0,2
16052813,"NBL Women , Regular Season",10,0,0,1,0.4955,0,1,0.4411,19,19,18,64,27,85,1,2.37,1.33,6,0,0.5,0.5,0.0,1
16155039,"Korisliiga, Playoffs",10,0,1,0,0.5145,1,0,0.5053,22,34,23,94,27,110,12,3.48,1.17,6,0,0.5,0.5,0.0,2
16158790,"Zweite Liga, Playoffs",10,0,1,0,0.562,1,0,0.5737,21,26,20,75,27,97,3,2.78,1.29,6,0,0.5,0.5,0.0,1
16177514,"Iraqi Professional League, Iraqi Professional league",10,1,1,1,0.5111,0,0,0.477,20,14,21,66,27,77,1,2.44,1.17,6,0,0.5,0.5,0.0,1
16177517,"Iraqi Professional League, Iraqi Professional league",10,1,0,0,0.4324,0,0,0.3832,14,21,14,57,27,73,9,2.11,1.28,6,0,0.5,0.5,0.0,1
16071852,"Stoiximan GBL, Playoffs",10,0,1,0,0.5738,1,0,0.513,20,28,27,89,27,111,7,3.3,1.25,6,0,0.5,0.5,0.0,2
16140391,"Polish Basketball League, Playoffs",10,0,0,1,0.2384,1,0,0.5253,27,33,30,102,27,131,11,3.78,1.28,6,0,0.5,0.5,0.0,2
16157621,"A1 Liga Women, Izlučne utakmice",10,0,0,1,0.311,0,1,0.4205,31,19,26,89,27,102,18,3.3,1.15,6,0,0.5,0.5,0.0,2
16158819,"LNBM Mozzart, Playoffs",10,0,1,0,0.5292,1,0,0.557,27,33,25,89,27,117,3,3.3,1.31,6,0,0.5,0.5,0.0,2
16168141,"Hungary NB 1.A, Playoffs",10,1,0,0,0.4135,0,0,0.4772,28,23,24,88,27,117,5,3.26,1.33,6,0,0.5,0.5,0.0,2
16172174,"Hungary NB 1.A, Placement Matches",10,1,1,1,0.7238,1,1,0.6146,20,24,27,81,27,112,2,3.0,1.38,6,0,0.5,0.5,0.0,2
15395141,Canadian Elite Basketball League,10,1,1,1,0.6973,0,0,0.4663,35,35,32,113,27,144,30,4.19,1.27,6,0,0.5,0.5,0.0,2
16128059,"United League, Playoffs",10,1,1,1,0.5755,1,1,0.5335,31,22,22,86,27,108,4,3.19,1.26,6,0,0.5,0.5,0.0,2
16168592,"Latvia LBL, Playoffs",10,1,0,0,0.4624,1,1,0.5173,37,25,28,103,27,118,24,3.81,1.15,6,0,0.5,0.5,0.0,2
16173052,"Germany BBL, Play-in",10,1,0,0,0.4193,1,1,0.5136,26,26,19,77,27,111,1,2.85,1.44,6,0,0.5,0.5,0.0,2
14662389,Liga ACB,10,1,1,1,0.7174,1,1,0.5347,24,25,32,93,27,110,4,3.44,1.18,6,0,0.5,0.5,0.0,2
14662392,Liga ACB,10,0,1,0,0.5482,1,0,0.5533,27,33,25,99,27,140,4,3.67,1.41,6,0,0.5,0.5,0.0,2
16145763,"Basketligaen, Playoffs",10,1,1,1,0.6104,1,1,0.5568,32,25,27,110,27,105,3,4.07,0.95,6,0,0.5,0.5,0.0,2
16155445,"Germany Pro A, Playoffs",10,1,1,1,0.5925,1,1,0.5127,22,26,24,92,27,111,1,3.41,1.21,6,0,0.5,0.5,0.0,2
16177515,"Iraqi Professional League, Iraqi Professional league",10,0,1,0,0.5523,1,0,0.5347,15,17,16,55,27,70,4,2.04,1.27,6,0,0.5,0.5,0.0,1
16177518,"Iraqi Professional League, Iraqi Professional league",10,0,1,0,0.5017,1,0,0.5332,21,10,21,60,27,75,11,2.22,1.25,6,0,0.5,0.5,0.0,1
16110217,"Austrian Basketball Superliga, Playoffs",10,1,1,1,0.6998,1,1,0.5866,22,31,31,99,27,123,5,3.67,1.24,6,0,0.5,0.5,0.0,2
16131006,NBL,10,0,1,0,0.5352,0,1,0.4555,20,21,24,70,27,86,4,2.59,1.23,6,0,0.5,0.5,0.0,1
14662391,Liga ACB,10,1,1,1,0.5236,1,1,0.5785,27,26,29,91,27,125,11,3.37,1.37,6,0,0.5,0.5,0.0,2
14605475,Israeli Basketball Super League,10,1,0,0,0.3759,1,1,0.5778,27,26,25,88,27,130,12,3.26,1.48,6,0,0.5,0.5,0.0,2
16164259,"Polish Basketball League, Playoffs",10,1,1,1,0.6701,1,1,0.5046,24,25,19,77,27,117,21,2.85,1.52,6,0,0.5,0.5,0.0,2
16094152,"Rwanda Basketball League, Regular Season",10,1,0,0,0.2897,0,0,0.4772,25,32,25,88,27,120,26,3.26,1.36,6,0,0.5,0.5,0.0,2
16126004,"Serie B, Playoffs",10,1,0,0,0.2658,0,0,0.4553,19,31,24,85,27,99,19,3.15,1.16,6,0,0.5,0.5,0.0,1
16173743,"Serie A2 Gold, Playoffs",10,1,0,0,0.4028,1,1,0.5511,19,24,25,77,27,99,11,2.85,1.29,6,0,0.5,0.5,0.0,1
16173744,"Serie A2 Gold, Playoffs",10,0,0,1,0.4577,0,1,0.4887,24,26,24,86,27,103,11,3.19,1.2,6,0,0.5,0.5,0.0,2
16087811,"1st Division Men, Úrslitakeppni",10,1,1,1,0.5226,1,1,0.5036,22,30,24,91,27,110,6,3.37,1.21,6,0,0.5,0.5,0.0,2
14662388,Liga ACB,10,1,1,1,0.6753,0,0,0.4438,28,34,26,99,27,134,16,3.67,1.35,6,0,0.5,0.5,0.0,2
14662390,Liga ACB,10,0,0,1,0.3832,0,1,0.4651,24,28,25,91,27,110,14,3.37,1.21,6,0,0.5,0.5,0.0,2
16134679,"Iceland Women's Basketball Premier League, Playoffs",10,0,0,1,0.4416,1,0,0.5742,22,25,20,82,27,97,13,3.04,1.18,6,0,0.5,0.5,0.0,1
16132005,"Portugal LBP, Playoffs",10,0,0,1,0.4064,0,1,0.4881,26,25,30,93,27,114,10,3.44,1.23,6,0,0.5,0.5,0.0,2
16177855,"Colombia LPB, Playoffs",10,1,1,1,0.7693,1,1,0.5677,22,22,32,98,27,111,3,3.63,1.13,6,0,0.5,0.5,0.0,2
15939362,"LNB, Apertura",10,0,1,0,0.5698,0,1,0.4161,27,26,28,88,27,109,17,3.26,1.24,6,0,0.5,0.5,0.0,2
16068794,"LBF, Women",10,1,0,0,0.41,1,1,0.5175,16,26,28,84,27,80,8,3.11,0.95,6,0,0.5,0.5,0.0,1
16069018,"LBF, Women",10,1,1,1,0.5981,1,1,0.6801,22,30,22,83,27,102,12,3.07,1.23,6,0,0.5,0.5,0.0,2
15939360,"LNB, Apertura",10,0,0,1,0.4087,0,1,0.441,26,30,24,89,27,115,7,3.3,1.29,6,0,0.5,0.5,0.0,2
15415664,WNBA,10,0,1,0,0.5795,0,1,0.4277,28,27,33,99,27,121,3,3.67,1.22,6,0,0.5,0.5,0.0,2
16077965,Puerto Rico BSN,10,1,0,0,0.3709,0,0,0.4832,35,26,31,119,27,130,0,4.41,1.09,6,0,0.5,0.5,0.0,2
16077966,Puerto Rico BSN,10,0,1,0,0.7308,1,0,0.6085,30,29,26,94,27,119,13,3.48,1.27,6,0,0.5,0.5,0.0,2
16077967,Puerto Rico BSN,10,1,0,0,0.3193,1,1,0.5222,24,28,25,95,27,121,19,3.52,1.27,6,0,0.5,0.5,0.0,2
16077968,Puerto Rico BSN,10,1,0,0,0.4735,0,0,0.4456,23,19,36,88,27,100,12,3.26,1.14,6,0,0.5,0.5,0.0,1
16135385,"Argentina Liga Nacional, Playoffs",10,0,1,0,0.5235,1,0,0.5198,25,19,19,73,27,94,4,2.7,1.29,6,0,0.5,0.5,0.0,1
16177857,"Colombia LPB, Playoffs",10,1,1,1,0.7515,1,1,0.5419,25,29,25,87,27,112,18,3.22,1.29,6,0,0.5,0.5,0.0,2
16135383,"Argentina Liga Nacional, Playoffs",10,1,1,1,0.645,1,1,0.6436,26,20,25,83,27,110,8,3.07,1.33,6,0,0.5,0.5,0.0,2
16112598,"LMB, Apertura",10,1,1,1,0.8323,1,1,0.5492,16,19,20,62,27,87,25,2.3,1.4,6,0,0.5,0.5,0.0,1
16112600,"LMB, Apertura",10,1,1,1,0.7507,1,1,0.6719,26,29,26,95,27,118,32,3.52,1.24,6,0,0.5,0.5,0.0,2
15415665,WNBA,10,0,1,0,0.5106,1,0,0.6416,22,23,35,94,27,105,13,3.48,1.12,6,0,0.5,0.5,0.0,2
16012892,"Rapid League, Regular Season",10,0,1,0,0.5223,1,0,0.6459,11,9,10,38,27,40,6,1.41,1.05,6,0,0.5,0.5,0.0,0
15217645,New Zealand NBL,10,0,0,1,0.403,1,0,0.6276,30,32,32,108,27,134,10,4.0,1.24,6,0,0.5,0.5,0.0,2
15347536,"NBL1 North, Women",10,0,1,0,0.674,1,0,0.7377,18,29,16,77,27,88,18,2.85,1.14,6,0,0.5,0.5,0.0,1
15347724,"NBL1 South, Women",10,1,0,0,0.4251,1,1,0.5541,29,37,30,105,27,143,5,3.89,1.36,6,0,0.5,0.5,0.0,2
15991506,MPBL,10,0,1,0,0.5817,1,0,0.6464,26,24,30,87,27,124,18,3.22,1.43,6,0,0.5,0.5,0.0,2
15347537,"NBL1 North, Women",10,0,1,0,0.5832,1,0,0.5349,25,24,18,81,27,111,3,3.0,1.37,6,0,0.5,0.5,0.0,2
15347725,"NBL1 South, Women",10,0,0,1,0.479,0,1,0.418,33,25,26,94,27,120,10,3.48,1.28,6,0,0.5,0.5,0.0,2
16160347,"PBA Commissioner's Cup, Playoffs",12,0,1,0,0.5377,0,1,0.4124,25,29,26,102,27,125,5,3.78,1.23,6,0,0.5,0.5,0.0,2
15347263,"NBL1, South",10,1,0,0,0.3155,1,1,0.5337,33,28,24,99,27,135,15,3.67,1.36,6,0,0.5,0.5,0.0,2
15347424,"NBL1, North",10,0,1,0,0.6383,1,0,0.6716,33,31,32,112,27,129,1,4.15,1.15,6,0,0.5,0.5,0.0,2
16106608,"National League, Relegation Round",10,0,0,1,0.4102,1,0,0.5501,26,30,25,92,27,124,12,3.41,1.35,6,0,0.5,0.5,0.0,2
16159729,"Superleague, Playoffs",10,1,0,0,0.3842,0,0,0.4585,24,24,29,84,27,113,27,3.11,1.35,6,0,0.5,0.5,0.0,2
16164263,"B1 League, Playoffs",10,1,0,0,0.4989,1,1,0.524,22,27,28,82,27,104,6,3.04,1.27,6,0,0.5,0.5,0.0,2
16166001,"B1 League, Playoffs",10,1,0,0,0.4661,0,0,0.4619,28,25,26,88,27,106,0,3.26,1.2,6,0,0.5,0.5,0.0,2
15347069,"NBL1 West, Women",10,1,1,1,0.5699,1,1,0.5709,30,25,23,83,27,124,2,3.07,1.49,6,0,0.5,0.5,0.0,2
15347070,"NBL1 West, Women",10,0,1,0,0.513,0,1,0.4744,21,14,28,70,27,84,16,2.59,1.2,6,0,0.5,0.5,0.0,1
14605507,Israeli Basketball Super League,10,0,1,0,0.5187,0,1,0.484,31,20,27,88,27,130,2,3.26,1.48,6,0,0.5,0.5,0.0,2
15347071,"NBL1 West, Women",10,1,0,0,0.4819,0,0,0.39,22,28,25,82,27,119,11,3.04,1.45,6,0,0.5,0.5,0.0,2
15347264,"NBL1, South",10,0,0,1,0.3614,1,0,0.5355,28,35,24,97,27,135,15,3.59,1.39,6,0,0.5,0.5,0.0,2
15347425,"NBL1, North",10,1,1,1,0.6993,1,1,0.5261,25,23,28,86,27,106,2,3.19,1.23,6,0,0.5,0.5,0.0,2
16106595,"National League, Relegation Round",10,1,1,1,0.5083,0,0,0.4914,24,26,30,91,27,113,5,3.37,1.24,6,0,0.5,0.5,0.0,2
16177182,"Israeli National League Basketball, Playoffs",10,0,0,1,0.3717,1,0,0.5719,22,24,35,92,27,115,17,3.41,1.25,6,0,0.5,0.5,0.0,2
14605483,Israeli Basketball Super League,10,1,1,1,0.7368,1,1,0.5351,24,27,33,103,27,123,5,3.81,1.19,6,0,0.5,0.5,0.0,2
16106593,"National League, Relegation Round",10,0,0,1,0.2707,1,0,0.5311,30,32,32,105,27,125,9,3.89,1.19,6,0,0.5,0.5,0.0,2
16171008,"China CBA, Playoffs",10,0,1,0,0.5108,1,0,0.585,23,28,27,87,27,113,13,3.22,1.3,6,0,0.5,0.5,0.0,2
16167580,"Prvenstvo Hrvatske za juniore , Skupina 3",10,1,1,1,0.5339,1,1,0.5231,25,27,27,90,27,104,2,3.33,1.16,6,0,0.5,0.5,0.0,2
15346688,"NBL1, West",10,1,1,1,0.6153,1,1,0.569,31,34,35,109,27,140,2,4.04,1.28,6,0,0.5,0.5,0.0,2
15346689,"NBL1, West",10,0,0,1,0.428,0,1,0.4437,20,28,34,97,27,116,4,3.59,1.2,6,0,0.5,0.5,0.0,2
15346690,"NBL1, West",10,1,0,0,0.2702,0,0,0.4265,32,39,34,118,27,153,7,4.37,1.3,6,0,0.5,0.5,0.0,3
16144704,"National League, Playoffs",10,0,0,1,0.3099,1,0,0.5268,27,25,30,96,27,121,13,3.56,1.26,6,0,0.5,0.5,0.0,2
16167568,"Prvenstvo Hrvatske za juniore , Skupina 1",10,0,0,1,0.4582,0,1,0.4526,26,21,22,82,27,109,21,3.04,1.33,6,0,0.5,0.5,0.0,2
16158796,"Superleague, Playoffs",10,0,0,1,0.3713,0,1,0.4958,23,29,26,83,27,108,8,3.07,1.3,6,0,0.5,0.5,0.0,2
16172092,"KLS, Playoffs",10,1,1,1,0.5759,1,1,0.6261,28,21,25,81,27,102,2,3.0,1.26,6,0,0.5,0.5,0.0,2
16166921,"NBL, Playoff",10,1,1,1,0.6314,1,1,0.5698,36,26,37,108,27,123,15,4.0,1.14,6,0,0.5,0.5,0.0,2
16176787,"Hungary NB 1.A, Placement Matches",10,0,1,0,0.551,1,0,0.509,26,35,34,104,27,131,3,3.85,1.26,6,0,0.5,0.5,0.0,2
16085276,Betsafe-LKL,10,1,1,1,0.6873,1,1,0.6238,28,42,30,109,27,138,6,4.04,1.27,6,0,0.5,0.5,0.0,2
16052831,"NBL Women , Regular Season",10,1,1,1,0.6045,1,1,0.5786,14,20,11,52,27,73,5,1.93,1.4,6,0,0.5,0.5,0.0,1
16141856,"LNBM Mozzart, Placement matches 5-8",10,1,0,0,0.4981,1,1,0.5262,19,29,23,79,27,145,7,2.93,1.84,6,0,0.5,0.5,0.0,2
16142027,"Liga Nationala, Relegation Playoffs",10,0,0,1,0.4519,0,1,0.3899,22,26,18,73,27,95,31,2.7,1.3,6,0,0.5,0.5,0.0,1
16155294,"KML, Playoffs",10,0,0,1,0.4119,1,0,0.5365,20,28,24,84,27,94,8,3.11,1.12,6,0,0.5,0.5,0.0,1
16135384,NBL,10,0,1,0,0.657,0,1,0.4423,25,30,36,103,27,117,13,3.81,1.14,6,0,0.5,0.5,0.0,2
16167574,"Prvenstvo Hrvatske za juniore , Skupina 2",10,0,0,1,0.414,1,0,0.538,27,22,38,97,27,106,16,3.59,1.09,6,0,0.5,0.5,0.0,2
16167569,"Prvenstvo Hrvatske za juniore , Skupina 1",10,1,1,1,0.7022,1,1,0.5041,19,33,33,90,27,97,7,3.33,1.08,6,0,0.5,0.5,0.0,1
16167587,"Prvenstvo Hrvatske za juniore , Skupina 4",10,1,1,1,0.9603,1,1,0.909,28,26,26,88,27,125,65,3.26,1.42,6,0,0.5,0.5,0.0,2
16171841,"AdmiralBet ABA League, Playoffs",10,1,1,1,0.7031,1,1,0.6044,32,34,25,101,27,124,0,3.74,1.23,6,0,0.5,0.5,0.0,2
16184007,"Egyptian Basketball Super League, Regular Season",10,1,1,1,0.5478,1,1,0.5076,19,28,30,84,27,117,9,3.11,1.39,6,0,0.5,0.5,0.0,2
15554529,"Women First Division, Aller - Retour",10,1,1,1,0.5132,1,1,0.6289,18,26,25,75,27,91,21,2.78,1.21,6,0,0.5,0.5,0.0,1
16161438,"A1 Liga Women, Playoffs",10,0,1,0,0.6142,1,0,0.523,22,30,25,81,27,113,15,3.0,1.4,6,0,0.5,0.5,0.0,2
14272636,Élite 2,10,1,1,1,0.6037,0,0,0.4286,27,28,32,99,27,125,23,3.67,1.26,6,0,0.5,0.5,0.0,2
14272637,Élite 2,10,1,1,1,0.7153,1,1,0.6183,22,27,19,90,27,92,8,3.33,1.02,6,0,0.5,0.5,0.0,1
14272638,Élite 2,10,1,1,1,0.6343,1,1,0.5135,27,25,28,84,27,117,11,3.11,1.39,6,0,0.5,0.5,0.0,2
14272639,Élite 2,10,0,0,1,0.3652,0,1,0.4377,30,28,22,89,27,115,23,3.3,1.29,6,0,0.5,0.5,0.0,2
14272640,Élite 2,10,1,1,1,0.5555,1,1,0.6346,23,16,24,67,27,96,2,2.48,1.43,6,0,0.5,0.5,0.0,1
14272641,Élite 2,10,1,1,1,0.5085,1,1,0.5392,21,26,29,92,27,104,4,3.41,1.13,6,0,0.5,0.5,0.0,2
14272642,Élite 2,10,1,1,1,0.7467,1,1,0.6298,30,28,23,90,27,120,12,3.33,1.33,6,0,0.5,0.5,0.0,2
14272643,Élite 2,10,0,0,1,0.4933,1,0,0.6169,21,24,38,93,27,89,11,3.44,0.96,6,0,0.5,0.5,0.0,1
14272644,Élite 2,10,0,0,1,0.3971,1,0,0.538,18,36,35,95,27,118,4,3.52,1.24,6,0,0.5,0.5,0.0,2
14272645,Élite 2,10,0,1,0,0.5482,1,0,0.5358,27,31,23,89,27,111,3,3.3,1.25,6,0,0.5,0.5,0.0,2
16052856,"NBL Men , Regular Season",10,0,0,1,0.4243,1,0,0.5205,12,21,25,64,27,78,10,2.37,1.22,6,0,0.5,0.5,0.0,1
16177181,"Germany Pro A, Playoffs",10,1,1,1,0.5124,1,1,0.5207,22,32,30,92,27,106,6,3.41,1.15,6,0,0.5,0.5,0.0,2
16162251,"Serie B, Playoffs",10,1,1,1,0.6339,1,1,0.5425,29,24,32,101,27,104,2,3.74,1.03,6,0,0.5,0.5,0.0,2
16162481,"Enovos League, Relegation Play Offs",10,1,0,0,0.4524,0,0,0.395,23,21,28,85,27,107,3,3.15,1.26,6,0,0.5,0.5,0.0,2
16167575,"Prvenstvo Hrvatske za juniore , Skupina 2",10,1,1,1,0.8293,1,1,0.6649,28,23,33,91,27,114,44,3.37,1.25,6,0,0.5,0.5,0.0,2
16168008,"BNXT Belgian League, Playoffs",10,0,0,1,0.3004,0,1,0.4934,38,28,28,108,27,176,22,4.0,1.63,6,0,0.5,0.5,0.0,3
16168009,"BNXT Belgian League, Playoffs",10,1,1,1,0.7118,1,1,0.6166,33,25,26,97,27,123,3,3.59,1.27,6,0,0.5,0.5,0.0,2
16168010,"BNXT Belgian League, Playoffs",10,0,0,1,0.4102,1,0,0.5216,22,28,30,87,27,98,10,3.22,1.13,6,0,0.5,0.5,0.0,1
16124143,"France LFB Women, Playoffs",10,0,1,0,0.53,0,1,0.4895,19,18,17,64,27,75,9,2.37,1.17,6,0,0.5,0.5,0.0,1
16177297,"Serie B, Playoffs",10,1,1,1,0.5844,1,1,0.5185,25,31,21,86,27,112,2,3.19,1.3,6,0,0.5,0.5,0.0,2
16159630,"Serie A2 Gold, Playoffs",10,0,0,1,0.386,0,1,0.4156,23,25,27,89,27,115,9,3.3,1.29,6,0,0.5,0.5,0.0,2
16161399,"Serie B, Playout",10,1,0,0,0.2264,0,0,0.3958,24,26,27,97,27,109,11,3.59,1.12,6,0,0.5,0.5,0.0,2
16161400,"Serie B, Playout",10,0,1,0,0.5264,0,1,0.4035,27,14,20,76,27,92,2,2.81,1.21,6,0,0.5,0.5,0.0,1
16177638,"Brazil NBB, Playoffs",10,1,1,1,0.8287,1,1,0.5727,28,23,20,84,27,104,0,3.11,1.24,6,0,0.5,0.5,0.0,2
16177858,"Colombia LPB, Playoffs",10,1,1,1,0.7462,1,1,0.5603,18,35,34,98,27,123,3,3.63,1.26,6,0,0.5,0.5,0.0,2
16068810,"LBF, Women",10,0,0,1,0.4215,0,1,0.3723,24,21,27,79,27,106,20,2.93,1.34,6,0,0.5,0.5,0.0,2
15939400,"NBA, Playoffs",12,0,1,0,0.6301,1,0,0.607,25,28,28,108,27,120,12,4.0,1.11,6,0,0.5,0.5,0.0,2
16167522,"Argentina Liga Nacional, Playoffs",10,0,1,0,0.6744,1,0,0.5534,24,29,22,84,27,106,2,3.11,1.26,6,0,0.5,0.5,0.0,2
15395142,Canadian Elite Basketball League,10,0,0,1,0.2626,0,1,0.4814,27,37,19,93,27,138,6,3.44,1.48,6,0,0.5,0.5,0.0,2
15415666,WNBA,10,1,1,1,0.6467,1,1,0.6587,28,21,28,109,27,109,7,4.04,1.0,6,0,0.5,0.5,0.0,2
15418005,WNBA,10,1,0,0,0.3167,0,0,0.3453,32,33,33,109,27,132,12,4.04,1.21,6,0,0.5,0.5,0.0,2
16179298,"Liga Argentina, Playoffs",10,0,1,0,0.6715,1,0,0.5744,27,25,23,88,27,103,7,3.26,1.17,6,0,0.5,0.5,0.0,2
16177639,"Argentina Liga Nacional, Playoffs",10,1,0,0,0.372,0,0,0.4656,28,24,21,81,27,97,5,3.0,1.2,6,0,0.5,0.5,0.0,1
16177856,"Colombia LPB, Playoffs",10,1,1,1,0.5225,1,1,0.532,23,29,19,79,27,111,9,2.93,1.41,6,0,0.5,0.5,0.0,2
15935042,"NBA, Playoffs",12,0,1,0,0.5694,0,1,0.4975,31,42,31,129,27,149,19,4.78,1.16,6,0,0.5,0.5,0.0,2
15415667,WNBA,10,0,0,1,0.3782,0,1,0.4924,28,29,40,109,27,115,15,4.04,1.06,6,0,0.5,0.5,0.0,2
15418026,WNBA,10,0,1,0,0.5347,0,1,0.443,26,23,36,105,27,118,14,3.89,1.12,6,0,0.5,0.5,0.0,2
16090518,"CIBACOPA , Segunda Vuelta",10,0,0,1,0.4036,0,1,0.4671,27,22,28,89,27,111,17,3.3,1.25,6,0,0.5,0.5,0.0,2
16175653,Mexico LNBP Women,10,0,0,1,0.3038,1,0,0.55,31,23,27,90,27,106,14,3.33,1.18,6,0,0.5,0.5,0.0,2
16090515,"CIBACOPA , Segunda Vuelta",10,0,0,1,0.4239,1,0,0.5249,21,21,32,85,27,94,14,3.15,1.11,6,0,0.5,0.5,0.0,1
16090516,"CIBACOPA , Segunda Vuelta",10,0,1,0,0.5532,1,0,0.6351,30,34,30,108,27,138,6,4.0,1.28,6,0,0.5,0.5,0.0,2
16175652,Mexico LNBP Women,10,0,1,0,0.5491,1,0,0.6393,28,30,29,96,27,128,28,3.56,1.33,6,0,0.5,0.5,0.0,2
16090517,"CIBACOPA , Segunda Vuelta",10,1,0,0,0.4851,1,1,0.5877,36,26,33,104,27,174,30,3.85,1.67,6,0,0.5,0.5,0.0,3
16016994,"Belize Elite Basketball League, Regular Season",10,0,1,0,0.6211,1,0,0.6675,29,33,33,114,27,131,3,4.22,1.15,6,0,0.5,0.5,0.0,2
16090519,"CIBACOPA , Segunda Vuelta",10,0,0,1,0.3144,0,1,0.4775,31,33,35,113,27,138,4,4.19,1.22,6,0,0.5,0.5,0.0,2
15217646,New Zealand NBL,10,0,0,1,0.2204,0,1,0.4248,18,22,30,83,27,94,6,3.07,1.13,6,0,0.5,0.5,0.0,1
15347538,"NBL1 North, Women",10,0,1,0,0.6275,1,0,0.6388,24,12,14,60,27,96,4,2.22,1.6,6,0,0.5,0.5,0.0,1
15347540,"NBL1 North, Women",10,0,0,1,0.4227,0,1,0.4618,26,31,24,92,27,121,1,3.41,1.32,6,0,0.5,0.5,0.0,2
15347726,"NBL1 South, Women",10,0,0,1,0.4209,0,1,0.4654,23,28,21,76,27,109,17,2.81,1.43,6,0,0.5,0.5,0.0,2
15347728,"NBL1 South, Women",10,0,1,0,0.523,0,1,0.4654,32,22,20,78,27,110,14,2.89,1.41,6,0,0.5,0.5,0.0,2
15347733,"NBL1 South, Women",10,1,1,1,0.732,1,1,0.6324,25,27,19,84,27,116,18,3.11,1.38,6,0,0.5,0.5,0.0,2
15348088,"NBL1 East, Women",10,1,1,1,0.7077,1,1,0.5483,29,26,23,84,27,122,28,3.11,1.45,6,0,0.5,0.5,0.0,2
15348089,"NBL1 East, Women",10,1,1,1,0.5461,1,1,0.5381,16,24,23,69,27,88,18,2.56,1.28,6,0,0.5,0.5,0.0,1
15348090,"NBL1 East, Women",10,1,1,1,0.8946,1,1,0.6688,24,25,21,78,27,111,43,2.89,1.42,6,0,0.5,0.5,0.0,2
16164261,"B2 League, Playoffs",10,1,1,1,0.7184,0,0,0.4496,28,25,31,91,27,113,11,3.37,1.24,6,0,0.5,0.5,0.0,2
15217647,New Zealand NBL,10,0,0,1,0.3845,1,0,0.5964,23,35,24,90,27,116,18,3.33,1.29,6,0,0.5,0.5,0.0,2
15347267,"NBL1, South",10,0,0,1,0.3616,0,1,0.4769,25,31,30,95,27,121,15,3.52,1.27,6,0,0.5,0.5,0.0,2
15347730,"NBL1 South, Women",10,0,1,0,0.5576,0,1,0.4954,28,22,25,81,27,111,17,3.0,1.37,6,0,0.5,0.5,0.0,2
15347731,"NBL1 South, Women",10,1,1,1,0.5559,0,0,0.4368,33,25,21,95,27,112,8,3.52,1.18,6,0,0.5,0.5,0.0,2
15347732,"NBL1 South, Women",10,0,0,1,0.2603,1,0,0.527,29,24,29,88,27,122,10,3.26,1.39,6,0,0.5,0.5,0.0,2
15348091,"NBL1 East, Women",10,1,0,0,0.3899,0,0,0.4935,18,30,18,69,27,98,16,2.56,1.42,6,0,0.5,0.5,0.0,1
15348092,"NBL1 East, Women",10,1,0,0,0.3468,0,0,0.175,25,30,23,83,27,107,47,3.07,1.29,6,0,0.5,0.5,0.0,2
15348093,"NBL1 East, Women",10,0,1,0,0.5738,0,1,0.4885,19,29,20,72,27,96,20,2.67,1.33,6,0,0.5,0.5,0.0,1
15656889,"Big V, Women",10,0,0,1,0.4297,0,1,0.424,28,16,16,69,27,88,18,2.56,1.28,6,0,0.5,0.5,0.0,1
15656890,"Big V, Women",10,1,1,1,0.5756,1,1,0.6384,21,28,22,84,27,105,5,3.11,1.25,6,0,0.5,0.5,0.0,2
15656891,"Big V, Women",10,1,1,1,0.7305,1,1,0.6588,26,20,29,85,27,103,41,3.15,1.21,6,0,0.5,0.5,0.0,2
15347542,"NBL1 North, Women",10,0,0,1,0.4809,0,1,0.44,31,28,22,90,27,125,29,3.33,1.39,6,0,0.5,0.5,0.0,2
15347734,"NBL1 South, Women",10,0,1,0,0.5015,1,0,0.5525,31,16,20,74,27,91,9,2.74,1.23,6,0,0.5,0.5,0.0,1
15347735,"NBL1 South, Women",10,1,0,0,0.4526,0,0,0.4612,30,24,26,84,27,153,17,3.11,1.82,6,0,0.5,0.5,0.0,3
15991509,MPBL,10,0,0,1,0.4007,0,1,0.3782,28,21,24,84,27,112,18,3.11,1.33,6,0,0.5,0.5,0.0,2
16167582,"Prvenstvo Hrvatske za juniore , Skupina 3",10,0,0,1,0.446,1,0,0.616,35,25,23,89,27,114,10,3.3,1.28,6,0,0.5,0.5,0.0,2
16164260,"B1 League, Playoffs",10,1,1,1,0.7182,1,1,0.5798,22,22,30,84,27,95,9,3.11,1.13,6,0,0.5,0.5,0.0,1
15347922,"NBL1, East",10,0,1,0,0.5354,0,1,0.3822,21,25,29,83,27,101,17,3.07,1.22,6,0,0.5,0.5,0.0,2
15347072,"NBL1 West, Women",10,1,1,1,0.5293,1,1,0.5078,25,25,27,83,27,110,20,3.07,1.33,6,0,0.5,0.5,0.0,2
15347073,"NBL1 West, Women",10,1,0,0,0.4088,1,1,0.5318,28,22,32,90,27,113,17,3.33,1.26,6,0,0.5,0.5,0.0,2
15347074,"NBL1 West, Women",10,0,1,0,0.5513,1,0,0.6028,28,22,24,81,27,110,14,3.0,1.36,6,0,0.5,0.5,0.0,2
15347265,"NBL1, South",10,0,0,1,0.3647,1,0,0.5196,27,33,29,97,27,124,24,3.59,1.28,6,0,0.5,0.5,0.0,2
15347266,"NBL1, South",10,1,0,0,0.2816,0,0,0.469,21,38,39,101,27,128,28,3.74,1.27,6,0,0.5,0.5,0.0,2
15347271,"NBL1, South",10,0,1,0,0.6673,1,0,0.6281,30,38,21,102,27,139,13,3.78,1.36,6,0,0.5,0.5,0.0,2
15347426,"NBL1, North",10,1,1,1,0.6267,0,0,0.4209,33,37,33,112,27,154,16,4.15,1.38,6,0,0.5,0.5,0.0,3
15347427,"NBL1, North",10,1,1,1,0.782,1,1,0.6218,29,29,28,95,27,129,13,3.52,1.36,6,0,0.5,0.5,0.0,2
15347428,"NBL1, North",10,0,1,0,0.7567,1,0,0.5338,29,36,28,100,27,132,8,3.7,1.32,6,0,0.5,0.5,0.0,2
15347923,"NBL1, East",10,1,1,1,0.5504,1,1,0.5974,21,25,29,91,27,107,13,3.37,1.18,6,0,0.5,0.5,0.0,2
15347924,"NBL1, East",10,0,1,0,0.5113,1,0,0.5328,23,25,28,83,27,107,11,3.07,1.29,6,0,0.5,0.5,0.0,2
15347925,"NBL1, East",10,1,1,1,0.7356,1,1,0.6197,30,31,30,101,27,143,5,3.74,1.42,6,0,0.5,0.5,0.0,2
15347268,"NBL1, South",10,0,0,1,0.4397,1,0,0.5205,22,27,31,89,27,111,9,3.3,1.25,6,0,0.5,0.5,0.0,2
15347269,"NBL1, South",10,0,1,0,0.7501,1,0,0.5645,31,28,40,112,27,129,21,4.15,1.15,6,0,0.5,0.5,0.0,2
15347270,"NBL1, South",10,0,1,0,0.5193,1,0,0.5463,35,28,29,105,27,121,5,3.89,1.15,6,0,0.5,0.5,0.0,2
15347429,"NBL1, North",10,0,0,1,0.2526,0,1,0.381,26,35,26,97,27,127,3,3.59,1.31,6,0,0.5,0.5,0.0,2
15347729,"NBL1 South, Women",10,1,1,1,0.5654,0,0,0.4576,19,24,26,75,27,101,13,2.78,1.35,6,0,0.5,0.5,0.0,2
15347926,"NBL1, East",10,1,0,0,0.4878,0,0,0.4936,34,37,33,111,27,143,19,4.11,1.29,6,0,0.5,0.5,0.0,2
15347927,"NBL1, East",10,1,1,1,0.5685,1,1,0.6302,28,20,26,93,27,117,1,3.44,1.26,6,0,0.5,0.5,0.0,2
15347928,"NBL1, East",10,0,0,1,0.4054,0,1,0.4773,22,14,21,67,27,75,5,2.48,1.12,6,0,0.5,0.5,0.0,1
15656754,Big V,10,1,1,1,0.5577,1,1,0.6197,21,26,20,77,27,97,15,2.85,1.26,6,0,0.5,0.5,0.0,1
15656755,Big V,10,0,1,0,0.8241,1,0,0.6097,32,37,24,108,27,150,4,4.0,1.39,6,0,0.5,0.5,0.0,2
15347272,"NBL1, South",10,1,1,1,0.6133,1,1,0.5456,33,23,33,100,27,112,8,3.7,1.12,6,0,0.5,0.5,0.0,2
15347273,"NBL1, South",10,0,0,1,0.3347,1,0,0.5548,33,26,30,105,27,122,2,3.89,1.16,6,0,0.5,0.5,0.0,2
15347430,"NBL1, North",10,0,1,0,0.6923,0,1,0.4588,33,28,26,103,27,131,33,3.81,1.27,6,0,0.5,0.5,0.0,2
15656756,Big V,10,0,0,1,0.3593,1,0,0.5005,31,34,21,113,27,141,3,4.19,1.25,6,0,0.5,0.5,0.0,2
15656757,Big V,10,0,0,1,0.333,1,0,0.5388,25,29,22,87,27,123,3,3.22,1.41,6,0,0.5,0.5,0.0,2
15656758,Big V,10,0,0,1,0.4308,0,1,0.3892,24,30,20,83,27,110,28,3.07,1.33,6,0,0.5,0.5,0.0,2
15656892,"Big V, Women",10,0,1,0,0.6964,1,0,0.6891,23,18,24,75,27,81,11,2.78,1.08,6,0,0.5,0.5,0.0,1
16184029,"Super League, Playoffs",10,0,1,0,0.5257,1,0,0.5615,28,33,27,97,27,140,4,3.59,1.44,6,0,0.5,0.5,0.0,2
15347075,"NBL1 West, Women",10,1,1,1,0.7213,1,1,0.6283,22,22,23,80,27,93,1,2.96,1.16,6,0,0.5,0.5,0.0,1
16167583,"Prvenstvo Hrvatske za juniore , Skupina 3",10,0,0,1,0.3415,0,1,0.3412,29,23,23,87,27,103,37,3.22,1.18,6,0,0.5,0.5,0.0,2
16188018,"Iraqi Professional League, Iraqi Professional league",10,0,0,1,0.0352,0,1,0.1231,21,19,21,66,27,82,46,2.44,1.24,6,0,0.5,0.5,0.0,1
16188021,"Iraqi Professional League, Iraqi Professional league",10,1,1,1,0.6781,1,1,0.5285,16,15,30,76,27,80,14,2.81,1.05,6,0,0.5,0.5,0.0,1
16167576,"Prvenstvo Hrvatske za juniore , Skupina 2",10,0,0,1,0.3562,1,0,0.5913,24,28,22,83,27,102,8,3.07,1.23,6,0,0.5,0.5,0.0,2
14419299,Betsafe-LKL,10,0,0,1,0.3982,1,0,0.526,26,24,23,80,27,87,21,2.96,1.09,6,0,0.5,0.5,0.0,1
16167570,"Prvenstvo Hrvatske za juniore , Skupina 1",10,1,1,1,0.6685,1,1,0.6708,31,26,24,85,27,121,33,3.15,1.42,6,0,0.5,0.5,0.0,2
16167588,"Prvenstvo Hrvatske za juniore , Skupina 4",10,1,1,1,0.9323,1,1,0.9282,26,27,21,79,27,124,72,2.93,1.57,6,0,0.5,0.5,0.0,2
16167577,"Prvenstvo Hrvatske za juniore , Skupina 2",10,0,0,1,0.4672,1,0,0.562,30,33,29,100,27,121,17,3.7,1.21,6,0,0.5,0.5,0.0,2
16052871,"NBL Men , Regular Season",10,0,1,0,0.5725,0,1,0.3954,19,25,21,73,27,83,15,2.7,1.14,6,0,0.5,0.5,0.0,1
16188019,"Iraqi Professional League, Iraqi Professional league",10,1,1,1,0.7088,1,1,0.554,24,19,21,70,27,100,28,2.59,1.43,6,0,0.5,0.5,0.0,1
16188022,"Iraqi Professional League, Iraqi Professional league",10,0,0,1,0.3459,0,1,0.4522,19,19,27,71,27,92,14,2.63,1.3,6,0,0.5,0.5,0.0,1
14491676,Liga ACB,10,1,0,0,0.4267,1,1,0.6054,18,31,36,97,27,106,16,3.59,1.09,6,0,0.5,0.5,0.0,2
16012423,"Hungary NB 1.A, Relegation Round",10,1,1,1,0.5573,1,1,0.5949,32,28,23,94,27,136,8,3.48,1.45,6,0,0.5,0.5,0.0,2
16012428,"Hungary NB 1.A, Relegation Round",10,0,0,1,0.4134,1,0,0.5369,23,30,26,85,27,105,3,3.15,1.24,6,0,0.5,0.5,0.0,2
16012436,"Hungary NB 1.A, Relegation Round",10,0,0,1,0.3982,1,0,0.5055,23,23,26,87,27,99,1,3.22,1.14,6,0,0.5,0.5,0.0,1
16034336,Betsafe-LKL,10,1,0,0,0.441,0,0,0.452,34,33,29,111,27,128,6,4.11,1.15,6,0,0.5,0.5,0.0,2
16167571,"Prvenstvo Hrvatske za juniore , Skupina 1",10,1,0,0,0.2653,0,0,0.3811,22,27,18,77,27,105,15,2.85,1.36,6,0,0.5,0.5,0.0,2
16167589,"Prvenstvo Hrvatske za juniore , Skupina 4",10,1,1,1,0.5423,1,1,0.6171,25,40,23,93,27,131,41,3.44,1.41,6,0,0.5,0.5,0.0,2
14270326,France Pro A,10,1,1,1,0.7217,1,1,0.6215,28,26,28,92,27,112,4,3.41,1.22,6,0,0.5,0.5,0.0,2
14270327,France Pro A,10,1,0,0,0.3718,0,0,0.4543,30,21,28,91,27,105,17,3.37,1.15,6,0,0.5,0.5,0.0,2
14270328,France Pro A,10,0,0,1,0.3249,1,0,0.5864,33,37,31,114,27,147,35,4.22,1.29,6,0,0.5,0.5,0.0,2
14270330,France Pro A,10,0,1,0,0.6856,1,0,0.6368,28,25,27,93,27,110,6,3.44,1.18,6,0,0.5,0.5,0.0,2
14270331,France Pro A,10,1,1,1,0.5297,1,1,0.5263,27,29,32,98,27,113,1,3.63,1.15,6,0,0.5,0.5,0.0,2
14270332,France Pro A,10,0,0,1,0.4172,0,1,0.467,27,32,25,104,27,116,6,3.85,1.12,6,0,0.5,0.5,0.0,2
14270333,France Pro A,10,1,0,0,0.4283,1,1,0.5881,18,26,28,87,27,100,8,3.22,1.15,6,0,0.5,0.5,0.0,1
14270334,France Pro A,10,0,1,0,0.5328,1,0,0.5064,24,26,18,80,27,101,7,2.96,1.26,6,0,0.5,0.5,0.0,2
16056536,"1st Division, Championship round",10,1,1,1,0.6669,1,1,0.5823,20,31,21,83,27,120,32,3.07,1.45,6,0,0.5,0.5,0.0,2
16188020,"Iraqi Professional League, Iraqi Professional league",10,1,1,1,0.7744,0,0,0.4892,20,16,25,70,27,89,17,2.59,1.27,6,0,0.5,0.5,0.0,1
14491671,Liga ACB,10,1,0,0,0.385,1,1,0.5299,29,31,34,106,27,115,17,3.93,1.08,6,0,0.5,0.5,0.0,2
