target,model,samples_total,samples_train,samples_test,accuracy,f1,precision,recall,log_loss,brier,roc_auc
q3,logreg,2489,1991,498,0.730924,0.77592,0.720497,0.84058,0.533647,0.179522,0.804674
q3,rf,2489,1991,498,0.684739,0.753532,0.66482,0.869565,0.606219,0.208777,0.742492
q3,gb,2489,1991,498,0.706827,0.754209,0.704403,0.811594,0.553155,0.185775,0.784012
q3,ensemble_avg_prob,2489,1991,498,0.73494,0.78,0.722222,0.847826,0.543574,0.181975,0.80017
