target,model,samples_total,samples_train,samples_test,accuracy,f1,precision,recall,log_loss,brier,roc_auc
q3,logreg,4474,3579,895,0.716201,0.748016,0.703358,0.798729,0.540046,0.183932,0.801574
q3,rf,4474,3579,895,0.650279,0.714155,0.627608,0.82839,0.620146,0.21546,0.724481
q3,gb,4474,3579,895,0.70838,0.745862,0.69009,0.811441,0.562812,0.190491,0.784384
q3,ensemble_avg_prob,4474,3579,895,0.718436,0.757225,0.694346,0.832627,0.556923,0.188045,0.794897
