target,model,samples_total,samples_train,samples_test,accuracy,f1,precision,recall,log_loss,brier,roc_auc
q3,logreg,1493,1194,299,0.722408,0.766197,0.764045,0.768362,0.552831,0.181332,0.788738
q3,rf,1493,1194,299,0.662207,0.732095,0.69,0.779661,0.624174,0.216823,0.702417
q3,gb,1493,1194,299,0.715719,0.772118,0.734694,0.813559,0.562512,0.189389,0.765954
q3,ensemble_avg_prob,1493,1194,299,0.729097,0.780488,0.75,0.813559,0.555815,0.185654,0.785542
