target,model,samples_total,samples_train,samples_test,accuracy,f1,precision,recall,log_loss,brier,roc_auc
q4,logreg,2465,1972,493,0.760649,0.798635,0.75974,0.841727,0.486767,0.162141,0.841643
q4,rf,2465,1972,493,0.691684,0.771084,0.663212,0.920863,0.607651,0.209206,0.753355
q4,gb,2465,1972,493,0.74645,0.791319,0.738318,0.852518,0.511134,0.169068,0.827723
q4,ensemble_avg_prob,2465,1972,493,0.760649,0.80719,0.739521,0.888489,0.507068,0.166087,0.84616
