target,model,samples_total,samples_train,samples_test,accuracy,f1,precision,recall,log_loss,brier,roc_auc
q4,logreg,1478,1182,296,0.739865,0.791328,0.719212,0.879518,0.521053,0.174234,0.829472
q4,rf,1478,1182,296,0.621622,0.714286,0.619469,0.843373,0.646394,0.22775,0.660287
q4,gb,1478,1182,296,0.682432,0.744565,0.678218,0.825301,0.590508,0.201595,0.749583
q4,ensemble_avg_prob,1478,1182,296,0.716216,0.778947,0.691589,0.891566,0.549779,0.185093,0.794208
