target,model,samples_total,samples_train,samples_test,accuracy,f1,precision,recall,log_loss,brier,roc_auc
q4,logreg,4453,3562,891,0.758698,0.787759,0.767308,0.809331,0.470396,0.156536,0.852467
q4,rf,4453,3562,891,0.698092,0.750695,0.691126,0.821501,0.594412,0.203187,0.782671
q4,gb,4453,3562,891,0.768799,0.797642,0.773333,0.823529,0.492145,0.161515,0.843691
q4,ensemble_avg_prob,4453,3562,891,0.769921,0.801549,0.766667,0.839757,0.493911,0.16087,0.855408
